player,team,season,league,primary_position,age_num,composite_index,forecast_next_composite,forecast_rank_in_pool
Gary Magnée,Cercle Brugge,2025-2026,belgian-pro-league,DF,26.0,87.6,74.681854,1.0
Zakaria El Ouahdi,Genk,2025-2026,belgian-pro-league,DF,24.0,85.2,73.96736,2.0
Emin Bayram,Westerlo,2025-2026,belgian-pro-league,DF,23.0,86.3,71.91585,3.0
Kevin Mac Allister,Union SG,2025-2026,belgian-pro-league,DF,28.0,83.6,70.1124,4.0
Flávio Nazinho,Cercle Brugge,2025-2026,belgian-pro-league,DF,22.0,82.8,69.40511,5.0
Loïc Mbe Soh,Sint-Truiden,2025-2026,belgian-pro-league,DF,24.0,79.0,66.806114,6.0
Brandon Mechele,Club Brugge,2025-2026,belgian-pro-league,DF,33.0,83.2,66.67318,7.0
Matte Smets,Genk,2025-2026,belgian-pro-league,DF,22.0,79.0,66.051186,8.0
Bryan Reynolds,Westerlo,2025-2026,belgian-pro-league,DF,24.0,78.8,65.90032,9.0
Ibe Hautekiet,Standard Liège,2025-2026,belgian-pro-league,DF,24.0,75.6,65.614,10.0
Ross Sykes,Union SG,2025-2026,belgian-pro-league,DF,27.0,80.1,65.32111,11.0
Kyriani Sabbe,Club Brugge,2025-2026,belgian-pro-league,DF,21.0,78.3,65.308914,12.0
Aiham Ousou,Charleroi,2025-2026,belgian-pro-league,DF,26.0,79.1,65.220795,13.0
Robert-Jan Vanwesemael,Sint-Truiden,2025-2026,belgian-pro-league,DF,24.0,79.1,65.195435,14.0
Luc Marijnissen,Dender,2025-2026,belgian-pro-league,DF,23.0,75.3,65.07845,15.0
Joedrick Pupe,Sint-Truiden,2025-2026,belgian-pro-league,DF,28.0,78.7,64.20063,16.0
Ewoud Pletinckx,OH Leuven,2025-2026,belgian-pro-league,DF,25.0,74.6,63.970367,17.0
Tiago Araújo,Gent,2025-2026,belgian-pro-league,DF,25.0,73.9,63.509922,18.0
Redouane Halhal,Mechelen,2025-2026,belgian-pro-league,DF,23.0,71.0,63.33332,19.0
Joaquin Seys,Club Brugge,2025-2026,belgian-pro-league,DF,21.0,77.2,63.29569,20.0
Fabio Ferraro,Dender,2025-2026,belgian-pro-league,DF,23.0,74.0,63.28622,21.0
Yllan Okou,La Louvière,2025-2026,belgian-pro-league,DF,23.0,66.7,63.2072,22.0
Siebe Van Der Heyden,Gent,2025-2026,belgian-pro-league,DF,27.0,76.6,62.57453,23.0
Geoffrey Kondo,Cercle Brugge,2025-2026,belgian-pro-league,DF,24.0,71.8,62.258194,24.0
Mujaid Sadick,Genk,2025-2026,belgian-pro-league,DF,26.0,71.0,61.92594,25.0
Emmanuel Kakou,Cercle Brugge,2025-2026,belgian-pro-league,DF,20.0,68.0,61.677402,26.0
Ilay Camara,Anderlecht,2025-2026,belgian-pro-league,DF,23.0,65.3,61.09928,27.0
Christian Burgess,Union SG,2025-2026,belgian-pro-league,DF,34.0,75.9,60.978386,28.0
José Marsà,Mechelen,2025-2026,belgian-pro-league,DF,24.0,69.1,60.934666,29.0
Edgaras Utkus,Cercle Brugge,2025-2026,belgian-pro-league,DF,25.0,64.5,60.85099,30.0
Tobias Mohr,Standard Liège,2025-2026,belgian-pro-league,DF,30.0,74.2,60.74502,31.0
Bryan Goncalves,Dender,2025-2026,belgian-pro-league,DF,29.0,70.0,60.731785,32.0
Henry Lawrence,Standard Liège,2025-2026,belgian-pro-league,DF,24.0,60.5,60.598934,33.0
Kévin Van Den Kerkhof,Charleroi,2025-2026,belgian-pro-league,DF,30.0,75.9,60.54628,34.0
Mardochee Nzita,Charleroi,2025-2026,belgian-pro-league,DF,26.0,70.0,60.267166,35.0
Yuto Tsunashima,Antwerp,2025-2026,belgian-pro-league,DF,25.0,68.2,60.161743,36.0
Joel Ordóñez,Club Brugge,2025-2026,belgian-pro-league,DF,22.0,62.2,60.15137,37.0
Bjorn Meijer,Club Brugge,2025-2026,belgian-pro-league,DF,23.0,59.5,60.11644,38.0
David Bates,Standard Liège,2025-2026,belgian-pro-league,DF,29.0,61.6,59.978516,39.0
Roggerio Nyakossi,OH Leuven,2025-2026,belgian-pro-league,DF,22.0,62.3,59.481255,40.0
Visar Musliu,Sint-Truiden,2025-2026,belgian-pro-league,DF,31.0,66.4,59.42912,41.0
Takahiro Akimoto,OH Leuven,2025-2026,belgian-pro-league,DF,28.0,67.0,59.404285,42.0
Ali Maamar,Anderlecht,2025-2026,belgian-pro-league,DF,21.0,61.3,59.37679,43.0
Shogo Taniguchi,Sint-Truiden,2025-2026,belgian-pro-league,DF,34.0,70.2,58.78687,44.0
Christiaan Ravych,Cercle Brugge,2025-2026,belgian-pro-league,DF,23.0,61.0,58.648792,45.0
Wagane Faye,La Louvière,2025-2026,belgian-pro-league,DF,32.0,70.0,58.185905,46.0
Taiga Hata,Sint-Truiden,2025-2026,belgian-pro-league,DF,24.0,59.3,57.90831,47.0
Maksim Paskotši,Gent,2025-2026,belgian-pro-league,DF,23.0,60.1,57.733665,48.0
Maxence Maisonneuve,La Louvière,2025-2026,belgian-pro-league,DF,27.0,63.1,57.549503,49.0
Josué Homawoo,Standard Liège,2025-2026,belgian-pro-league,DF,28.0,61.9,57.529575,50.0
Fedde Leysen,Union SG,2025-2026,belgian-pro-league,DF,22.0,58.5,57.385017,51.0
Marsoni Sambu,Dender,2025-2026,belgian-pro-league,DF,29.0,68.5,57.17938,52.0
Anton Tanghe,Zulte Waregem,2025-2026,belgian-pro-league,DF,27.0,55.3,57.081497,53.0
Tuur Rommens,Westerlo,2025-2026,belgian-pro-league,DF,23.0,51.3,56.937958,54.0
Killian Sardella,Anderlecht,2025-2026,belgian-pro-league,DF,24.0,55.8,56.899384,55.0
Hugo Siquet,Club Brugge,2025-2026,belgian-pro-league,DF,23.0,55.5,56.874905,56.0
Simen Juklerød,Sint-Truiden,2025-2026,belgian-pro-league,DF,32.0,61.5,56.536297,57.0
Rein Van Helden,Sint-Truiden,2025-2026,belgian-pro-league,DF,23.0,52.7,56.297306,58.0
Tommy St. Jago,Mechelen,2025-2026,belgian-pro-league,DF,26.0,58.7,56.016064,59.0
Yaimar Medina,Genk,2025-2026,belgian-pro-league,DF,21.0,52.6,55.95392,60.0
Yannick Cappelle,Zulte Waregem,2025-2026,belgian-pro-league,DF,22.0,56.5,55.854874,61.0
Gora Diouf,Mechelen,2025-2026,belgian-pro-league,DF,22.0,50.5,55.7867,62.0
Daiki Hashioka,Gent,2025-2026,belgian-pro-league,DF,27.0,47.2,55.630997,63.0
Lewin Blum,Charleroi,2025-2026,belgian-pro-league,DF,24.0,54.7,55.45919,64.0
Ludwig Augustinsson,Anderlecht,2025-2026,belgian-pro-league,DF,32.0,62.8,55.408337,65.0
Bo De Kerf,Dender,2025-2026,belgian-pro-league,DF,22.0,42.0,55.186646,66.0
Djibril Lamego,La Louvière,2025-2026,belgian-pro-league,DF,23.0,53.6,55.021988,67.0
Jean-Kevin Duverne,Gent,2025-2026,belgian-pro-league,DF,28.0,53.1,54.64883,68.0
Moussa N'Diaye,Anderlecht,2025-2026,belgian-pro-league,DF,23.0,44.7,54.63534,69.0
Zeno Van den Bosch,Antwerp,2025-2026,belgian-pro-league,DF,22.0,51.8,54.137627,70.0
Rosen Bozhinov,Antwerp,2025-2026,belgian-pro-league,DF,21.0,47.4,54.047726,71.0
Mory Konaté,Mechelen,2025-2026,belgian-pro-league,DF,32.0,58.4,53.927185,72.0
Noë Dussenne,OH Leuven,2025-2026,belgian-pro-league,DF,34.0,57.8,53.784657,73.0
Ken Nkuba,Genk,2025-2026,belgian-pro-league,DF,24.0,49.3,53.4376,74.0
Lukas Willen,Zulte Waregem,2025-2026,belgian-pro-league,DF,23.0,46.1,53.216076,75.0
Boubakar Kouyaté,Antwerp,2025-2026,belgian-pro-league,DF,29.0,49.3,53.122375,76.0
Matties Volckaert,Gent,2025-2026,belgian-pro-league,DF,23.0,46.7,53.08275,77.0
Luc De Fougerolles,Dender,2025-2026,belgian-pro-league,DF,20.0,47.2,52.99069,78.0
Laurent Lemoine,Zulte Waregem,2025-2026,belgian-pro-league,DF,28.0,49.5,52.97491,79.0
Marlon Fossey,Standard Liège,2025-2026,belgian-pro-league,DF,27.0,50.9,52.948093,80.0
Lucas Hey,Anderlecht,2025-2026,belgian-pro-league,DF,23.0,49.3,52.92853,81.0
Moussa Diarra,Anderlecht,2025-2026,belgian-pro-league,DF,25.0,36.7,52.7437,82.0
Check Keita,Charleroi,2025-2026,belgian-pro-league,DF,23.0,46.7,52.515587,83.0
Benjamin Fredrick,Dender,2025-2026,belgian-pro-league,DF,20.0,42.3,52.49375,84.0
Ibrahim Diakité,Cercle Brugge,2025-2026,belgian-pro-league,DF,22.0,43.0,51.79661,85.0
Seiji Kimura,Westerlo,2025-2026,belgian-pro-league,DF,24.0,43.6,51.235462,86.0
Marco Kana,Anderlecht,2025-2026,belgian-pro-league,DF,23.0,44.4,51.1627,87.0
Daan Dierckx,Standard Liège,2025-2026,belgian-pro-league,DF,23.0,41.0,51.127083,88.0
Louis Patris,Sint-Truiden,2025-2026,belgian-pro-league,DF,24.0,46.8,50.997597,89.0
Mihajlo Ilić,Anderlecht,2025-2026,belgian-pro-league,DF,22.0,31.6,50.884403,90.0
Kobe Cools,Dender,2025-2026,belgian-pro-league,DF,28.0,41.3,50.272484,91.0
Andreas Verstraeten,Antwerp,2025-2026,belgian-pro-league,DF,20.0,40.4,49.63307,92.0
Takuma Ominami,OH Leuven,2025-2026,belgian-pro-league,DF,28.0,42.2,49.53853,93.0
Jorne Spileers,Club Brugge,2025-2026,belgian-pro-league,DF,21.0,37.9,48.875553,94.0
Lucas Mbamba,Westerlo,2025-2026,belgian-pro-league,DF,19.0,40.4,48.762173,95.0
Josué Kongolo,Genk,2025-2026,belgian-pro-league,DF,20.0,34.7,48.304245,96.0
Jules Gaudin,Charleroi,2025-2026,belgian-pro-league,DF,26.0,37.2,48.216015,97.0
Valy Konaté,Cercle Brugge,2025-2026,belgian-pro-league,DF,19.0,33.1,47.397247,98.0
Benoit De Jaegere,Zulte Waregem,2025-2026,belgian-pro-league,DF,22.0,32.7,47.355583,99.0
Amando Lapage,Westerlo,2025-2026,belgian-pro-league,DF,21.0,34.4,46.800335,100.0
Jakob Kiilerich,Zulte Waregem,2025-2026,belgian-pro-league,DF,26.0,36.9,46.769867,101.0
Samuel Kotto,Gent,2025-2026,belgian-pro-league,DF,22.0,34.4,46.153973,102.0
Joris Kayembe,Genk,2025-2026,belgian-pro-league,DF,31.0,39.1,45.374527,103.0
Roman Neustädter,Westerlo,2025-2026,belgian-pro-league,DF,38.0,34.1,44.05967,104.0
Glenn Bijl,Antwerp,2025-2026,belgian-pro-league,DF,30.0,31.9,43.435608,105.0
Bruny Nsimba,Dender,2025-2026,belgian-pro-league,FW,26.0,81.2,69.86804,1.0
Oh Hyeon-gyu,Genk,2025-2026,belgian-pro-league,FW,25.0,80.2,68.191925,2.0
Mateo Biondic,Union SG,2025-2026,belgian-pro-league,FW,22.0,80.8,67.72937,3.0
Kevin Rodríguez,Union SG,2025-2026,belgian-pro-league,FW,26.0,76.8,67.38752,4.0
Raul Florucz,Union SG,2025-2026,belgian-pro-league,FW,24.0,79.7,67.00388,5.0
Nicolo Tresoldi,Club Brugge,2025-2026,belgian-pro-league,FW,21.0,74.6,66.833244,6.0
Nacho Ferri,Westerlo,2025-2026,belgian-pro-league,FW,21.0,73.4,66.68706,7.0
Myron van Brederode,Mechelen,2025-2026,belgian-pro-league,FW,22.0,71.6,65.93013,8.0
Steve Ngoura,Cercle Brugge,2025-2026,belgian-pro-league,FW,21.0,70.7,65.18575,9.0
Oumar Diakité,Cercle Brugge,2025-2026,belgian-pro-league,FW,22.0,71.0,64.940994,10.0
Hyllarion Goore,Gent,2025-2026,belgian-pro-league,FW,20.0,71.3,64.86981,11.0
Pape Moussa Fall,La Louvière,2025-2026,belgian-pro-league,FW,21.0,71.4,64.78448,12.0
Max Dean,Gent,2025-2026,belgian-pro-league,FW,22.0,76.8,64.47846,13.0
Romeo Vermant,Club Brugge,2025-2026,belgian-pro-league,FW,22.0,71.7,64.24008,14.0
Promise David,Union SG,2025-2026,belgian-pro-league,FW,24.0,76.7,63.66258,15.0
Oluwaseun Adewumi,Cercle Brugge,2025-2026,belgian-pro-league,FW,21.0,62.3,63.625183,16.0
Aaron Bibout,Genk,2025-2026,belgian-pro-league,FW,21.0,70.7,63.498867,17.0
Keisuke Goto,Sint-Truiden,2025-2026,belgian-pro-league,FW,20.0,69.3,63.372723,18.0
Wilfried Kanga,Gent,2025-2026,belgian-pro-league,FW,28.0,69.1,62.571358,19.0
Mihajlo Cvetković,Anderlecht,2025-2026,belgian-pro-league,FW,19.0,65.2,62.346626,20.0
Vincent Janssen,Antwerp,2025-2026,belgian-pro-league,FW,31.0,70.0,61.858234,21.0
Jelle Vossen,Zulte Waregem,2025-2026,belgian-pro-league,FW,37.0,65.9,61.112686,22.0
Anosike Ementa,Zulte Waregem,2025-2026,belgian-pro-league,FW,24.0,64.5,60.756638,23.0
Kyan Vaesen,OH Leuven,2025-2026,belgian-pro-league,FW,25.0,69.4,60.69093,24.0
Lion Lauberbach,Mechelen,2025-2026,belgian-pro-league,FW,28.0,60.9,60.2065,25.0
Benito Raman,Mechelen,2025-2026,belgian-pro-league,FW,31.0,59.7,59.368034,26.0
Robin Mirisola,Genk,2025-2026,belgian-pro-league,FW,19.0,57.8,58.962467,27.0
Alan Minda,Cercle Brugge,2025-2026,belgian-pro-league,FW,23.0,58.0,58.498802,28.0
Bouke Boersma,Mechelen,2025-2026,belgian-pro-league,FW,20.0,56.4,57.750347,29.0
Keano Vanrafelghem,Mechelen,2025-2026,belgian-pro-league,FW,22.0,52.3,57.724777,30.0
Mohammed Fuseini,Union SG,2025-2026,belgian-pro-league,FW,24.0,42.1,57.284966,31.0
Timothée Nkada,Standard Liège,2025-2026,belgian-pro-league,FW,26.0,54.2,56.659588,32.0
Jerry Afriyie,La Louvière,2025-2026,belgian-pro-league,FW,19.0,52.8,56.28155,33.0
Andrés Ferrari,Sint-Truiden,2025-2026,belgian-pro-league,FW,23.0,51.9,56.12242,34.0
Gyrano Kerk,Antwerp,2025-2026,belgian-pro-league,FW,30.0,56.0,55.949017,35.0
Aurélien Scheidler,Charleroi,2025-2026,belgian-pro-league,FW,27.0,54.5,55.737366,36.0
Luis Vázquez,Anderlecht,2025-2026,belgian-pro-league,FW,25.0,49.2,55.048244,37.0
Sory Kaba,OH Leuven,2025-2026,belgian-pro-league,FW,30.0,52.9,55.040237,38.0
Dante Vanzeir,Cercle Brugge,2025-2026,belgian-pro-league,FW,28.0,49.0,54.073788,39.0
Abdoul Karim Traoré,OH Leuven,2025-2026,belgian-pro-league,FW,19.0,44.1,53.17841,40.0
Dennis Eckert,Standard Liège,2025-2026,belgian-pro-league,FW,29.0,45.8,51.969765,41.0
Mohamed Berte,Dender,2025-2026,belgian-pro-league,FW,24.0,37.8,51.92081,42.0
David Toshevski,Dender,2025-2026,belgian-pro-league,FW,24.0,44.2,51.45695,43.0
Chukwubuikem Ikwuemesi,OH Leuven,2025-2026,belgian-pro-league,FW,24.0,43.0,51.20157,44.0
Jusef Erabi,Genk,2025-2026,belgian-pro-league,FW,22.0,39.7,51.007786,45.0
Gerard Vandeplas,Antwerp,2025-2026,belgian-pro-league,FW,20.0,35.4,49.176132,46.0
Mo Guindo,La Louvière,2025-2026,belgian-pro-league,FW,22.0,36.1,48.065113,47.0
Oucasse Mendy,La Louvière,2025-2026,belgian-pro-league,FW,24.0,34.2,47.315548,48.0
Marwan Al Sahafi,Antwerp,2025-2026,belgian-pro-league,FW,22.0,35.9,47.141823,49.0
Thomas Henry,Standard Liège,2025-2026,belgian-pro-league,FW,31.0,38.9,46.432705,50.0
Jovan Mijatović,OH Leuven,2025-2026,belgian-pro-league,FW,20.0,35.4,45.77381,51.0
Gauthier Gallon,Dender,2025-2026,belgian-pro-league,GK,33.0,78.8,67.89317,1.0
Lucca Brughmans,Genk,2025-2026,belgian-pro-league,GK,17.0,76.9,67.69567,2.0
Leo Kokubo,Sint-Truiden,2025-2026,belgian-pro-league,GK,25.0,79.1,67.3054,3.0
Nacho Miras,Mechelen,2025-2026,belgian-pro-league,GK,28.0,79.1,66.41154,4.0
Mohamed Koné,Charleroi,2025-2026,belgian-pro-league,GK,24.0,76.7,66.35293,5.0
Kjell Scherpen,Union SG,2025-2026,belgian-pro-league,GK,26.0,78.9,66.35121,6.0
Marcos Peano,La Louvière,2025-2026,belgian-pro-league,GK,27.0,77.4,66.05723,7.0
Andreas Jungdal,Westerlo,2025-2026,belgian-pro-league,GK,24.0,71.1,64.98481,8.0
Brent Gabriël,Zulte Waregem,2025-2026,belgian-pro-league,GK,27.0,69.6,64.30994,9.0
Davy Roef,Gent,2025-2026,belgian-pro-league,GK,32.0,75.8,64.07258,10.0
Warleson,Cercle Brugge,2025-2026,belgian-pro-league,GK,29.0,67.3,63.352768,11.0
Matthieu Epolo,Standard Liège,2025-2026,belgian-pro-league,GK,21.0,65.9,62.481663,12.0
Lucas Pirard,Standard Liège,2025-2026,belgian-pro-league,GK,31.0,64.4,62.359917,13.0
Simon Mignolet,Club Brugge,2025-2026,belgian-pro-league,GK,38.0,60.6,61.463596,14.0
Taishi Nozawa,Antwerp,2025-2026,belgian-pro-league,GK,23.0,56.9,60.71912,15.0
Colin Coosemans,Anderlecht,2025-2026,belgian-pro-league,GK,33.0,61.0,59.375813,16.0
Tobe Leysen,OH Leuven,2025-2026,belgian-pro-league,GK,24.0,55.5,58.92573,17.0
Maxence Prevot,OH Leuven,2025-2026,belgian-pro-league,GK,29.0,45.3,57.54013,18.0
Tobias Lawal,Genk,2025-2026,belgian-pro-league,GK,25.0,50.8,56.899292,19.0
Vic Chambaere,Union SG,2025-2026,belgian-pro-league,GK,23.0,48.9,56.353413,20.0
Nordin Jackers,Club Brugge,2025-2026,belgian-pro-league,GK,28.0,54.1,56.275066,21.0
Ortwin De Wolf,Mechelen,2025-2026,belgian-pro-league,GK,29.0,45.2,54.87029,22.0
Maxime Delanghe,Cercle Brugge,2025-2026,belgian-pro-league,GK,24.0,42.4,51.724243,23.0
Yannick Thoelen,Antwerp,2025-2026,belgian-pro-league,GK,35.0,43.4,50.473248,24.0
Martin Delavallée,Charleroi,2025-2026,belgian-pro-league,GK,22.0,38.8,50.033195,25.0
Dani van den Heuvel,Club Brugge,2025-2026,belgian-pro-league,GK,22.0,34.8,49.54454,26.0
Hendrik Van Crombrugge,Genk,2025-2026,belgian-pro-league,GK,33.0,40.4,48.976936,27.0
Michael Verrips,Dender,2025-2026,belgian-pro-league,GK,29.0,37.2,46.827003,28.0
Guillaume Dietsch,Dender,2025-2026,belgian-pro-league,GK,25.0,35.0,45.88319,29.0
Christos Tzolis,Club Brugge,2025-2026,belgian-pro-league,MF,24.0,87.8,79.33715,1.0
Besfort Zeneli,Union SG,2025-2026,belgian-pro-league,MF,23.0,84.4,75.23454,2.0
Thorgan Hazard,Anderlecht,2025-2026,belgian-pro-league,MF,33.0,86.3,74.00124,3.0
Joseph Opoku,Zulte Waregem,2025-2026,belgian-pro-league,MF,20.0,82.6,73.10134,4.0
Carlos Forbs,Club Brugge,2025-2026,belgian-pro-league,MF,22.0,83.8,72.12858,5.0
Parfait Guiagon,Charleroi,2025-2026,belgian-pro-league,MF,25.0,84.3,71.93502,6.0
Jeppe Erenbjerg,Zulte Waregem,2025-2026,belgian-pro-league,MF,26.0,82.2,71.26482,7.0
Konstantinos Karetsas,Genk,2025-2026,belgian-pro-league,MF,18.0,82.4,70.414444,8.0
Ryotaro Ito,Sint-Truiden,2025-2026,belgian-pro-league,MF,28.0,81.7,69.73764,9.0
Kaito Matsuzawa,Sint-Truiden,2025-2026,belgian-pro-league,MF,25.0,79.5,69.55458,10.0
Hugo Vetlesen,Club Brugge,2025-2026,belgian-pro-league,MF,26.0,79.9,67.514275,11.0
Marc Giger,Union SG,2025-2026,belgian-pro-league,MF,22.0,80.2,66.95456,12.0
Daan Heymans,Genk,2025-2026,belgian-pro-league,MF,26.0,81.6,66.79561,13.0
Edan Diop,Cercle Brugge,2025-2026,belgian-pro-league,MF,21.0,79.1,66.634476,14.0
Isa Sakamoto,Westerlo,2025-2026,belgian-pro-league,MF,22.0,76.5,65.915146,15.0
Allahyar Sayyadmanesh,Westerlo,2025-2026,belgian-pro-league,MF,24.0,76.5,65.90198,16.0
Junya Ito,Genk,2025-2026,belgian-pro-league,MF,33.0,79.4,65.884796,17.0
Anthony Valencia,Antwerp,2025-2026,belgian-pro-league,MF,22.0,76.8,65.7058,18.0
Yira Sor,Genk,2025-2026,belgian-pro-league,MF,25.0,76.7,65.36936,19.0
Nilson Angulo,Anderlecht,2025-2026,belgian-pro-league,MF,22.0,81.0,65.35605,20.0
Antoine Colassin,Charleroi,2025-2026,belgian-pro-league,MF,25.0,74.9,65.01202,21.0
Marley Aké,Zulte Waregem,2025-2026,belgian-pro-league,MF,25.0,72.1,64.536415,22.0
Omri Gandelman,Gent,2025-2026,belgian-pro-league,MF,26.0,73.9,64.40393,23.0
Rafiki Said,Standard Liège,2025-2026,belgian-pro-league,MF,26.0,71.9,64.36535,24.0
Ilias Sebaoui,Sint-Truiden,2025-2026,belgian-pro-league,MF,24.0,77.0,64.09477,25.0
Patrick Pflücke,Charleroi,2025-2026,belgian-pro-league,MF,29.0,72.3,63.80015,26.0
Arbnor Muja,Sint-Truiden,2025-2026,belgian-pro-league,MF,27.0,73.3,63.579124,27.0
Casper Terho,OH Leuven,2025-2026,belgian-pro-league,MF,22.0,67.2,63.475323,28.0
Jarne Steuckers,Genk,2025-2026,belgian-pro-league,MF,24.0,68.6,63.457066,29.0
Mathieu Maertens,OH Leuven,2025-2026,belgian-pro-league,MF,31.0,73.4,63.370968,30.0
Adriano Bertaccini,Anderlecht,2025-2026,belgian-pro-league,MF,25.0,69.5,63.339104,31.0
Farouck Adekami,Antwerp,2025-2026,belgian-pro-league,MF,19.0,75.5,63.18565,32.0
Griffin Yow,Westerlo,2025-2026,belgian-pro-league,MF,23.0,69.0,63.18461,33.0
Hans Vanaken,Club Brugge,2025-2026,belgian-pro-league,MF,33.0,73.9,63.150513,34.0
Ryan Merlen,Sint-Truiden,2025-2026,belgian-pro-league,MF,24.0,68.2,62.974754,35.0
Mahamadou Doumbia,Antwerp,2025-2026,belgian-pro-league,MF,22.0,70.9,62.554226,36.0
Christopher Scott,Antwerp,2025-2026,belgian-pro-league,MF,23.0,70.5,62.51566,37.0
César Huerta,Anderlecht,2025-2026,belgian-pro-league,MF,25.0,66.0,62.5099,38.0
Josimar Alcocer,Westerlo,2025-2026,belgian-pro-league,MF,21.0,71.2,62.50059,39.0
Anouar Ait El Hadj,Union SG,2025-2026,belgian-pro-league,MF,24.0,66.9,61.927963,40.0
Shunsuke Saito,Westerlo,2025-2026,belgian-pro-league,MF,21.0,62.9,61.77313,41.0
Adnane Abid,Standard Liège,2025-2026,belgian-pro-league,MF,22.0,68.0,61.46175,42.0
Rob Schoofs,Union SG,2025-2026,belgian-pro-league,MF,32.0,69.8,61.406853,43.0
Rob Schoofs,Mechelen,2025-2026,belgian-pro-league,MF,32.0,69.5,61.321228,44.0
Antoine Bernier,Charleroi,2025-2026,belgian-pro-league,MF,28.0,70.3,61.242733,45.0
Bilal Bafdili,Mechelen,2025-2026,belgian-pro-league,MF,21.0,66.6,61.071648,46.0
Youssef Maziz,OH Leuven,2025-2026,belgian-pro-league,MF,27.0,68.9,61.06314,47.0
Nolan Gillot,La Louvière,2025-2026,belgian-pro-league,MF,23.0,69.6,60.954998,48.0
Jakob Romsaas,Charleroi,2025-2026,belgian-pro-league,MF,22.0,64.2,60.747856,49.0
Atsuki Ito,Gent,2025-2026,belgian-pro-league,MF,27.0,66.9,60.560787,50.0
Anan Khalaili,Union SG,2025-2026,belgian-pro-league,MF,21.0,71.5,60.558826,51.0
Stavros Gavriel,Zulte Waregem,2025-2026,belgian-pro-league,MF,24.0,65.7,60.501583,52.0
Ibrahima Diaby,Cercle Brugge,2025-2026,belgian-pro-league,MF,19.0,63.0,60.39353,53.0
Aleksandar Stanković,Club Brugge,2025-2026,belgian-pro-league,MF,20.0,64.4,60.327614,54.0
David Hrnčár,Dender,2025-2026,belgian-pro-league,MF,28.0,60.7,60.147495,55.0
Tristan Degreef,Anderlecht,2025-2026,belgian-pro-league,MF,21.0,61.1,59.985825,56.0
Momodou Sonko,Gent,2025-2026,belgian-pro-league,MF,21.0,62.2,59.934967,57.0
Abdelkahar Kadri,Gent,2025-2026,belgian-pro-league,MF,25.0,66.0,59.823483,58.0
Rihito Yamamoto,Sint-Truiden,2025-2026,belgian-pro-league,MF,24.0,69.9,59.810394,59.0
Michał Skóraś,Gent,2025-2026,belgian-pro-league,MF,26.0,62.3,59.654606,60.0
Łukasz Łakomy,OH Leuven,2025-2026,belgian-pro-league,MF,25.0,64.4,59.56691,61.0
Guilherme Smith,Union SG,2025-2026,belgian-pro-league,MF,22.0,60.1,59.453835,62.0
Mamadou Diakhon,Club Brugge,2025-2026,belgian-pro-league,MF,20.0,66.6,59.40793,63.0
Youssef Hamdaoui,Antwerp,2025-2026,belgian-pro-league,MF,18.0,63.8,59.11221,64.0
Roman Květ,Dender,2025-2026,belgian-pro-league,MF,28.0,60.4,58.71195,65.0
Casper Nielsen,Standard Liège,2025-2026,belgian-pro-league,MF,32.0,65.6,58.41338,66.0
Alireza Jahanbakhsh,Dender,2025-2026,belgian-pro-league,MF,32.0,61.6,58.14057,67.0
Thibaud Verlinden,OH Leuven,2025-2026,belgian-pro-league,MF,26.0,62.9,58.117195,68.0
Cisse Sandra,Club Brugge,2025-2026,belgian-pro-league,MF,22.0,55.5,57.787857,69.0
Therence Koudou,Mechelen,2025-2026,belgian-pro-league,MF,21.0,58.2,57.756245,70.0
Maxime Pau,La Louvière,2025-2026,belgian-pro-league,MF,26.0,56.6,57.658833,71.0
Thibo Somers,Antwerp,2025-2026,belgian-pro-league,MF,27.0,62.5,57.28089,72.0
Isaac Babadi,Antwerp,2025-2026,belgian-pro-league,MF,21.0,53.1,56.807846,73.0
Adem Zorgane,Union SG,2025-2026,belgian-pro-league,MF,26.0,61.4,56.76813,74.0
Siebe Schrijvers,OH Leuven,2025-2026,belgian-pro-league,MF,29.0,63.1,56.550087,75.0
Patrik Hrošovský,Genk,2025-2026,belgian-pro-league,MF,34.0,57.9,56.287632,76.0
Mathias Rasmussen,Union SG,2025-2026,belgian-pro-league,MF,28.0,56.3,56.262375,77.0
Yassine Titraoui,Charleroi,2025-2026,belgian-pro-league,MF,22.0,55.9,56.15843,78.0
Yari Verschaeren,Anderlecht,2025-2026,belgian-pro-league,MF,24.0,57.2,56.1558,79.0
Serxho Ujka,Zulte Waregem,2025-2026,belgian-pro-league,MF,27.0,56.1,55.97092,80.0
Pieter Gerkens,Cercle Brugge,2025-2026,belgian-pro-league,MF,30.0,61.7,55.8564,81.0
Charles Vanhoutte,Union SG,2025-2026,belgian-pro-league,MF,27.0,55.5,55.76763,82.0
Mathis Servais,Mechelen,2025-2026,belgian-pro-league,MF,21.0,57.6,55.633095,83.0
Nathan Saliba,Anderlecht,2025-2026,belgian-pro-league,MF,21.0,57.7,55.43839,84.0
Ragnar Oratmangoen,Dender,2025-2026,belgian-pro-league,MF,28.0,52.1,55.20115,85.0
Noah Mbamba,Dender,2025-2026,belgian-pro-league,MF,21.0,59.2,55.133175,86.0
Emran Soglo,Zulte Waregem,2025-2026,belgian-pro-league,MF,20.0,51.8,54.55456,87.0
Bill Antonio,Mechelen,2025-2026,belgian-pro-league,MF,23.0,50.5,54.157852,88.0
Matisse Samoise,Gent,2025-2026,belgian-pro-league,MF,24.0,55.1,54.1331,89.0
Raphael Onyedika,Club Brugge,2025-2026,belgian-pro-league,MF,25.0,52.4,54.038532,90.0
Jordi Liongola,La Louvière,2025-2026,belgian-pro-league,MF,26.0,62.3,53.75219,91.0
Thomas Claes,Zulte Waregem,2025-2026,belgian-pro-league,MF,22.0,53.5,53.717484,92.0
Henok Teklab,OH Leuven,2025-2026,belgian-pro-league,MF,27.0,54.2,53.530823,93.0
Kerim Mrabti,Mechelen,2025-2026,belgian-pro-league,MF,32.0,57.8,53.446922,94.0
Ousseynou Niang,Union SG,2025-2026,belgian-pro-league,MF,24.0,53.6,53.235294,95.0
Dogucan Haspolat,Westerlo,2025-2026,belgian-pro-league,MF,26.0,57.1,53.144268,96.0
Bryan Heynen,Genk,2025-2026,belgian-pro-league,MF,29.0,58.3,52.98751,97.0
Noah Adedeji,Genk,2025-2026,belgian-pro-league,MF,20.0,48.3,52.774746,98.0
Hong Hyunseok,Gent,2025-2026,belgian-pro-league,MF,26.0,45.6,52.6042,99.0
Mario Stroeykens,Anderlecht,2025-2026,belgian-pro-league,MF,21.0,44.7,52.488766,100.0
Thomas Van den Keybus,Westerlo,2025-2026,belgian-pro-league,MF,25.0,48.4,52.032772,101.0
Arthur Piedfort,Westerlo,2025-2026,belgian-pro-league,MF,21.0,54.2,51.765484,102.0
Mauricio Benítez,Antwerp,2025-2026,belgian-pro-league,MF,22.0,49.1,51.40066,103.0
Benoit Nyssen,Zulte Waregem,2025-2026,belgian-pro-league,MF,28.0,51.6,51.037426,104.0
Louis Patris,Union SG,2025-2026,belgian-pro-league,MF,24.0,46.2,50.255013,105.0
Abdoulaye Sissako,Sint-Truiden,2025-2026,belgian-pro-league,MF,27.0,54.0,50.24365,106.0
Thierry Lutonda,La Louvière,2025-2026,belgian-pro-league,MF,25.0,48.5,49.824646,107.0
Lawrence Agyekum,Cercle Brugge,2025-2026,belgian-pro-league,MF,22.0,48.3,49.680412,108.0
Óscar Gil,OH Leuven,2025-2026,belgian-pro-league,MF,29.0,50.8,49.464077,109.0
Nathan De Cat,Anderlecht,2025-2026,belgian-pro-league,MF,17.0,52.6,49.26457,110.0
Moncef Zekri,Mechelen,2025-2026,belgian-pro-league,MF,17.0,38.6,48.683037,111.0
Nayel Mehssatou,Standard Liège,2025-2026,belgian-pro-league,MF,24.0,43.1,48.522484,112.0
Mathias Delorge,Gent,2025-2026,belgian-pro-league,MF,21.0,45.9,48.32656,113.0
Etienne Camara,Charleroi,2025-2026,belgian-pro-league,MF,23.0,47.5,48.14721,114.0
Owen Maes,La Louvière,2025-2026,belgian-pro-league,MF,27.0,45.0,48.108532,115.0
Marco Ilaimaharitra,Standard Liège,2025-2026,belgian-pro-league,MF,30.0,48.6,48.048054,116.0
Wouter George,OH Leuven,2025-2026,belgian-pro-league,MF,24.0,44.4,47.69949,117.0
Nikolas Sattlberger,Genk,2025-2026,belgian-pro-league,MF,22.0,39.0,47.276497,118.0
Ibrahim Karamoko,Standard Liège,2025-2026,belgian-pro-league,MF,24.0,42.2,47.067413,119.0
Darío Fuentes,La Louvière,2025-2026,belgian-pro-league,MF,23.0,40.7,46.932907,120.0
Tibe De Vlieger,Gent,2025-2026,belgian-pro-league,MF,20.0,40.5,46.890953,121.0
Wilguens Paugain,Zulte Waregem,2025-2026,belgian-pro-league,MF,24.0,40.9,46.890156,122.0
Joël Ito,La Louvière,2025-2026,belgian-pro-league,MF,28.0,47.6,46.85173,123.0
Davis Opoku,OH Leuven,2025-2026,belgian-pro-league,MF,18.0,43.2,46.63446,124.0
Enrique Lofolomo,Zulte Waregem,2025-2026,belgian-pro-league,MF,26.0,42.4,46.473724,125.0
Dirk Asare,Zulte Waregem,2025-2026,belgian-pro-league,MF,21.0,32.6,46.07291,126.0
Malcolm Viltard,Dender,2025-2026,belgian-pro-league,MF,23.0,43.7,45.83574,127.0
Mohamed El Hankouri,Standard Liège,2025-2026,belgian-pro-league,MF,28.0,40.3,45.797386,128.0
Ibrahima Sory Bangoura,Genk,2025-2026,belgian-pro-league,MF,22.0,38.2,45.358078,129.0
Fredrik Hammer,Mechelen,2025-2026,belgian-pro-league,MF,25.0,41.7,45.1715,130.0
Gustav Mortensen,Standard Liège,2025-2026,belgian-pro-league,MF,22.0,35.7,44.969204,131.0
Yassine Khalifi,Charleroi,2025-2026,belgian-pro-league,MF,20.0,37.3,44.82775,132.0
Dikeni-Rafid Salifou,Mechelen,2025-2026,belgian-pro-league,MF,22.0,35.5,44.79094,133.0
Kamiel Van De Perre,Union SG,2025-2026,belgian-pro-league,MF,22.0,40.6,44.567028,134.0
Enric Llansana,Anderlecht,2025-2026,belgian-pro-league,MF,25.0,40.3,44.544823,135.0
Daam Foulon,Antwerp,2025-2026,belgian-pro-league,MF,27.0,44.5,44.392086,136.0
Xander Dierckx,Antwerp,2025-2026,belgian-pro-league,MF,17.0,31.6,43.96409,137.0
Samuel Gueulette,La Louvière,2025-2026,belgian-pro-league,MF,26.0,34.8,43.423985,138.0
Leonardo da Silva Lopes,Gent,2025-2026,belgian-pro-league,MF,27.0,40.2,43.16941,139.0
Sami Lahssaini,La Louvière,2025-2026,belgian-pro-league,MF,27.0,41.8,42.61065,140.0
Hakim Sahabo,Standard Liège,2025-2026,belgian-pro-league,MF,20.0,31.5,41.880863,141.0
Tochukwu Nnadi,Zulte Waregem,2025-2026,belgian-pro-league,MF,22.0,33.2,41.749535,142.0
Semm Renders,Antwerp,2025-2026,belgian-pro-league,MF,18.0,29.8,41.10907,143.0
Nathan Rôdes,Dender,2025-2026,belgian-pro-league,MF,28.0,35.2,40.2008,144.0
Hannes Van der Bruggen,Cercle Brugge,2025-2026,belgian-pro-league,MF,33.0,39.8,40.05763,145.0
Birger Verstraete,OH Leuven,2025-2026,belgian-pro-league,MF,32.0,31.2,39.250374,146.0
Dennis Praet,Antwerp,2025-2026,belgian-pro-league,MF,32.0,38.2,38.654198,147.0
Maximilian Mittelstädt,Stuttgart,2025-2026,bundesliga,DF,29.0,89.9,79.61014,1.0
David Raum,RB Leipzig,2025-2026,bundesliga,DF,28.0,88.4,77.71956,2.0
Konrad Laimer,Bayern Munich,2025-2026,bundesliga,DF,28.0,84.0,75.43933,3.0
Ridle Baku,RB Leipzig,2025-2026,bundesliga,DF,28.0,86.5,73.55719,4.0
Alphonso Davies,Bayern Munich,2025-2026,bundesliga,DF,25.0,75.5,72.65947,5.0
Luka Vušković,Hamburger SV,2025-2026,bundesliga,DF,19.0,85.0,72.140205,6.0
Nico Schlotterbeck,Dortmund,2025-2026,bundesliga,DF,26.0,85.0,70.9393,7.0
Waldemar Anton,Dortmund,2025-2026,bundesliga,DF,29.0,82.7,70.42543,8.0
Leopold Querfeld,Union Berlin,2025-2026,bundesliga,DF,22.0,81.9,70.29468,9.0
Danilho Doekhi,Union Berlin,2025-2026,bundesliga,DF,27.0,80.7,69.65393,10.0
Edmond Tapsoba,Leverkusen,2025-2026,bundesliga,DF,27.0,80.3,69.01334,11.0
Emre Can,Dortmund,2025-2026,bundesliga,DF,32.0,73.2,68.62478,12.0
Philipp Sander,Gladbach,2025-2026,bundesliga,DF,28.0,82.4,68.27531,13.0
Willi Orban,RB Leipzig,2025-2026,bundesliga,DF,33.0,81.5,67.59002,14.0
Patrick Mainka,Heidenheim,2025-2026,bundesliga,DF,31.0,80.7,67.46404,15.0
Vladimír Coufal,Hoffenheim,2025-2026,bundesliga,DF,33.0,84.6,66.87788,16.0
Kevin Diks,Gladbach,2025-2026,bundesliga,DF,29.0,80.5,66.79441,17.0
Albian Hajdari,Hoffenheim,2025-2026,bundesliga,DF,23.0,79.5,66.47962,18.0
Nicolás Capaldo,Hamburger SV,2025-2026,bundesliga,DF,27.0,80.2,66.22094,19.0
Hiroki Ito,Bayern Munich,2025-2026,bundesliga,DF,27.0,79.0,66.127716,20.0
Konstantinos Koulierakis,Wolfsburg,2025-2026,bundesliga,DF,22.0,77.9,66.00777,21.0
Robin Koch,Eintracht Frankfurt,2025-2026,bundesliga,DF,29.0,78.9,65.93389,22.0
Jarell Quansah,Leverkusen,2025-2026,bundesliga,DF,23.0,72.6,65.80303,23.0
Danny da Costa,Mainz 05,2025-2026,bundesliga,DF,32.0,78.1,65.76337,24.0
Matthias Ginter,Freiburg,2025-2026,bundesliga,DF,32.0,71.9,65.49484,25.0
Max Finkgräfe,RB Leipzig,2025-2026,bundesliga,DF,22.0,79.6,64.964165,26.0
Ramy Bensebaini,Dortmund,2025-2026,bundesliga,DF,31.0,74.0,64.77227,27.0
Tom Bischof,Bayern Munich,2025-2026,bundesliga,DF,20.0,72.9,63.998806,28.0
Castello Lukeba,RB Leipzig,2025-2026,bundesliga,DF,23.0,66.1,63.902412,29.0
Ozan Kabak,Hoffenheim,2025-2026,bundesliga,DF,26.0,72.2,63.816887,30.0
Josip Stanišić,Bayern Munich,2025-2026,bundesliga,DF,26.0,72.8,63.80343,31.0
Arthur Chaves,Augsburg,2025-2026,bundesliga,DF,25.0,72.4,63.776154,32.0
Kacper Potulski,Mainz 05,2025-2026,bundesliga,DF,18.0,74.5,63.67805,33.0
Arthur Theate,Eintracht Frankfurt,2025-2026,bundesliga,DF,25.0,66.9,63.226685,34.0
Dominik Kohr,Mainz 05,2025-2026,bundesliga,DF,32.0,75.1,62.87864,35.0
Nico Elvedi,Gladbach,2025-2026,bundesliga,DF,29.0,73.7,62.357307,36.0
Rasmus Kristensen,Eintracht Frankfurt,2025-2026,bundesliga,DF,28.0,67.6,61.933865,37.0
Loïc Bade,Leverkusen,2025-2026,bundesliga,DF,26.0,61.0,61.263702,38.0
Lukas Kübler,Freiburg,2025-2026,bundesliga,DF,33.0,73.7,61.247757,39.0
Lukas Ullrich,Gladbach,2025-2026,bundesliga,DF,22.0,50.9,61.208202,40.0
Luca Reggiani,Dortmund,2025-2026,bundesliga,DF,18.0,63.7,61.00963,41.0
Dayot Upamecano,Bayern Munich,2025-2026,bundesliga,DF,27.0,68.2,61.00122,42.0
Marco Friedl,Werder Bremen,2025-2026,bundesliga,DF,28.0,69.4,60.72371,43.0
Josha Vagnoman,Stuttgart,2025-2026,bundesliga,DF,25.0,65.4,60.56486,44.0
Aaron Zehnter,Wolfsburg,2025-2026,bundesliga,DF,21.0,57.0,60.39563,45.0
Sebastian Sebulonsen,Köln,2025-2026,bundesliga,DF,26.0,63.5,60.25025,46.0
Kristoffer Lund,Köln,2025-2026,bundesliga,DF,24.0,57.8,60.17034,47.0
Eric Smith,St Pauli,2025-2026,bundesliga,DF,29.0,68.6,60.161285,48.0
Philipp Treu,Freiburg,2025-2026,bundesliga,DF,25.0,63.3,59.999386,49.0
Noahkai Banks,Augsburg,2025-2026,bundesliga,DF,19.0,61.0,59.926735,50.0
Diogo Leite,Union Berlin,2025-2026,bundesliga,DF,27.0,65.6,59.89261,51.0
Bernardo,Hoffenheim,2025-2026,bundesliga,DF,31.0,70.3,59.804947,52.0
Nnamdi Collins,Eintracht Frankfurt,2025-2026,bundesliga,DF,22.0,64.2,59.720146,53.0
Joe Scally,Gladbach,2025-2026,bundesliga,DF,23.0,56.7,59.528458,54.0
Sael Kumbedi,Wolfsburg,2025-2026,bundesliga,DF,21.0,67.6,59.519123,55.0
Keven Schlotterbeck,Augsburg,2025-2026,bundesliga,DF,29.0,69.7,59.491913,56.0
Stanley N'Soki,Union Berlin,2025-2026,bundesliga,DF,27.0,65.5,59.302006,57.0
Yukinari Sugawara,Werder Bremen,2025-2026,bundesliga,DF,25.0,64.8,58.943172,58.0
Hannes Behrens,Heidenheim,2025-2026,bundesliga,DF,21.0,58.8,58.81421,59.0
Hauke Wahl,St Pauli,2025-2026,bundesliga,DF,32.0,71.1,58.7426,60.0
Luca Jaquez,Stuttgart,2025-2026,bundesliga,DF,22.0,50.4,58.679737,61.0
Cenk Özkacar,Köln,2025-2026,bundesliga,DF,25.0,58.0,58.558918,62.0
Stefan Bell,Mainz 05,2025-2026,bundesliga,DF,34.0,62.4,58.457706,63.0
Tomoya Ando,St Pauli,2025-2026,bundesliga,DF,27.0,58.0,58.316944,64.0
Jonas Föhrenbach,Heidenheim,2025-2026,bundesliga,DF,30.0,65.9,58.23018,65.0
Cedric Zesiger,Augsburg,2025-2026,bundesliga,DF,27.0,56.0,58.091328,66.0
Jeanuël Belocian,Wolfsburg,2025-2026,bundesliga,DF,21.0,51.7,57.974216,67.0
Abdoul Coulibaly,Werder Bremen,2025-2026,bundesliga,DF,18.0,47.2,57.951897,68.0
Robin Hranáč,Hoffenheim,2025-2026,bundesliga,DF,26.0,58.3,57.882763,69.0
Aurele Amenda,Eintracht Frankfurt,2025-2026,bundesliga,DF,22.0,53.6,57.86667,70.0
Ramon Hendriks,Stuttgart,2025-2026,bundesliga,DF,24.0,58.3,57.763466,71.0
Robert Andrich,Leverkusen,2025-2026,bundesliga,DF,31.0,64.4,57.728725,72.0
Chrislain Matsima,Augsburg,2025-2026,bundesliga,DF,24.0,57.1,57.71211,73.0
Rav van den Berg,Köln,2025-2026,bundesliga,DF,21.0,48.6,57.69109,74.0
Jahmai Simpson-Pusey,Köln,2025-2026,bundesliga,DF,20.0,44.1,57.6692,75.0
Philipp Lienhart,Freiburg,2025-2026,bundesliga,DF,29.0,46.0,57.632874,76.0
Jordan Torunarigha,Hamburger SV,2025-2026,bundesliga,DF,28.0,60.2,57.23537,77.0
Lorenz Assignon,Stuttgart,2025-2026,bundesliga,DF,25.0,45.7,56.846504,78.0
Omar Traoré,Heidenheim,2025-2026,bundesliga,DF,28.0,51.6,56.619648,79.0
Jenson Seelt,Wolfsburg,2025-2026,bundesliga,DF,22.0,40.3,56.54756,80.0
Stefan Posch,Mainz 05,2025-2026,bundesliga,DF,29.0,44.8,56.510967,81.0
Joël Schmied,Köln,2025-2026,bundesliga,DF,27.0,41.3,56.46424,82.0
Marnon Busch,Heidenheim,2025-2026,bundesliga,DF,31.0,53.4,56.36463,83.0
Jonathan Tah,Bayern Munich,2025-2026,bundesliga,DF,30.0,62.5,56.361805,84.0
Amos Pieper,Werder Bremen,2025-2026,bundesliga,DF,28.0,52.9,56.258083,85.0
Jordy Makengo,Freiburg,2025-2026,bundesliga,DF,24.0,45.0,56.194782,86.0
Kilian Fischer,Wolfsburg,2025-2026,bundesliga,DF,25.0,44.2,55.820133,87.0
Adam Dźwigała,St Pauli,2025-2026,bundesliga,DF,30.0,51.9,55.790676,88.0
Warmed Omari,Hamburger SV,2025-2026,bundesliga,DF,26.0,50.0,55.695705,89.0
Finn Jeltsch,Stuttgart,2025-2026,bundesliga,DF,19.0,48.2,55.496,90.0
Olivier Deman,Werder Bremen,2025-2026,bundesliga,DF,26.0,42.3,55.47415,91.0
Denis Vavro,Wolfsburg,2025-2026,bundesliga,DF,30.0,49.9,55.34219,92.0
Kim Min-jae,Bayern Munich,2025-2026,bundesliga,DF,29.0,50.4,55.26561,93.0
Moritz Jenz,Wolfsburg,2025-2026,bundesliga,DF,27.0,50.7,55.156357,94.0
Julian Chabot,Stuttgart,2025-2026,bundesliga,DF,28.0,49.1,54.67919,95.0
Felix Agu,Werder Bremen,2025-2026,bundesliga,DF,26.0,40.1,54.522324,96.0
Max Rosenfelder,Freiburg,2025-2026,bundesliga,DF,23.0,37.8,54.44,97.0
Anthony Jung,Freiburg,2025-2026,bundesliga,DF,34.0,43.2,54.25132,98.0
Sacha Boey,Bayern Munich,2025-2026,bundesliga,DF,25.0,38.4,54.172062,99.0
Benedikt Gimber,Heidenheim,2025-2026,bundesliga,DF,29.0,46.8,54.112804,100.0
El Chadaille Bitshiabu,RB Leipzig,2025-2026,bundesliga,DF,21.0,35.2,54.053642,101.0
Karol Mets,St Pauli,2025-2026,bundesliga,DF,33.0,53.5,53.73357,102.0
Jeffrey Gouweleeuw,Augsburg,2025-2026,bundesliga,DF,34.0,48.8,53.713676,103.0
Fabio Chiarodia,Gladbach,2025-2026,bundesliga,DF,20.0,35.5,53.52893,104.0
Daniel Elfadli,Hamburger SV,2025-2026,bundesliga,DF,29.0,42.4,53.24983,105.0
Christian Günter,Freiburg,2025-2026,bundesliga,DF,33.0,47.7,53.087585,106.0
Ifechukwu Ogbus,Freiburg,2025-2026,bundesliga,DF,20.0,32.9,52.949593,107.0
Timo Hübers,Köln,2025-2026,bundesliga,DF,29.0,39.5,52.694157,108.0
Lennard Maloney,Mainz 05,2025-2026,bundesliga,DF,26.0,37.1,52.585995,109.0
Tim Siersleben,Heidenheim,2025-2026,bundesliga,DF,26.0,35.6,52.441177,110.0
Niklas Süle,Dortmund,2025-2026,bundesliga,DF,30.0,40.5,51.85496,111.0
Julián Malatini,Werder Bremen,2025-2026,bundesliga,DF,24.0,34.8,51.474613,112.0
Niklas Stark,Werder Bremen,2025-2026,bundesliga,DF,31.0,38.2,51.255795,113.0
Andreas Hanche-Olsen,Mainz 05,2025-2026,bundesliga,DF,29.0,39.7,50.925716,114.0
Harry Kane,Bayern Munich,2025-2026,bundesliga,FW,32.0,91.5,85.36686,1.0
Deniz Undav,Stuttgart,2025-2026,bundesliga,FW,29.0,85.6,79.08257,2.0
Yan Diomandé,RB Leipzig,2025-2026,bundesliga,FW,19.0,84.8,76.47539,3.0
Luca Waldschmidt,Köln,2025-2026,bundesliga,FW,30.0,86.8,73.882065,4.0
Patrik Schick,Leverkusen,2025-2026,bundesliga,FW,30.0,80.1,72.6291,5.0
Said El Mala,Köln,2025-2026,bundesliga,FW,19.0,80.9,71.440926,6.0
Serhou Guirassy,Dortmund,2025-2026,bundesliga,FW,30.0,78.8,69.34128,7.0
Rômulo,RB Leipzig,2025-2026,bundesliga,FW,24.0,78.9,68.91938,8.0
Ermedin Demirović,Stuttgart,2025-2026,bundesliga,FW,28.0,76.9,67.349686,9.0
Igor Matanovic,Freiburg,2025-2026,bundesliga,FW,23.0,73.4,67.08485,10.0
Jonathan Burkardt,Eintracht Frankfurt,2025-2026,bundesliga,FW,25.0,77.2,66.512566,11.0
Nicolas Jackson,Bayern Munich,2025-2026,bundesliga,FW,24.0,79.6,66.23615,12.0
Fisnik Asllani,Hoffenheim,2025-2026,bundesliga,FW,23.0,72.3,66.160675,13.0
Dženan Pejčinović,Wolfsburg,2025-2026,bundesliga,FW,21.0,64.6,64.9871,14.0
Ragnar Ache,Köln,2025-2026,bundesliga,FW,27.0,72.5,64.41097,15.0
Tim Lemperle,Hoffenheim,2025-2026,bundesliga,FW,24.0,63.8,63.29635,16.0
Nelson Weiper,Mainz 05,2025-2026,bundesliga,FW,21.0,44.7,63.107067,17.0
Christian Kofane,Leverkusen,2025-2026,bundesliga,FW,19.0,69.8,62.877975,18.0
Haris Tabakovic,Gladbach,2025-2026,bundesliga,FW,31.0,69.7,62.64862,19.0
Phillip Tietz,Mainz 05,2025-2026,bundesliga,FW,28.0,65.4,62.6404,20.0
Stefan Schimmer,Heidenheim,2025-2026,bundesliga,FW,32.0,69.1,62.202995,21.0
Budu Zivzivadze,Heidenheim,2025-2026,bundesliga,FW,32.0,65.5,62.032257,22.0
Mohamed Amoura,Wolfsburg,2025-2026,bundesliga,FW,26.0,64.5,61.90882,23.0
Antonio Nusa,RB Leipzig,2025-2026,bundesliga,FW,21.0,58.3,61.79944,24.0
Michael Gregoritsch,Augsburg,2025-2026,bundesliga,FW,32.0,69.2,61.657726,25.0
Sheraldo Becker,Mainz 05,2025-2026,bundesliga,FW,31.0,64.7,61.59793,26.0
Conrad Harder,RB Leipzig,2025-2026,bundesliga,FW,21.0,63.6,61.366806,27.0
Armindo Sieb,Mainz 05,2025-2026,bundesliga,FW,23.0,51.6,61.191605,28.0
Andrej Ilic,Union Berlin,2025-2026,bundesliga,FW,26.0,63.2,60.701443,29.0
Fábio Silva,Dortmund,2025-2026,bundesliga,FW,23.0,60.3,60.555725,30.0
Justin Njinmah,Werder Bremen,2025-2026,bundesliga,FW,25.0,51.0,60.176956,31.0
Rodrigo Ribeiro,Augsburg,2025-2026,bundesliga,FW,21.0,49.8,60.058937,32.0
Andreas Hountondji,St Pauli,2025-2026,bundesliga,FW,23.0,55.3,59.922443,33.0
Oliver Burke,Union Berlin,2025-2026,bundesliga,FW,29.0,57.6,59.03731,34.0
Jovan Milošević,Werder Bremen,2025-2026,bundesliga,FW,20.0,56.2,58.612724,35.0
Rayan Philippe,Hamburger SV,2025-2026,bundesliga,FW,25.0,53.6,58.43979,36.0
Johan Bakayoko,RB Leipzig,2025-2026,bundesliga,FW,23.0,45.0,58.434967,37.0
Marvin Pieringer,Heidenheim,2025-2026,bundesliga,FW,26.0,48.3,57.832905,38.0
Arnaud Kalimuendo,Eintracht Frankfurt,2025-2026,bundesliga,FW,24.0,48.0,57.819572,39.0
Jean-Luc Dompé,Hamburger SV,2025-2026,bundesliga,FW,30.0,47.0,57.184116,40.0
Marius Bülter,Köln,2025-2026,bundesliga,FW,33.0,56.1,57.005966,41.0
Robert Glatzel,Hamburger SV,2025-2026,bundesliga,FW,32.0,59.4,56.98169,42.0
Lucas Höler,Freiburg,2025-2026,bundesliga,FW,31.0,47.7,56.4625,43.0
Benedict Hollerbach,Mainz 05,2025-2026,bundesliga,FW,25.0,47.8,56.37098,44.0
Ransford Königsdörffer,Hamburger SV,2025-2026,bundesliga,FW,24.0,45.3,55.573544,45.0
Shuto Machino,Gladbach,2025-2026,bundesliga,FW,26.0,47.3,55.36122,46.0
Jonas Wind,Wolfsburg,2025-2026,bundesliga,FW,27.0,38.3,55.03052,47.0
Damion Downs,Hamburger SV,2025-2026,bundesliga,FW,21.0,34.6,54.777317,48.0
Keke Topp,Werder Bremen,2025-2026,bundesliga,FW,22.0,36.8,53.47622,49.0
Martijn Kaars,St Pauli,2025-2026,bundesliga,FW,27.0,40.9,53.334198,50.0
Mikkel Kaufmann,Heidenheim,2025-2026,bundesliga,FW,25.0,37.7,53.207912,51.0
Gregor Kobel,Dortmund,2025-2026,bundesliga,GK,28.0,86.5,74.454865,1.0
Moritz Nicolas,Gladbach,2025-2026,bundesliga,GK,28.0,86.7,72.99705,2.0
Alexander Nübel,Stuttgart,2025-2026,bundesliga,GK,29.0,85.9,71.813225,3.0
Nikola Vasilj,St Pauli,2025-2026,bundesliga,GK,30.0,77.3,66.85704,4.0
Daniel Heuer Fernandes,Hamburger SV,2025-2026,bundesliga,GK,33.0,77.0,65.951164,5.0
Noah Atubolu,Freiburg,2025-2026,bundesliga,GK,23.0,64.7,64.645386,6.0
Janis Blaswich,Leverkusen,2025-2026,bundesliga,GK,35.0,75.8,63.652428,7.0
Mio Backhaus,Werder Bremen,2025-2026,bundesliga,GK,22.0,61.9,63.187027,8.0
Oliver Baumann,Hoffenheim,2025-2026,bundesliga,GK,35.0,67.5,62.610046,9.0
Jonas Urbig,Bayern Munich,2025-2026,bundesliga,GK,22.0,61.5,62.398445,10.0
Daniel Batz,Mainz 05,2025-2026,bundesliga,GK,35.0,73.4,61.248783,11.0
Finn Dahmen,Augsburg,2025-2026,bundesliga,GK,28.0,58.7,61.015633,12.0
Péter Gulácsi,RB Leipzig,2025-2026,bundesliga,GK,36.0,65.6,59.916977,13.0
Manuel Neuer,Bayern Munich,2025-2026,bundesliga,GK,40.0,60.6,59.245087,14.0
Maarten Vandevoordt,RB Leipzig,2025-2026,bundesliga,GK,24.0,46.6,58.718365,15.0
Marvin Schwäbe,Köln,2025-2026,bundesliga,GK,31.0,53.0,58.399406,16.0
Kamil Grabara,Wolfsburg,2025-2026,bundesliga,GK,27.0,51.8,57.23356,17.0
Michael Zetterer,Eintracht Frankfurt,2025-2026,bundesliga,GK,30.0,54.9,57.101707,18.0
Mark Flekken,Leverkusen,2025-2026,bundesliga,GK,32.0,52.1,56.564976,19.0
Kauã Santos,Eintracht Frankfurt,2025-2026,bundesliga,GK,23.0,33.8,55.325466,20.0
Diant Ramaj,Heidenheim,2025-2026,bundesliga,GK,24.0,44.3,55.181366,21.0
Robin Zentner,Mainz 05,2025-2026,bundesliga,GK,31.0,44.5,53.380222,22.0
Frederik Rønnow,Union Berlin,2025-2026,bundesliga,GK,33.0,39.4,50.052902,23.0
Michael Olise,Bayern Munich,2025-2026,bundesliga,MF,24.0,90.8,83.63604,1.0
Jamal Musiala,Bayern Munich,2025-2026,bundesliga,MF,23.0,86.2,82.44708,2.0
Luis Díaz,Bayern Munich,2025-2026,bundesliga,MF,29.0,89.1,82.17921,3.0
Serge Gnabry,Bayern Munich,2025-2026,bundesliga,MF,30.0,85.5,79.14099,4.0
Nadiem Amiri,Mainz 05,2025-2026,bundesliga,MF,29.0,84.5,79.11349,5.0
Andrej Kramarić,Hoffenheim,2025-2026,bundesliga,MF,34.0,86.4,78.45544,6.0
Christoph Baumgartner,RB Leipzig,2025-2026,bundesliga,MF,26.0,85.3,75.99921,7.0
Lennart Karl,Bayern Munich,2025-2026,bundesliga,MF,18.0,86.2,75.99771,8.0
Brajan Gruda,RB Leipzig,2025-2026,bundesliga,MF,21.0,84.9,75.88066,9.0
Chris Führich,Stuttgart,2025-2026,bundesliga,MF,28.0,84.3,75.37781,10.0
Álex Grimaldo,Leverkusen,2025-2026,bundesliga,MF,30.0,80.9,74.61477,11.0
Romano Schmid,Werder Bremen,2025-2026,bundesliga,MF,26.0,81.4,74.381516,12.0
Karim Adeyemi,Dortmund,2025-2026,bundesliga,MF,24.0,82.6,73.86634,13.0
Julian Brandt,Dortmund,2025-2026,bundesliga,MF,30.0,81.7,73.815056,14.0
Maximilian Beier,Dortmund,2025-2026,bundesliga,MF,23.0,83.5,72.62114,15.0
Can Uzun,Eintracht Frankfurt,2025-2026,bundesliga,MF,20.0,82.7,72.466835,16.0
Jamie Leweling,Stuttgart,2025-2026,bundesliga,MF,25.0,80.8,71.89755,17.0
Ibrahim Maza,Leverkusen,2025-2026,bundesliga,MF,20.0,82.5,71.58718,18.0
Bazoumana Touré,Hoffenheim,2025-2026,bundesliga,MF,20.0,81.8,70.60477,19.0
Vincenzo Grifo,Freiburg,2025-2026,bundesliga,MF,33.0,78.0,70.505196,20.0
Raphaël Guerreiro,Bayern Munich,2025-2026,bundesliga,MF,32.0,77.6,70.38294,21.0
Nikolas Nartey,Stuttgart,2025-2026,bundesliga,MF,26.0,80.1,69.669495,22.0
Ernest Poku,Leverkusen,2025-2026,bundesliga,MF,22.0,78.0,68.955925,23.0
Albert Grønbaek,Hamburger SV,2025-2026,bundesliga,MF,24.0,82.1,68.90485,24.0
Mert Kömür,Augsburg,2025-2026,bundesliga,MF,20.0,76.2,68.71258,25.0
Nathan Tella,Leverkusen,2025-2026,bundesliga,MF,26.0,76.5,68.50536,26.0
Jean Mattéo Bahoya,Eintracht Frankfurt,2025-2026,bundesliga,MF,21.0,73.7,67.53888,27.0
Bilal El Khannouss,Stuttgart,2025-2026,bundesliga,MF,22.0,77.9,67.44026,28.0
Joshua Kimmich,Bayern Munich,2025-2026,bundesliga,MF,31.0,69.9,67.40656,29.0
Assan Ouedraogo,RB Leipzig,2025-2026,bundesliga,MF,20.0,78.6,67.36792,30.0
Anton Kade,Augsburg,2025-2026,bundesliga,MF,22.0,76.6,67.23861,31.0
Arijon Ibrahimović,Heidenheim,2025-2026,bundesliga,MF,20.0,76.7,67.174805,32.0
Malik Tillman,Leverkusen,2025-2026,bundesliga,MF,23.0,74.7,66.80964,33.0
Tiago Tomás,Stuttgart,2025-2026,bundesliga,MF,23.0,78.5,66.69204,34.0
Jens Stage,Werder Bremen,2025-2026,bundesliga,MF,29.0,75.5,66.533844,35.0
Fabio Vieira,Hamburger SV,2025-2026,bundesliga,MF,25.0,77.6,66.33938,36.0
Ritsu Doan,Eintracht Frankfurt,2025-2026,bundesliga,MF,27.0,77.7,66.146736,37.0
Jakub Kamiński,Köln,2025-2026,bundesliga,MF,23.0,73.3,65.97352,38.0
Angelo Stiller,Stuttgart,2025-2026,bundesliga,MF,25.0,66.8,65.89922,39.0
Johan Manzambi,Freiburg,2025-2026,bundesliga,MF,20.0,74.1,65.50646,40.0
Alexis Claude-Maurice,Augsburg,2025-2026,bundesliga,MF,27.0,77.0,65.19428,41.0
Leon Goretzka,Bayern Munich,2025-2026,bundesliga,MF,31.0,71.2,65.177895,42.0
Derry Scherhant,Freiburg,2025-2026,bundesliga,MF,23.0,74.2,65.11706,43.0
Paul Nebel,Mainz 05,2025-2026,bundesliga,MF,23.0,73.7,65.096535,44.0
Martin Terrier,Leverkusen,2025-2026,bundesliga,MF,29.0,74.4,64.913445,45.0
Grischa Prömel,Hoffenheim,2025-2026,bundesliga,MF,31.0,73.6,64.80387,46.0
Fares Chaïbi,Eintracht Frankfurt,2025-2026,bundesliga,MF,23.0,74.4,64.776054,47.0
Fabian Rieder,Augsburg,2025-2026,bundesliga,MF,24.0,69.6,64.701614,48.0
Ansgar Knauff,Eintracht Frankfurt,2025-2026,bundesliga,MF,24.0,70.9,64.5863,49.0
Julian Ryerson,Dortmund,2025-2026,bundesliga,MF,28.0,70.9,64.53494,50.0
Patrick Wimmer,Wolfsburg,2025-2026,bundesliga,MF,24.0,74.8,64.52361,51.0
Felix Nmecha,Dortmund,2025-2026,bundesliga,MF,25.0,65.5,64.39406,52.0
Yuito Suzuki,Freiburg,2025-2026,bundesliga,MF,24.0,71.7,64.23646,53.0
Sirlord Conteh,Heidenheim,2025-2026,bundesliga,MF,29.0,69.3,63.687843,54.0
Mattias Svanberg,Wolfsburg,2025-2026,bundesliga,MF,27.0,67.3,63.624554,55.0
Jonas Hofmann,Leverkusen,2025-2026,bundesliga,MF,33.0,68.8,63.48548,56.0
Samuel Mbangula,Werder Bremen,2025-2026,bundesliga,MF,22.0,68.6,63.32561,57.0
Lucas Vázquez,Leverkusen,2025-2026,bundesliga,MF,34.0,76.8,63.2268,58.0
Lovro Majer,Wolfsburg,2025-2026,bundesliga,MF,28.0,68.8,63.216057,59.0
Alessio Castro-Montes,Köln,2025-2026,bundesliga,MF,29.0,71.5,62.37768,60.0
Adam Daghim,Wolfsburg,2025-2026,bundesliga,MF,20.0,69.8,62.1837,61.0
Christian Eriksen,Wolfsburg,2025-2026,bundesliga,MF,34.0,73.9,62.095184,62.0
Alexander Prass,Hoffenheim,2025-2026,bundesliga,MF,24.0,67.8,62.094425,63.0
Danel Sinani,St Pauli,2025-2026,bundesliga,MF,29.0,71.5,62.04659,64.0
Ilyas Ansah,Union Berlin,2025-2026,bundesliga,MF,21.0,64.5,61.56777,65.0
Adrian Beck,Heidenheim,2025-2026,bundesliga,MF,28.0,61.7,61.41556,66.0
Jan-Niklas Beste,Freiburg,2025-2026,bundesliga,MF,27.0,68.8,61.260876,67.0
Jeong Woo-yeong,Union Berlin,2025-2026,bundesliga,MF,26.0,61.3,61.036125,68.0
Dimitris Giannoulis,Augsburg,2025-2026,bundesliga,MF,30.0,66.2,60.87368,69.0
Xaver Schlager,RB Leipzig,2025-2026,bundesliga,MF,28.0,60.9,60.765053,70.0
Linton Maina,Köln,2025-2026,bundesliga,MF,26.0,60.2,60.579464,71.0
Yan Couto,Dortmund,2025-2026,bundesliga,MF,23.0,63.6,60.371223,72.0
Wael Mohya,Gladbach,2025-2026,bundesliga,MF,17.0,65.0,60.362473,73.0
Livan Burcu,Union Berlin,2025-2026,bundesliga,MF,21.0,62.6,60.22408,74.0
Hugo Bolin,Gladbach,2025-2026,bundesliga,MF,22.0,60.1,60.125706,75.0
Ayoube Amaimouni Echghouyab,Eintracht Frankfurt,2025-2026,bundesliga,MF,21.0,63.0,60.10777,76.0
Carney Chukwuemeka,Dortmund,2025-2026,bundesliga,MF,22.0,59.1,60.074333,77.0
Philip Otele,Hamburger SV,2025-2026,bundesliga,MF,27.0,62.4,60.03296,78.0
Marius Wolf,Augsburg,2025-2026,bundesliga,MF,30.0,60.0,59.79787,79.0
Franck Honorat,Gladbach,2025-2026,bundesliga,MF,29.0,63.6,59.7752,80.0
Marco Grüll,Werder Bremen,2025-2026,bundesliga,MF,27.0,63.7,59.775177,81.0
Mathias Honsak,Heidenheim,2025-2026,bundesliga,MF,29.0,65.1,59.5559,82.0
Mahmoud Dahoud,Eintracht Frankfurt,2025-2026,bundesliga,MF,30.0,63.3,59.290768,83.0
Wouter Burger,Hoffenheim,2025-2026,bundesliga,MF,25.0,68.5,59.174854,84.0
Aleksandar Pavlovic,Bayern Munich,2025-2026,bundesliga,MF,22.0,54.9,59.12445,85.0
Eren Dinkçi,Heidenheim,2025-2026,bundesliga,MF,24.0,58.8,58.993454,86.0
Tim Skarke,Union Berlin,2025-2026,bundesliga,MF,29.0,60.0,58.622646,87.0
Albert Sambi Lokonga,Hamburger SV,2025-2026,bundesliga,MF,26.0,58.1,58.552334,88.0
Nathaniel Brown,Eintracht Frankfurt,2025-2026,bundesliga,MF,22.0,63.3,58.464214,89.0
Castrop Jens,Gladbach,2025-2026,bundesliga,MF,22.0,57.3,58.3436,90.0
Anthony Caci,Mainz 05,2025-2026,bundesliga,MF,28.0,55.0,58.222946,91.0
Tom Rothe,Union Berlin,2025-2026,bundesliga,MF,21.0,52.7,58.181557,92.0
Mathias Pereira Lage,St Pauli,2025-2026,bundesliga,MF,29.0,63.0,58.150787,93.0
Jan Thielmann,Köln,2025-2026,bundesliga,MF,23.0,57.4,58.084686,94.0
Badredine Bouanani,Stuttgart,2025-2026,bundesliga,MF,21.0,51.6,57.669773,95.0
Montrell Culbreath,Leverkusen,2025-2026,bundesliga,MF,18.0,53.7,57.659122,96.0
Luca Kerber,Heidenheim,2025-2026,bundesliga,MF,24.0,52.6,57.546257,97.0
William Mikelbrencis,Hamburger SV,2025-2026,bundesliga,MF,22.0,59.5,57.486946,98.0
Jan Schöppner,Heidenheim,2025-2026,bundesliga,MF,26.0,59.3,57.255184,99.0
Rocco Reitz,Gladbach,2025-2026,bundesliga,MF,23.0,62.5,57.037605,100.0
Aleix García,Leverkusen,2025-2026,bundesliga,MF,28.0,61.7,56.9407,101.0
Chema,Stuttgart,2025-2026,bundesliga,MF,21.0,50.2,56.898914,102.0
András Schäfer,Union Berlin,2025-2026,bundesliga,MF,27.0,56.0,56.862907,103.0
Connor Metcalfe,St Pauli,2025-2026,bundesliga,MF,26.0,57.2,56.74873,104.0
Daniel Svensson,Dortmund,2025-2026,bundesliga,MF,24.0,56.4,56.363808,105.0
Bakery Jatta,Hamburger SV,2025-2026,bundesliga,MF,27.0,53.2,56.21615,106.0
Ezechiel Banzuzi,RB Leipzig,2025-2026,bundesliga,MF,21.0,51.1,55.673954,107.0
Lee Jae-sung,Mainz 05,2025-2026,bundesliga,MF,33.0,56.8,55.61985,108.0
Julian Niehues,Heidenheim,2025-2026,bundesliga,MF,25.0,51.6,55.586117,109.0
Gio Reyna,Gladbach,2025-2026,bundesliga,MF,23.0,47.1,55.243378,110.0
Cameron Puertas,Werder Bremen,2025-2026,bundesliga,MF,27.0,56.9,55.00112,111.0
Kevin Stöger,Gladbach,2025-2026,bundesliga,MF,32.0,53.2,54.826622,112.0
Florian Neuhaus,Gladbach,2025-2026,bundesliga,MF,29.0,51.3,54.670216,113.0
Arthur,Leverkusen,2025-2026,bundesliga,MF,23.0,55.1,54.294403,114.0
Hugo Larsson,Eintracht Frankfurt,2025-2026,bundesliga,MF,21.0,50.5,54.07268,115.0
Pascal Groß,Dortmund,2025-2026,bundesliga,MF,34.0,51.2,54.070404,116.0
Aljoscha Kemlein,Union Berlin,2025-2026,bundesliga,MF,21.0,47.6,54.009624,117.0
Ísak Jóhannesson,Köln,2025-2026,bundesliga,MF,23.0,45.5,53.83018,118.0
Joakim Mæhle,Wolfsburg,2025-2026,bundesliga,MF,29.0,48.6,53.72507,119.0
Joel Fujita,St Pauli,2025-2026,bundesliga,MF,24.0,45.6,53.38488,120.0
Han-Noah Massengo,Augsburg,2025-2026,bundesliga,MF,24.0,54.3,53.16281,121.0
Kaishu Sano,Mainz 05,2025-2026,bundesliga,MF,25.0,55.5,53.098946,122.0
Maximilian Eggestein,Freiburg,2025-2026,bundesliga,MF,29.0,56.2,52.80024,123.0
Luca Netz,Gladbach,2025-2026,bundesliga,MF,23.0,45.1,52.207745,124.0
Patrick Osterhage,Freiburg,2025-2026,bundesliga,MF,26.0,43.1,51.987617,125.0
Elias Saad,Augsburg,2025-2026,bundesliga,MF,26.0,44.2,51.9732,126.0
Isaac Schmidt,Werder Bremen,2025-2026,bundesliga,MF,26.0,46.3,51.937744,127.0
Robin Fellhauer,Augsburg,2025-2026,bundesliga,MF,28.0,55.7,51.837406,128.0
Derrick Köhn,Union Berlin,2025-2026,bundesliga,MF,27.0,50.8,51.781776,129.0
Elvis Rexhbeçaj,Augsburg,2025-2026,bundesliga,MF,28.0,43.6,51.719532,130.0
Giorgi Gocholeishvili,Hamburger SV,2025-2026,bundesliga,MF,25.0,48.3,51.291496,131.0
Kristijan Jakić,Augsburg,2025-2026,bundesliga,MF,29.0,49.8,50.98303,132.0
Oscar Højlund,Eintracht Frankfurt,2025-2026,bundesliga,MF,21.0,41.3,50.915943,133.0
Miro Muheim,Hamburger SV,2025-2026,bundesliga,MF,28.0,56.5,50.905247,134.0
Jobe Bellingham,Dortmund,2025-2026,bundesliga,MF,20.0,46.8,50.73193,135.0
Yannik Engelhardt,Gladbach,2025-2026,bundesliga,MF,25.0,48.6,50.632763,136.0
Marcel Sabitzer,Dortmund,2025-2026,bundesliga,MF,32.0,45.8,50.619114,137.0
Arnaud Nordin,Mainz 05,2025-2026,bundesliga,MF,27.0,40.3,50.597958,138.0
Maximilian Arnold,Wolfsburg,2025-2026,bundesliga,MF,31.0,51.6,50.528996,139.0
Nicolas Seiwald,RB Leipzig,2025-2026,bundesliga,MF,25.0,47.4,50.42849,140.0
Eric Martel,Köln,2025-2026,bundesliga,MF,24.0,45.2,50.34402,141.0
Mario Götze,Eintracht Frankfurt,2025-2026,bundesliga,MF,33.0,42.6,49.621292,142.0
Exequiel Palacios,Leverkusen,2025-2026,bundesliga,MF,27.0,40.9,49.246227,143.0
Nicolai Remberg,Hamburger SV,2025-2026,bundesliga,MF,25.0,46.7,49.027092,144.0
Manolis Saliakas,St Pauli,2025-2026,bundesliga,MF,29.0,48.9,48.83584,145.0
Louis Oppie,St Pauli,2025-2026,bundesliga,MF,24.0,40.7,48.785618,146.0
Yannick Gerhardt,Wolfsburg,2025-2026,bundesliga,MF,32.0,38.9,48.769222,147.0
Nikolas Veratschnig,Mainz 05,2025-2026,bundesliga,MF,23.0,39.1,48.64217,148.0
Ezequiél Fernández,Leverkusen,2025-2026,bundesliga,MF,23.0,36.9,48.591007,149.0
Silvan Widmer,Mainz 05,2025-2026,bundesliga,MF,33.0,49.6,48.14094,150.0
Rani Khedira,Union Berlin,2025-2026,bundesliga,MF,32.0,49.1,48.09061,151.0
Mathias Rasmussen,St Pauli,2025-2026,bundesliga,MF,28.0,36.0,48.057243,152.0
Tom Krauß,Köln,2025-2026,bundesliga,MF,24.0,42.5,48.05687,153.0
Arkadiusz Pyrka,St Pauli,2025-2026,bundesliga,MF,23.0,43.4,47.991413,154.0
Alex Král,Union Berlin,2025-2026,bundesliga,MF,28.0,33.8,47.520782,155.0
Denis Huseinbasic,Köln,2025-2026,bundesliga,MF,24.0,32.3,47.297287,156.0
Jackson Irvine,St Pauli,2025-2026,bundesliga,MF,33.0,46.9,47.245636,157.0
Leonardo Bittencourt,Werder Bremen,2025-2026,bundesliga,MF,32.0,38.3,47.10558,158.0
Phillipp Mwene,Mainz 05,2025-2026,bundesliga,MF,32.0,39.4,47.05927,159.0
Atakan Karazor,Stuttgart,2025-2026,bundesliga,MF,29.0,41.6,46.570663,160.0
Leon Avdullahu,Hoffenheim,2025-2026,bundesliga,MF,22.0,41.0,45.92452,161.0
James Sands,St Pauli,2025-2026,bundesliga,MF,25.0,38.1,45.579605,162.0
Lars Ritzka,St Pauli,2025-2026,bundesliga,MF,28.0,36.0,45.55574,163.0
Niklas Dorsch,Heidenheim,2025-2026,bundesliga,MF,28.0,42.4,45.45041,164.0
Vinicius Souza,Wolfsburg,2025-2026,bundesliga,MF,26.0,32.3,44.999454,165.0
Janik Haberer,Union Berlin,2025-2026,bundesliga,MF,32.0,38.1,44.64186,166.0
Ellyes Skhiri,Eintracht Frankfurt,2025-2026,bundesliga,MF,31.0,35.4,44.16835,167.0
Christopher Trimmel,Union Berlin,2025-2026,bundesliga,MF,39.0,41.8,43.861546,168.0
Senne Lynen,Werder Bremen,2025-2026,bundesliga,MF,27.0,38.9,43.536976,169.0
Luciano Juba,Bahia,2025-2026,campeonato-brasileiro-serie-a,DF,26.0,88.1,77.572945,1.0
Walter Clar,Chapecoense,2025-2026,campeonato-brasileiro-serie-a,DF,31.0,86.9,77.07237,2.0
Reinaldo,Mirassol,2025-2026,campeonato-brasileiro-serie-a,DF,36.0,85.9,73.18018,3.0
Paulo Henrique,Vasco da Gama,2025-2026,campeonato-brasileiro-serie-a,DF,29.0,85.6,73.16606,4.0
Cristian Pavón,Grêmio,2025-2026,campeonato-brasileiro-serie-a,DF,30.0,74.6,72.05772,5.0
Jemmes,Fluminense,2025-2026,campeonato-brasileiro-serie-a,DF,26.0,83.7,72.02746,6.0
Lucas Ramon,São Paulo,2025-2026,campeonato-brasileiro-serie-a,DF,32.0,85.7,71.82183,7.0
William,Cruzeiro,2025-2026,campeonato-brasileiro-serie-a,DF,31.0,83.3,71.512886,8.0
Joaquín Piquerez,Palmeiras,2025-2026,campeonato-brasileiro-serie-a,DF,27.0,81.5,71.1021,9.0
Bruno Gomes,Internacional,2025-2026,campeonato-brasileiro-serie-a,DF,25.0,75.5,70.9148,10.0
Marlon,Grêmio,2025-2026,campeonato-brasileiro-serie-a,DF,29.0,82.4,69.03471,11.0
Alex Telles,Botafogo (RJ),2025-2026,campeonato-brasileiro-serie-a,DF,33.0,76.9,68.205345,12.0
Braian Aguirre,Internacional,2025-2026,campeonato-brasileiro-serie-a,DF,25.0,78.6,68.10923,13.0
Juan Freytes,Fluminense,2025-2026,campeonato-brasileiro-serie-a,DF,26.0,72.1,67.7373,14.0
Cuiabano,Vasco da Gama,2025-2026,campeonato-brasileiro-serie-a,DF,23.0,77.4,67.46675,15.0
Fabrício Bruno,Cruzeiro,2025-2026,campeonato-brasileiro-serie-a,DF,30.0,77.8,67.43507,16.0
Mateo Ponte,Botafogo (RJ),2025-2026,campeonato-brasileiro-serie-a,DF,22.0,69.9,67.1218,17.0
Nicolás Acevedo,Bahia,2025-2026,campeonato-brasileiro-serie-a,DF,27.0,77.1,66.74605,18.0
Willian Machado,Mirassol,2025-2026,campeonato-brasileiro-serie-a,DF,29.0,79.7,66.34705,19.0
Lucas Piton,Vasco da Gama,2025-2026,campeonato-brasileiro-serie-a,DF,25.0,76.5,66.17662,20.0
Matheuzinho,Corinthians,2025-2026,campeonato-brasileiro-serie-a,DF,25.0,70.2,65.865135,21.0
Juninho Capixaba,RB Bragantino,2025-2026,campeonato-brasileiro-serie-a,DF,28.0,77.8,65.4654,22.0
Lucas Esquivel,Athletico Paranaense,2025-2026,campeonato-brasileiro-serie-a,DF,24.0,78.5,65.31554,23.0
Gonzalo Escobar,Santos,2025-2026,campeonato-brasileiro-serie-a,DF,29.0,79.2,65.009445,24.0
Jefté,Palmeiras,2025-2026,campeonato-brasileiro-serie-a,DF,22.0,77.1,64.89185,25.0
João Victor,Mirassol,2025-2026,campeonato-brasileiro-serie-a,DF,28.0,73.7,64.84734,26.0
Alexander Barboza,Botafogo (RJ),2025-2026,campeonato-brasileiro-serie-a,DF,31.0,74.0,64.30272,27.0
Léo Pereira,Flamengo,2025-2026,campeonato-brasileiro-serie-a,DF,30.0,73.0,64.25543,28.0
Igor Marques,Mirassol,2025-2026,campeonato-brasileiro-serie-a,DF,27.0,75.7,64.040504,29.0
Claudinho,Vitória,2025-2026,campeonato-brasileiro-serie-a,DF,25.0,68.6,63.770103,30.0
Renê,Fluminense,2025-2026,campeonato-brasileiro-serie-a,DF,33.0,79.7,63.416405,31.0
Ayrton Lucas,Flamengo,2025-2026,campeonato-brasileiro-serie-a,DF,28.0,63.4,63.264584,32.0
Gustavo Gómez,Palmeiras,2025-2026,campeonato-brasileiro-serie-a,DF,33.0,76.2,62.89797,33.0
Pedro Henrique,RB Bragantino,2025-2026,campeonato-brasileiro-serie-a,DF,30.0,70.1,62.3908,34.0
Jamerson,Vitória,2025-2026,campeonato-brasileiro-serie-a,DF,27.0,69.0,62.29537,35.0
Natanael,Atlético Mineiro,2025-2026,campeonato-brasileiro-serie-a,DF,24.0,68.1,62.230362,36.0
Enzo Díaz,São Paulo,2025-2026,campeonato-brasileiro-serie-a,DF,30.0,78.1,62.009113,37.0
Agustín Giay,Palmeiras,2025-2026,campeonato-brasileiro-serie-a,DF,22.0,61.7,61.88475,38.0
Robert Arboleda,São Paulo,2025-2026,campeonato-brasileiro-serie-a,DF,34.0,70.8,61.468876,39.0
Matheus Bahia,Internacional,2025-2026,campeonato-brasileiro-serie-a,DF,26.0,69.5,61.446712,40.0
Vitão,Flamengo,2025-2026,campeonato-brasileiro-serie-a,DF,26.0,68.5,61.400055,41.0
Wagner,Grêmio,2025-2026,campeonato-brasileiro-serie-a,DF,26.0,63.6,61.37761,42.0
Luan Cândido,Vitória,2025-2026,campeonato-brasileiro-serie-a,DF,25.0,62.1,61.35519,43.0
Bruno Fuchs,Palmeiras,2025-2026,campeonato-brasileiro-serie-a,DF,27.0,69.8,61.33288,44.0
José Hurtado,RB Bragantino,2025-2026,campeonato-brasileiro-serie-a,DF,24.0,61.3,61.30753,45.0
Igor Cariús,Mirassol,2025-2026,campeonato-brasileiro-serie-a,DF,33.0,71.3,60.970116,46.0
Arthur,Palmeiras,2025-2026,campeonato-brasileiro-serie-a,DF,20.0,59.5,60.819492,47.0
Guilherme Tinga,Coritiba,2025-2026,campeonato-brasileiro-serie-a,DF,32.0,69.3,60.814487,48.0
Matheus Alexandre,Remo,2025-2026,campeonato-brasileiro-serie-a,DF,27.0,70.9,60.794106,49.0
Ramon,Vitória,2025-2026,campeonato-brasileiro-serie-a,DF,25.0,63.2,60.70696,50.0
Cacá,Vitória,2025-2026,campeonato-brasileiro-serie-a,DF,27.0,64.3,60.695107,51.0
Matheus Bidu,Corinthians,2025-2026,campeonato-brasileiro-serie-a,DF,27.0,61.5,60.652695,52.0
Vitor Hugo,Atlético Mineiro,2025-2026,campeonato-brasileiro-serie-a,DF,35.0,68.2,60.406406,53.0
Khellven,Palmeiras,2025-2026,campeonato-brasileiro-serie-a,DF,25.0,66.0,60.340042,54.0
Samuel Xavier,Fluminense,2025-2026,campeonato-brasileiro-serie-a,DF,35.0,67.7,60.176384,55.0
Gustavo Marques,RB Bragantino,2025-2026,campeonato-brasileiro-serie-a,DF,24.0,60.0,59.97975,56.0
Guilherme Arana,Fluminense,2025-2026,campeonato-brasileiro-serie-a,DF,29.0,63.7,59.827797,57.0
Marcos Vinicius,Chapecoense,2025-2026,campeonato-brasileiro-serie-a,DF,29.0,63.8,59.57709,58.0
Bastos,Botafogo (RJ),2025-2026,campeonato-brasileiro-serie-a,DF,35.0,64.6,59.353634,59.0
Júnior Alonso,Atlético Mineiro,2025-2026,campeonato-brasileiro-serie-a,DF,33.0,68.9,58.971123,60.0
Zé Marcos,Vitória,2025-2026,campeonato-brasileiro-serie-a,DF,28.0,62.7,58.623096,61.0
Rafael Thyere,Chapecoense,2025-2026,campeonato-brasileiro-serie-a,DF,33.0,65.0,58.462933,62.0
Tiago Coser,Coritiba,2025-2026,campeonato-brasileiro-serie-a,DF,22.0,58.0,58.396595,63.0
Pedro Gabriel,Grêmio,2025-2026,campeonato-brasileiro-serie-a,DF,18.0,58.5,58.24273,64.0
Newton,Botafogo (RJ),2025-2026,campeonato-brasileiro-serie-a,DF,26.0,56.3,57.90071,65.0
Kaiki Bruno,Cruzeiro,2025-2026,campeonato-brasileiro-serie-a,DF,23.0,58.4,57.853416,66.0
Zé Ivaldo,Santos,2025-2026,campeonato-brasileiro-serie-a,DF,29.0,59.7,57.610973,67.0
Nahuel Ferraresi,Botafogo (RJ),2025-2026,campeonato-brasileiro-serie-a,DF,27.0,58.6,57.55155,68.0
Agustín Sant'Anna,RB Bragantino,2025-2026,campeonato-brasileiro-serie-a,DF,28.0,56.6,57.476353,69.0
Victor Gabriel,Internacional,2025-2026,campeonato-brasileiro-serie-a,DF,22.0,55.0,57.13177,70.0
Renan Lodi,Atlético Mineiro,2025-2026,campeonato-brasileiro-serie-a,DF,28.0,57.2,56.7289,71.0
Marcelinho,Remo,2025-2026,campeonato-brasileiro-serie-a,DF,27.0,53.0,56.468822,72.0
Carlos Cuesta,Vasco da Gama,2025-2026,campeonato-brasileiro-serie-a,DF,27.0,54.8,56.217396,73.0
Jacy,Coritiba,2025-2026,campeonato-brasileiro-serie-a,DF,28.0,53.3,56.036808,74.0
Murilo Cerqueira,Palmeiras,2025-2026,campeonato-brasileiro-serie-a,DF,29.0,57.2,55.95944,75.0
Félix Torres Caicedo,Internacional,2025-2026,campeonato-brasileiro-serie-a,DF,29.0,53.4,55.78694,76.0
Juan Felipe Aguirre,Athletico Paranaense,2025-2026,campeonato-brasileiro-serie-a,DF,29.0,53.8,55.75592,77.0
Robert Renan,Vasco da Gama,2025-2026,campeonato-brasileiro-serie-a,DF,22.0,45.3,55.36773,78.0
Santi Ramos Mingo,Bahia,2025-2026,campeonato-brasileiro-serie-a,DF,24.0,41.5,55.12291,79.0
Wendell,São Paulo,2025-2026,campeonato-brasileiro-serie-a,DF,32.0,52.3,54.9379,80.0
João Lucas,Remo,2025-2026,campeonato-brasileiro-serie-a,DF,28.0,52.1,54.89731,81.0
Leo Ortiz,Flamengo,2025-2026,campeonato-brasileiro-serie-a,DF,30.0,53.4,54.880787,82.0
Lucas Freitas,Vasco da Gama,2025-2026,campeonato-brasileiro-serie-a,DF,25.0,50.0,54.699883,83.0
David Duarte,Bahia,2025-2026,campeonato-brasileiro-serie-a,DF,31.0,59.6,54.63132,84.0
José Luis Rodríguez Bebanz,Vasco da Gama,2025-2026,campeonato-brasileiro-serie-a,DF,29.0,55.2,54.48429,85.0
Ruan,Atlético Mineiro,2025-2026,campeonato-brasileiro-serie-a,DF,26.0,41.6,54.12693,86.0
Fagner,Cruzeiro,2025-2026,campeonato-brasileiro-serie-a,DF,36.0,46.7,53.872448,87.0
Igor Vinícius de Souza,Santos,2025-2026,campeonato-brasileiro-serie-a,DF,29.0,50.1,53.573547,88.0
Eduardo Doma,Chapecoense,2025-2026,campeonato-brasileiro-serie-a,DF,27.0,48.3,53.53875,89.0
Danilo,Flamengo,2025-2026,campeonato-brasileiro-serie-a,DF,34.0,51.9,53.464996,90.0
Fabrizio Angileri,Corinthians,2025-2026,campeonato-brasileiro-serie-a,DF,32.0,51.7,53.433617,91.0
Gabriel Paulista,Corinthians,2025-2026,campeonato-brasileiro-serie-a,DF,35.0,51.3,53.353016,92.0
Cédric Soares,São Paulo,2025-2026,campeonato-brasileiro-serie-a,DF,34.0,58.7,53.274467,93.0
Adonis Frías,Santos,2025-2026,campeonato-brasileiro-serie-a,DF,28.0,41.2,53.092953,94.0
André Ramalho,Corinthians,2025-2026,campeonato-brasileiro-serie-a,DF,34.0,54.5,53.090324,95.0
Arthur Dias,Athletico Paranaense,2025-2026,campeonato-brasileiro-serie-a,DF,19.0,38.1,53.026405,96.0
Alex Sandro,Flamengo,2025-2026,campeonato-brasileiro-serie-a,DF,35.0,48.9,52.927174,97.0
Mayke,Santos,2025-2026,campeonato-brasileiro-serie-a,DF,33.0,47.1,52.911568,98.0
Iván Román,Atlético Mineiro,2025-2026,campeonato-brasileiro-serie-a,DF,19.0,38.0,52.77826,99.0
Marllon Borges,Remo,2025-2026,campeonato-brasileiro-serie-a,DF,34.0,48.7,52.365738,100.0
Alan Saldivia,Vasco da Gama,2025-2026,campeonato-brasileiro-serie-a,DF,24.0,38.4,52.30737,101.0
Kanu,Bahia,2025-2026,campeonato-brasileiro-serie-a,DF,29.0,52.0,52.254574,102.0
Bruno Melo,Coritiba,2025-2026,campeonato-brasileiro-serie-a,DF,33.0,49.2,52.2064,103.0
Carlos Terán,Athletico Paranaense,2025-2026,campeonato-brasileiro-serie-a,DF,25.0,40.1,51.678905,104.0
Iago,Bahia,2025-2026,campeonato-brasileiro-serie-a,DF,29.0,49.5,51.573963,105.0
Duplexe Tchamba,Remo,2025-2026,campeonato-brasileiro-serie-a,DF,27.0,39.5,51.410915,106.0
Kayky Almeida,Remo,2025-2026,campeonato-brasileiro-serie-a,DF,21.0,39.5,51.3323,107.0
Ignácio,Fluminense,2025-2026,campeonato-brasileiro-serie-a,DF,29.0,46.8,51.12124,108.0
Caio Paulista,Grêmio,2025-2026,campeonato-brasileiro-serie-a,DF,28.0,46.0,51.10129,109.0
EDU,Vitória,2025-2026,campeonato-brasileiro-serie-a,DF,25.0,46.0,51.06634,110.0
Alix Vinicius,RB Bragantino,2025-2026,campeonato-brasileiro-serie-a,DF,26.0,36.7,51.056324,111.0
Lucas Villalba,Cruzeiro,2025-2026,campeonato-brasileiro-serie-a,DF,31.0,46.9,50.91005,112.0
Alan Franco,São Paulo,2025-2026,campeonato-brasileiro-serie-a,DF,29.0,46.0,50.778984,113.0
Mayk,Remo,2025-2026,campeonato-brasileiro-serie-a,DF,26.0,40.1,50.575245,114.0
Bruno Leonardo,Chapecoense,2025-2026,campeonato-brasileiro-serie-a,DF,29.0,38.4,50.57484,115.0
Vitinho,Botafogo (RJ),2025-2026,campeonato-brasileiro-serie-a,DF,26.0,43.0,50.313183,116.0
Lucas Veríssimo,Santos,2025-2026,campeonato-brasileiro-serie-a,DF,30.0,39.5,50.295345,117.0
Maicon,Coritiba,2025-2026,campeonato-brasileiro-serie-a,DF,37.0,38.9,50.25349,118.0
Nathan Mendes,Vitória,2025-2026,campeonato-brasileiro-serie-a,DF,23.0,42.6,50.250298,119.0
Guillermo Varela,Flamengo,2025-2026,campeonato-brasileiro-serie-a,DF,33.0,49.2,50.16758,120.0
Victor Caetano,Chapecoense,2025-2026,campeonato-brasileiro-serie-a,DF,28.0,38.9,50.097668,121.0
Lyanco,Atlético Mineiro,2025-2026,campeonato-brasileiro-serie-a,DF,29.0,43.3,49.453716,122.0
Luan Peres Petroni,Santos,2025-2026,campeonato-brasileiro-serie-a,DF,31.0,32.5,49.425972,123.0
Gustavo Martins Santos,Grêmio,2025-2026,campeonato-brasileiro-serie-a,DF,23.0,43.5,48.452484,124.0
Gabriel Mercado,Internacional,2025-2026,campeonato-brasileiro-serie-a,DF,39.0,41.0,46.50709,125.0
José Sabino,São Paulo,2025-2026,campeonato-brasileiro-serie-a,DF,29.0,40.6,45.14701,126.0
Guga,Fluminense,2025-2026,campeonato-brasileiro-serie-a,DF,27.0,38.5,44.571922,127.0
Gustavo Henrique,Corinthians,2025-2026,campeonato-brasileiro-serie-a,DF,33.0,39.3,44.288464,128.0
Rafael Tolói,São Paulo,2025-2026,campeonato-brasileiro-serie-a,DF,35.0,39.2,43.853153,129.0
Neris,Vitória,2025-2026,campeonato-brasileiro-serie-a,DF,33.0,41.0,42.648163,130.0
Jonathan,Cruzeiro,2025-2026,campeonato-brasileiro-serie-a,DF,21.0,31.4,41.951008,131.0
Camutanga,Vitória,2025-2026,campeonato-brasileiro-serie-a,DF,32.0,32.7,39.902657,132.0
Kaio Jorge,Cruzeiro,2025-2026,campeonato-brasileiro-serie-a,FW,24.0,86.5,78.77951,1.0
Pedro,Flamengo,2025-2026,campeonato-brasileiro-serie-a,FW,28.0,81.8,74.5516,2.0
Vitor Roque,Palmeiras,2025-2026,campeonato-brasileiro-serie-a,FW,21.0,84.2,73.581825,3.0
Willian José,Bahia,2025-2026,campeonato-brasileiro-serie-a,FW,34.0,81.6,69.9223,4.0
Alerrandro,Internacional,2025-2026,campeonato-brasileiro-serie-a,FW,26.0,82.0,69.800316,5.0
Carlos Vinícius,Grêmio,2025-2026,campeonato-brasileiro-serie-a,FW,31.0,76.6,69.448586,6.0
Erick Pulga,Bahia,2025-2026,campeonato-brasileiro-serie-a,FW,25.0,72.9,66.269104,7.0
Hulk,Atlético Mineiro,2025-2026,campeonato-brasileiro-serie-a,FW,39.0,71.6,65.82126,8.0
Gabriel Barbosa,Santos,2025-2026,campeonato-brasileiro-serie-a,FW,29.0,71.0,64.75567,9.0
Yuri Alberto,Corinthians,2025-2026,campeonato-brasileiro-serie-a,FW,25.0,67.4,64.096054,10.0
José Manuel López,Palmeiras,2025-2026,campeonato-brasileiro-serie-a,FW,25.0,71.4,62.560806,11.0
Néiser Villarreal,Cruzeiro,2025-2026,campeonato-brasileiro-serie-a,FW,21.0,74.4,62.490795,12.0
Eduardo Sasha,RB Bragantino,2025-2026,campeonato-brasileiro-serie-a,FW,34.0,69.6,61.661205,13.0
Pedro Raul,Corinthians,2025-2026,campeonato-brasileiro-serie-a,FW,29.0,63.3,61.523243,14.0
Joaquín Correa,Botafogo (RJ),2025-2026,campeonato-brasileiro-serie-a,FW,31.0,65.2,61.231365,15.0
Rodrigo Castillo,Fluminense,2025-2026,campeonato-brasileiro-serie-a,FW,27.0,71.5,61.18249,16.0
Renê Sousa,Vitória,2025-2026,campeonato-brasileiro-serie-a,FW,22.0,70.4,61.18012,17.0
Edson Carioca,Mirassol,2025-2026,campeonato-brasileiro-serie-a,FW,28.0,63.1,60.784935,18.0
Gonzalo Tapia,São Paulo,2025-2026,campeonato-brasileiro-serie-a,FW,24.0,60.0,60.7406,19.0
Renato Kayser,Vitória,2025-2026,campeonato-brasileiro-serie-a,FW,30.0,64.5,60.444473,20.0
Marinho,Vitória,2025-2026,campeonato-brasileiro-serie-a,FW,35.0,64.7,59.3678,21.0
Lima,Fluminense,2025-2026,campeonato-brasileiro-serie-a,FW,29.0,58.9,57.831837,22.0
Kevin Viveros,Athletico Paranaense,2025-2026,campeonato-brasileiro-serie-a,FW,26.0,56.4,57.825493,23.0
Isidro Pitta,RB Bragantino,2025-2026,campeonato-brasileiro-serie-a,FW,26.0,59.0,57.49802,24.0
Martin Braithwaite,Grêmio,2025-2026,campeonato-brasileiro-serie-a,FW,34.0,59.2,57.023083,25.0
Matheusinho,Vitória,2025-2026,campeonato-brasileiro-serie-a,FW,28.0,49.0,56.03669,26.0
Osvaldo,Vitória,2025-2026,campeonato-brasileiro-serie-a,FW,39.0,53.5,55.814285,27.0
John Kennedy,Fluminense,2025-2026,campeonato-brasileiro-serie-a,FW,24.0,52.6,55.186893,28.0
David,Vasco da Gama,2025-2026,campeonato-brasileiro-serie-a,FW,30.0,55.1,54.74386,29.0
Keno,Coritiba,2025-2026,campeonato-brasileiro-serie-a,FW,36.0,53.0,54.2042,30.0
Renzo López,Vitória,2025-2026,campeonato-brasileiro-serie-a,FW,32.0,51.1,54.091442,31.0
Rafael Borré,Internacional,2025-2026,campeonato-brasileiro-serie-a,FW,30.0,52.4,54.08612,32.0
Mateo Cassierra,Atlético Mineiro,2025-2026,campeonato-brasileiro-serie-a,FW,29.0,51.0,53.844482,33.0
Brenner,Vasco da Gama,2025-2026,campeonato-brasileiro-serie-a,FW,26.0,44.6,52.966015,34.0
Germán Cano,Fluminense,2025-2026,campeonato-brasileiro-serie-a,FW,38.0,50.4,52.852493,35.0
Cristian Olivera,Bahia,2025-2026,campeonato-brasileiro-serie-a,FW,24.0,45.8,52.76874,36.0
Arthur Cabral,Botafogo (RJ),2025-2026,campeonato-brasileiro-serie-a,FW,28.0,47.2,51.089523,37.0
Lautaro Díaz,Santos,2025-2026,campeonato-brasileiro-serie-a,FW,28.0,48.0,50.781254,38.0
Luciano,São Paulo,2025-2026,campeonato-brasileiro-serie-a,FW,33.0,45.5,50.678738,39.0
Pedro Rocha Neves,Coritiba,2025-2026,campeonato-brasileiro-serie-a,FW,31.0,37.6,50.31966,40.0
Gui Negão,Corinthians,2025-2026,campeonato-brasileiro-serie-a,FW,19.0,43.6,49.60263,41.0
Marcinho,Chapecoense,2025-2026,campeonato-brasileiro-serie-a,FW,30.0,38.1,48.99169,42.0
Ademir Santos,Bahia,2025-2026,campeonato-brasileiro-serie-a,FW,31.0,37.1,45.671978,43.0
Tiquinho Soares,Mirassol,2025-2026,campeonato-brasileiro-serie-a,FW,35.0,41.0,43.55158,44.0
Everaldo Stum,Bahia,2025-2026,campeonato-brasileiro-serie-a,FW,34.0,38.5,41.881676,45.0
Walter,Mirassol,2025-2026,campeonato-brasileiro-serie-a,GK,38.0,86.4,73.93138,1.0
Rafael Pires,São Paulo,2025-2026,campeonato-brasileiro-serie-a,GK,36.0,76.5,70.33704,2.0
Agustín Rossi,Flamengo,2025-2026,campeonato-brasileiro-serie-a,GK,30.0,82.3,70.28583,3.0
Cássio,Cruzeiro,2025-2026,campeonato-brasileiro-serie-a,GK,38.0,81.9,67.71945,4.0
Éverson,Atlético Mineiro,2025-2026,campeonato-brasileiro-serie-a,GK,35.0,77.8,66.659164,5.0
Carlos Miguel,Palmeiras,2025-2026,campeonato-brasileiro-serie-a,GK,27.0,74.5,65.11891,6.0
Tiago Volpi,RB Bragantino,2025-2026,campeonato-brasileiro-serie-a,GK,35.0,72.8,64.305115,7.0
Gabriel Brazão,Santos,2025-2026,campeonato-brasileiro-serie-a,GK,25.0,67.3,62.96383,8.0
Cleiton Schwengber,RB Bragantino,2025-2026,campeonato-brasileiro-serie-a,GK,28.0,66.5,62.89331,9.0
Fábio,Fluminense,2025-2026,campeonato-brasileiro-serie-a,GK,45.0,71.3,61.61664,10.0
Marcelo Rangel,Remo,2025-2026,campeonato-brasileiro-serie-a,GK,38.0,60.3,61.386757,11.0
Santos,Athletico Paranaense,2025-2026,campeonato-brasileiro-serie-a,GK,36.0,60.3,61.386757,11.0
Lucas Arcanjo,Vitória,2025-2026,campeonato-brasileiro-serie-a,GK,27.0,55.3,58.042934,13.0
Pedro Rangel,Coritiba,2025-2026,campeonato-brasileiro-serie-a,GK,25.0,53.0,58.03815,14.0
Matheus Cunha,Cruzeiro,2025-2026,campeonato-brasileiro-serie-a,GK,24.0,50.4,57.83165,15.0
Léo,Bahia,2025-2026,campeonato-brasileiro-serie-a,GK,35.0,52.5,56.16937,16.0
Léo,Chapecoense,2025-2026,campeonato-brasileiro-serie-a,GK,35.0,50.5,55.59424,17.0
Wéverton,Grêmio,2025-2026,campeonato-brasileiro-serie-a,GK,38.0,53.9,55.2411,18.0
Hugo Souza,Corinthians,2025-2026,campeonato-brasileiro-serie-a,GK,27.0,48.6,53.21601,19.0
Ronaldo,Bahia,2025-2026,campeonato-brasileiro-serie-a,GK,29.0,42.4,53.083405,20.0
Raul Steffens,Botafogo (RJ),2025-2026,campeonato-brasileiro-serie-a,GK,28.0,37.3,50.88534,21.0
Léo Jardim,Vasco da Gama,2025-2026,campeonato-brasileiro-serie-a,GK,31.0,44.1,49.595757,22.0
Neto,Botafogo (RJ),2025-2026,campeonato-brasileiro-serie-a,GK,36.0,49.7,49.468777,23.0
Anthoni,Internacional,2025-2026,campeonato-brasileiro-serie-a,GK,24.0,33.4,46.8957,24.0
Sergio Rochet,Internacional,2025-2026,campeonato-brasileiro-serie-a,GK,33.0,39.6,45.434593,25.0
Alan Patrick,Internacional,2025-2026,campeonato-brasileiro-serie-a,MF,35.0,85.9,80.93415,1.0
Ferreira,São Paulo,2025-2026,campeonato-brasileiro-serie-a,MF,28.0,83.1,75.82209,2.0
Giorgian De Arrascaeta,Flamengo,2025-2026,campeonato-brasileiro-serie-a,MF,31.0,78.5,75.79039,3.0
Samuel Lino,Flamengo,2025-2026,campeonato-brasileiro-serie-a,MF,26.0,85.3,75.38655,4.0
Philippe Coutinho,Vasco da Gama,2025-2026,campeonato-brasileiro-serie-a,MF,33.0,82.2,75.1316,5.0
Jorge Carrascal,Flamengo,2025-2026,campeonato-brasileiro-serie-a,MF,27.0,83.5,74.96343,6.0
Edenílson,Botafogo (RJ),2025-2026,campeonato-brasileiro-serie-a,MF,36.0,83.1,74.47105,7.0
Carlos Eduardo,Mirassol,2025-2026,campeonato-brasileiro-serie-a,MF,36.0,80.3,74.457985,8.0
Matheus Pereira,Cruzeiro,2025-2026,campeonato-brasileiro-serie-a,MF,30.0,82.1,74.31284,9.0
Kevin Serna,Fluminense,2025-2026,campeonato-brasileiro-serie-a,MF,28.0,85.1,74.13552,10.0
Luiz Araújo,Flamengo,2025-2026,campeonato-brasileiro-serie-a,MF,29.0,81.5,73.062836,11.0
Vitor Bueno,Remo,2025-2026,campeonato-brasileiro-serie-a,MF,31.0,82.3,71.96013,12.0
Neymar,Santos,2025-2026,campeonato-brasileiro-serie-a,MF,34.0,81.0,71.5961,13.0
Gonzalo Plata,Flamengo,2025-2026,campeonato-brasileiro-serie-a,MF,25.0,73.2,71.54829,14.0
Danilo Santos,Botafogo (RJ),2025-2026,campeonato-brasileiro-serie-a,MF,25.0,81.8,70.908195,15.0
Josué Pesqueira,Coritiba,2025-2026,campeonato-brasileiro-serie-a,MF,35.0,82.0,70.69134,16.0
Andrés Gómez,Vasco da Gama,2025-2026,campeonato-brasileiro-serie-a,MF,23.0,80.1,70.65386,17.0
Alef Manga,Remo,2025-2026,campeonato-brasileiro-serie-a,MF,31.0,80.4,70.51698,18.0
Lucas Moura,São Paulo,2025-2026,campeonato-brasileiro-serie-a,MF,33.0,66.8,69.01921,19.0
Jean Carlos Vicente,Chapecoense,2025-2026,campeonato-brasileiro-serie-a,MF,34.0,80.2,68.028175,20.0
Mauricio,Palmeiras,2025-2026,campeonato-brasileiro-serie-a,MF,25.0,75.0,67.92837,21.0
Johan Carbonero,Internacional,2025-2026,campeonato-brasileiro-serie-a,MF,26.0,76.7,67.851776,22.0
Ramón Sosa,Palmeiras,2025-2026,campeonato-brasileiro-serie-a,MF,26.0,77.6,67.821495,23.0
Benjamín Rollheiser,Santos,2025-2026,campeonato-brasileiro-serie-a,MF,26.0,77.7,67.81453,24.0
Álvaro Barreal,Santos,2025-2026,campeonato-brasileiro-serie-a,MF,25.0,79.0,67.711624,25.0
Rodrigo Garro,Corinthians,2025-2026,campeonato-brasileiro-serie-a,MF,28.0,68.2,67.53406,26.0
Rony,Santos,2025-2026,campeonato-brasileiro-serie-a,MF,31.0,79.5,67.20138,27.0
Everton Ribeiro,Bahia,2025-2026,campeonato-brasileiro-serie-a,MF,37.0,72.2,67.1787,28.0
Negueba,Mirassol,2025-2026,campeonato-brasileiro-serie-a,MF,26.0,76.4,66.946434,29.0
Breno,Coritiba,2025-2026,campeonato-brasileiro-serie-a,MF,30.0,78.3,66.90778,30.0
Jhon Arias,Palmeiras,2025-2026,campeonato-brasileiro-serie-a,MF,28.0,78.1,66.71427,31.0
Alesson,Mirassol,2025-2026,campeonato-brasileiro-serie-a,MF,27.0,75.2,66.59116,32.0
Felipe Anderson,Palmeiras,2025-2026,campeonato-brasileiro-serie-a,MF,33.0,74.1,66.39076,33.0
Gastón Benavídez,Athletico Paranaense,2025-2026,campeonato-brasileiro-serie-a,MF,30.0,75.7,66.311226,34.0
Antonio Galeano,Mirassol,2025-2026,campeonato-brasileiro-serie-a,MF,26.0,72.5,66.28769,35.0
Francis Amuzu,Grêmio,2025-2026,campeonato-brasileiro-serie-a,MF,26.0,74.0,65.987335,36.0
Santiago Rodríguez,Botafogo (RJ),2025-2026,campeonato-brasileiro-serie-a,MF,26.0,73.9,65.88598,37.0
Luciano Acosta,Fluminense,2025-2026,campeonato-brasileiro-serie-a,MF,31.0,74.4,65.87773,38.0
Igor Gomes,Atlético Mineiro,2025-2026,campeonato-brasileiro-serie-a,MF,27.0,69.6,65.57337,39.0
Aitor Cantalapiedra,Vitória,2025-2026,campeonato-brasileiro-serie-a,MF,30.0,74.1,65.20347,40.0
Rodrigo Nestor,Bahia,2025-2026,campeonato-brasileiro-serie-a,MF,25.0,71.3,65.10442,41.0
Julimar,Athletico Paranaense,2025-2026,campeonato-brasileiro-serie-a,MF,25.0,76.3,64.58736,42.0
Alexandro Bernabei,Internacional,2025-2026,campeonato-brasileiro-serie-a,MF,25.0,69.8,64.4516,43.0
Cauly Oliveira Souza,São Paulo,2025-2026,campeonato-brasileiro-serie-a,MF,30.0,70.6,64.43999,44.0
Gustavo Scarpa,Atlético Mineiro,2025-2026,campeonato-brasileiro-serie-a,MF,32.0,66.1,64.0656,45.0
Nuno Gonçalo Moreira,Vasco da Gama,2025-2026,campeonato-brasileiro-serie-a,MF,26.0,73.1,64.06424,46.0
Jefferson Savarino,Fluminense,2025-2026,campeonato-brasileiro-serie-a,MF,29.0,73.1,64.057686,47.0
André,Corinthians,2025-2026,campeonato-brasileiro-serie-a,MF,19.0,70.9,64.01884,48.0
José Herrera,RB Bragantino,2025-2026,campeonato-brasileiro-serie-a,MF,23.0,74.9,63.939114,49.0
Bernard,Atlético Mineiro,2025-2026,campeonato-brasileiro-serie-a,MF,33.0,64.0,63.864136,50.0
Yeferson Soteldo,Fluminense,2025-2026,campeonato-brasileiro-serie-a,MF,28.0,68.7,62.974022,51.0
Agustín Canobbio,Fluminense,2025-2026,campeonato-brasileiro-serie-a,MF,27.0,74.0,62.968,52.0
Damián Bobadilla,São Paulo,2025-2026,campeonato-brasileiro-serie-a,MF,24.0,66.6,62.8568,53.0
Dudu,Athletico Paranaense,2025-2026,campeonato-brasileiro-serie-a,MF,20.0,67.2,62.655163,54.0
Michel Araujo,Bahia,2025-2026,campeonato-brasileiro-serie-a,MF,29.0,69.1,62.402367,55.0
Jean Lucas,Bahia,2025-2026,campeonato-brasileiro-serie-a,MF,27.0,68.7,62.36238,56.0
José Enamorado,Grêmio,2025-2026,campeonato-brasileiro-serie-a,MF,27.0,65.9,62.352283,57.0
Wanderson,Cruzeiro,2025-2026,campeonato-brasileiro-serie-a,MF,31.0,69.5,62.31034,58.0
Jajá,Remo,2025-2026,campeonato-brasileiro-serie-a,MF,27.0,70.5,62.298637,59.0
Ênio,Chapecoense,2025-2026,campeonato-brasileiro-serie-a,MF,25.0,65.4,62.081234,60.0
Henry Mosquera,RB Bragantino,2025-2026,campeonato-brasileiro-serie-a,MF,24.0,62.2,61.9012,61.0
Lucas Barbosa,RB Bragantino,2025-2026,campeonato-brasileiro-serie-a,MF,25.0,69.1,61.690216,62.0
Tomás Cuello,Atlético Mineiro,2025-2026,campeonato-brasileiro-serie-a,MF,26.0,67.3,61.643696,63.0
Thaciano,Santos,2025-2026,campeonato-brasileiro-serie-a,MF,31.0,64.5,61.63314,64.0
Álvaro Montoro,Botafogo (RJ),2025-2026,campeonato-brasileiro-serie-a,MF,19.0,65.1,61.530407,65.0
Matheus Martins,Botafogo (RJ),2025-2026,campeonato-brasileiro-serie-a,MF,22.0,57.7,61.44935,66.0
Christian,Cruzeiro,2025-2026,campeonato-brasileiro-serie-a,MF,25.0,64.2,61.39711,67.0
Keny Arroyo,Cruzeiro,2025-2026,campeonato-brasileiro-serie-a,MF,20.0,67.5,61.30425,68.0
Gerson,Cruzeiro,2025-2026,campeonato-brasileiro-serie-a,MF,29.0,66.1,61.264683,69.0
Juan Nardoni,Grêmio,2025-2026,campeonato-brasileiro-serie-a,MF,23.0,63.0,61.190075,70.0
Lucas Paquetá,Flamengo,2025-2026,campeonato-brasileiro-serie-a,MF,28.0,61.1,60.784428,71.0
Lucas Ronier,Coritiba,2025-2026,campeonato-brasileiro-serie-a,MF,21.0,62.2,60.64523,72.0
Artur,São Paulo,2025-2026,campeonato-brasileiro-serie-a,MF,28.0,63.4,60.15416,73.0
Gabriel Bontempo,Santos,2025-2026,campeonato-brasileiro-serie-a,MF,21.0,60.3,60.044724,74.0
Yago Pikachu,Remo,2025-2026,campeonato-brasileiro-serie-a,MF,33.0,62.9,59.741226,75.0
Andreas Pereira,Palmeiras,2025-2026,campeonato-brasileiro-serie-a,MF,30.0,60.4,59.739044,76.0
Erick,Vitória,2025-2026,campeonato-brasileiro-serie-a,MF,28.0,60.7,59.545036,77.0
Stiven Mendoza,Athletico Paranaense,2025-2026,campeonato-brasileiro-serie-a,MF,33.0,61.5,59.46108,78.0
Lucas Romero,Cruzeiro,2025-2026,campeonato-brasileiro-serie-a,MF,32.0,60.1,59.07618,79.0
Rafael Carvalheira,Chapecoense,2025-2026,campeonato-brasileiro-serie-a,MF,26.0,56.8,58.548042,80.0
Daniel Borges,Mirassol,2025-2026,campeonato-brasileiro-serie-a,MF,33.0,60.3,58.249847,81.0
Thiago Maia,Internacional,2025-2026,campeonato-brasileiro-serie-a,MF,29.0,61.1,57.653454,82.0
Martinelli,Fluminense,2025-2026,campeonato-brasileiro-serie-a,MF,25.0,59.4,57.477028,83.0
Maycon,Atlético Mineiro,2025-2026,campeonato-brasileiro-serie-a,MF,28.0,56.5,57.46867,84.0
Mateo Sanabria,Bahia,2025-2026,campeonato-brasileiro-serie-a,MF,22.0,56.0,57.300274,85.0
José Aldo,Mirassol,2025-2026,campeonato-brasileiro-serie-a,MF,27.0,59.1,57.21367,86.0
Lucas Evangelista,Palmeiras,2025-2026,campeonato-brasileiro-serie-a,MF,31.0,58.6,56.66485,87.0
Emiliano Martínez,Palmeiras,2025-2026,campeonato-brasileiro-serie-a,MF,26.0,57.1,56.46687,88.0
Ronald,Vitória,2025-2026,campeonato-brasileiro-serie-a,MF,28.0,59.4,56.447872,89.0
Hércules,Fluminense,2025-2026,campeonato-brasileiro-serie-a,MF,25.0,58.9,56.31341,90.0
Gabriel Menino,Santos,2025-2026,campeonato-brasileiro-serie-a,MF,25.0,56.1,55.975655,91.0
Fernando Sobral,Coritiba,2025-2026,campeonato-brasileiro-serie-a,MF,31.0,58.3,55.91537,92.0
Zé Rafael,Santos,2025-2026,campeonato-brasileiro-serie-a,MF,32.0,59.4,55.859932,93.0
Johan Rojas,Vasco da Gama,2025-2026,campeonato-brasileiro-serie-a,MF,23.0,54.8,55.65659,94.0
Bruno Zapelli,Athletico Paranaense,2025-2026,campeonato-brasileiro-serie-a,MF,24.0,54.2,55.593315,95.0
Allan,Palmeiras,2025-2026,campeonato-brasileiro-serie-a,MF,22.0,52.5,55.55481,96.0
Jorginho,Flamengo,2025-2026,campeonato-brasileiro-serie-a,MF,34.0,55.5,55.252583,97.0
André Carrillo,Corinthians,2025-2026,campeonato-brasileiro-serie-a,MF,34.0,54.9,54.816017,98.0
Gustavinho,RB Bragantino,2025-2026,campeonato-brasileiro-serie-a,MF,22.0,49.6,54.683033,99.0
Christian Oliva,Santos,2025-2026,campeonato-brasileiro-serie-a,MF,29.0,54.0,54.343483,100.0
Tetê,Grêmio,2025-2026,campeonato-brasileiro-serie-a,MF,26.0,51.5,53.799416,101.0
Alan Rodríguez,Internacional,2025-2026,campeonato-brasileiro-serie-a,MF,26.0,51.3,53.788998,102.0
José Vitor Silva Neves,Vitória,2025-2026,campeonato-brasileiro-serie-a,MF,26.0,50.5,53.599663,103.0
Gabriel Mec,Grêmio,2025-2026,campeonato-brasileiro-serie-a,MF,18.0,48.1,53.424797,104.0
Nonato,Fluminense,2025-2026,campeonato-brasileiro-serie-a,MF,28.0,52.9,53.168667,105.0
Ganso,Fluminense,2025-2026,campeonato-brasileiro-serie-a,MF,36.0,50.9,53.091595,106.0
Erick,Bahia,2025-2026,campeonato-brasileiro-serie-a,MF,28.0,49.1,52.644333,107.0
Leonel Picco,Remo,2025-2026,campeonato-brasileiro-serie-a,MF,26.0,47.2,52.325367,108.0
Cauan Barros,Vasco da Gama,2025-2026,campeonato-brasileiro-serie-a,MF,22.0,46.4,52.12633,109.0
Gabriel Baralhas,Vitória,2025-2026,campeonato-brasileiro-serie-a,MF,27.0,57.0,52.104645,110.0
Lucas Silva,Cruzeiro,2025-2026,campeonato-brasileiro-serie-a,MF,33.0,54.9,51.82705,111.0
Higor Meritão,Chapecoense,2025-2026,campeonato-brasileiro-serie-a,MF,31.0,49.3,51.684296,112.0
Marcos Antônio,São Paulo,2025-2026,campeonato-brasileiro-serie-a,MF,25.0,51.0,51.46039,113.0
Alisson,Fluminense,2025-2026,campeonato-brasileiro-serie-a,MF,32.0,53.5,51.367752,114.0
Raniele,Corinthians,2025-2026,campeonato-brasileiro-serie-a,MF,29.0,53.9,50.952534,115.0
Cristian Medina,Botafogo (RJ),2025-2026,campeonato-brasileiro-serie-a,MF,23.0,42.4,50.714653,116.0
Marcos Rocha,Grêmio,2025-2026,campeonato-brasileiro-serie-a,MF,37.0,46.1,50.42737,117.0
Everton,Chapecoense,2025-2026,campeonato-brasileiro-serie-a,MF,31.0,47.7,50.264717,118.0
Marlon Freitas,Palmeiras,2025-2026,campeonato-brasileiro-serie-a,MF,31.0,53.3,50.239025,119.0
Bruno Henrique,Internacional,2025-2026,campeonato-brasileiro-serie-a,MF,36.0,48.0,50.098797,120.0
Breno,Corinthians,2025-2026,campeonato-brasileiro-serie-a,MF,21.0,46.2,49.99207,121.0
Danielzinho,São Paulo,2025-2026,campeonato-brasileiro-serie-a,MF,31.0,51.7,49.218945,122.0
Tchê Tchê,Vasco da Gama,2025-2026,campeonato-brasileiro-serie-a,MF,33.0,50.6,49.026855,123.0
Luiz Gustavo,Athletico Paranaense,2025-2026,campeonato-brasileiro-serie-a,MF,38.0,44.6,48.778667,124.0
Caio Alexandre,Bahia,2025-2026,campeonato-brasileiro-serie-a,MF,27.0,47.4,48.52864,125.0
Vitinho,Internacional,2025-2026,campeonato-brasileiro-serie-a,MF,27.0,43.9,48.2448,126.0
Erick Pulgar,Flamengo,2025-2026,campeonato-brasileiro-serie-a,MF,32.0,46.9,48.039505,127.0
Matheus Fernandes,RB Bragantino,2025-2026,campeonato-brasileiro-serie-a,MF,27.0,44.9,47.998367,128.0
João Schmidt,Santos,2025-2026,campeonato-brasileiro-serie-a,MF,33.0,53.3,47.9185,129.0
Italo,Chapecoense,2025-2026,campeonato-brasileiro-serie-a,MF,23.0,39.8,47.88172,130.0
Facundo Bernal,Fluminense,2025-2026,campeonato-brasileiro-serie-a,MF,22.0,44.5,47.76205,131.0
Leonardo Derik,Athletico Paranaense,2025-2026,campeonato-brasileiro-serie-a,MF,20.0,39.8,47.716576,132.0
Vini Paulista,Coritiba,2025-2026,campeonato-brasileiro-serie-a,MF,25.0,38.0,47.431934,133.0
Tomás Pérez,Atlético Mineiro,2025-2026,campeonato-brasileiro-serie-a,MF,20.0,38.0,47.36493,134.0
Gabriel,RB Bragantino,2025-2026,campeonato-brasileiro-serie-a,MF,33.0,40.9,47.358105,135.0
Pablo Maia,São Paulo,2025-2026,campeonato-brasileiro-serie-a,MF,24.0,41.9,47.215603,136.0
Hugo Moura,Vasco da Gama,2025-2026,campeonato-brasileiro-serie-a,MF,28.0,46.8,47.115547,137.0
Rodrigo Villagra,Internacional,2025-2026,campeonato-brasileiro-serie-a,MF,25.0,38.9,47.10855,138.0
Bruno Pacheco,Chapecoense,2025-2026,campeonato-brasileiro-serie-a,MF,34.0,43.4,46.674046,139.0
Leonel Pérez,Grêmio,2025-2026,campeonato-brasileiro-serie-a,MF,21.0,38.0,46.635323,140.0
Tomás Rincón,Santos,2025-2026,campeonato-brasileiro-serie-a,MF,38.0,38.6,46.498585,141.0
João Vitor,Chapecoense,2025-2026,campeonato-brasileiro-serie-a,MF,28.0,38.9,46.48988,142.0
Zé Ricardo,Remo,2025-2026,campeonato-brasileiro-serie-a,MF,27.0,34.8,46.27985,143.0
Gustavo Henrique,Santos,2025-2026,campeonato-brasileiro-serie-a,MF,21.0,37.2,45.971783,144.0
Juan Camilo Portilla,Athletico Paranaense,2025-2026,campeonato-brasileiro-serie-a,MF,27.0,37.2,45.868668,145.0
Matheus Pereira da Silva,Corinthians,2025-2026,campeonato-brasileiro-serie-a,MF,28.0,38.9,45.64769,146.0
Caíque de Jesus Gonçalves,Vitória,2025-2026,campeonato-brasileiro-serie-a,MF,30.0,38.9,45.43563,147.0
Alex Santana,Corinthians,2025-2026,campeonato-brasileiro-serie-a,MF,31.0,43.7,45.272808,148.0
Jadson,Athletico Paranaense,2025-2026,campeonato-brasileiro-serie-a,MF,32.0,48.3,45.19118,149.0
Evertton,Flamengo,2025-2026,campeonato-brasileiro-serie-a,MF,23.0,40.6,45.002117,150.0
Patrick,Remo,2025-2026,campeonato-brasileiro-serie-a,MF,33.0,39.8,44.84164,151.0
Paulinho,Internacional,2025-2026,campeonato-brasileiro-serie-a,MF,29.0,36.7,44.766388,152.0
Sebastián Gómez,Coritiba,2025-2026,campeonato-brasileiro-serie-a,MF,29.0,37.2,44.75979,153.0
Allan,Corinthians,2025-2026,campeonato-brasileiro-serie-a,MF,29.0,35.4,44.747005,154.0
Arthur Melo,Grêmio,2025-2026,campeonato-brasileiro-serie-a,MF,29.0,38.9,44.708874,155.0
Dodi,Grêmio,2025-2026,campeonato-brasileiro-serie-a,MF,30.0,46.8,44.696228,156.0
José Welison,Remo,2025-2026,campeonato-brasileiro-serie-a,MF,31.0,37.2,44.627262,157.0
Leandro Emmanuel Martínez,Vitória,2025-2026,campeonato-brasileiro-serie-a,MF,31.0,36.7,44.557384,158.0
Willian,Coritiba,2025-2026,campeonato-brasileiro-serie-a,MF,33.0,39.8,44.20286,159.0
Gustavo,Coritiba,2025-2026,campeonato-brasileiro-serie-a,MF,23.0,34.3,43.962784,160.0
Erick Noriega,Grêmio,2025-2026,campeonato-brasileiro-serie-a,MF,24.0,32.0,43.791412,161.0
Neto Moura,Mirassol,2025-2026,campeonato-brasileiro-serie-a,MF,29.0,30.8,41.813248,162.0
Matheus Henrique,Cruzeiro,2025-2026,campeonato-brasileiro-serie-a,MF,28.0,31.5,41.72585,163.0
Willian Arão,Santos,2025-2026,campeonato-brasileiro-serie-a,MF,33.0,32.4,41.395782,164.0
Allan,Botafogo (RJ),2025-2026,campeonato-brasileiro-serie-a,MF,35.0,36.9,41.307285,165.0
Camilo,Chapecoense,2025-2026,campeonato-brasileiro-serie-a,MF,27.0,29.6,40.67418,166.0
Alan Franco,Atlético Mineiro,2025-2026,campeonato-brasileiro-serie-a,MF,27.0,33.6,38.017254,167.0
Sam McCallum,Sheffield United,2025-2026,efl-championship,DF,25.0,82.8,74.653694,1.0
Kaine Kesler-Hayden,Coventry City,2025-2026,efl-championship,DF,23.0,83.9,72.701035,2.0
Alex Cochrane,Birmingham City,2025-2026,efl-championship,DF,26.0,82.5,72.016945,3.0
Tristan Crama,Millwall,2025-2026,efl-championship,DF,24.0,85.1,71.87624,4.0
Danny Imray,West Brom,2025-2026,efl-championship,DF,22.0,80.7,68.3619,5.0
Ryan Manning,Southampton,2025-2026,efl-championship,DF,29.0,84.2,67.21564,6.0
Ricardo Pereira,Leicester City,2025-2026,efl-championship,DF,32.0,82.9,66.70081,7.0
Ibane Bowat,Portsmouth,2025-2026,efl-championship,DF,23.0,78.8,66.58849,8.0
Matthew Clarke,Derby County,2025-2026,efl-championship,DF,29.0,82.8,66.449814,9.0
Alex Bangura,Middlesbrough,2025-2026,efl-championship,DF,26.0,79.4,66.391975,10.0
Terry Devlin,Portsmouth,2025-2026,efl-championship,DF,22.0,80.6,66.28836,11.0
Ben Johnson,Ipswich Town,2025-2026,efl-championship,DF,26.0,76.9,65.76438,12.0
Harrison Burrows,Sheffield United,2025-2026,efl-championship,DF,24.0,81.8,65.53087,13.0
Bobby Thomas,Coventry City,2025-2026,efl-championship,DF,25.0,70.6,65.41578,14.0
Milan van Ewijk,Coventry City,2025-2026,efl-championship,DF,25.0,80.4,65.16448,15.0
Ki-Jana Hoever,Sheffield United,2025-2026,efl-championship,DF,24.0,76.2,64.89693,16.0
Callum Styles,West Brom,2025-2026,efl-championship,DF,26.0,78.1,64.82692,17.0
Luke Ayling,Middlesbrough,2025-2026,efl-championship,DF,34.0,80.7,64.7833,18.0
Luke Thomas,Leicester City,2025-2026,efl-championship,DF,24.0,79.0,64.76151,19.0
Ethan Laird,Birmingham City,2025-2026,efl-championship,DF,25.0,74.1,64.57941,20.0
Matt Targett,Middlesbrough,2025-2026,efl-championship,DF,30.0,80.5,64.315216,21.0
Kellen Fisher,Norwich City,2025-2026,efl-championship,DF,22.0,72.6,64.21971,22.0
Sean McLoughlin,Blackburn Rovers,2025-2026,efl-championship,DF,29.0,76.3,63.958485,23.0
Taylor Harwood-Bellis,Southampton,2025-2026,efl-championship,DF,24.0,78.5,63.904068,24.0
Wout Faes,Leicester City,2025-2026,efl-championship,DF,28.0,75.1,63.81812,25.0
Kai Wagner,Birmingham City,2025-2026,efl-championship,DF,29.0,76.6,63.766693,26.0
Derry Murkin,Derby County,2025-2026,efl-championship,DF,26.0,75.7,63.685574,27.0
Jeremy Ngakia,Watford,2025-2026,efl-championship,DF,25.0,80.9,63.5864,28.0
George Campbell,West Brom,2025-2026,efl-championship,DF,24.0,75.2,63.49984,29.0
Liam Kitching,Coventry City,2025-2026,efl-championship,DF,26.0,71.9,63.39951,30.0
Hayden Carter,Blackburn Rovers,2025-2026,efl-championship,DF,26.0,73.6,63.378002,31.0
Ben Cabango,Swansea City,2025-2026,efl-championship,DF,25.0,74.3,63.166286,32.0
Christoph Klarer,Birmingham City,2025-2026,efl-championship,DF,25.0,73.8,63.066326,33.0
Lloyd Jones,Charlton Athletic,2025-2026,efl-championship,DF,30.0,75.0,62.679504,34.0
Joe Bryan,Millwall,2025-2026,efl-championship,DF,32.0,68.6,62.61053,35.0
Charlie Hughes,Hull City,2025-2026,efl-championship,DF,22.0,66.4,62.56433,36.0
Callum Brittain,Middlesbrough,2025-2026,efl-championship,DF,28.0,76.4,62.530483,37.0
James Bree,Southampton,2025-2026,efl-championship,DF,28.0,71.5,62.385773,38.0
Max Cleworth,Wrexham,2025-2026,efl-championship,DF,23.0,76.9,62.353184,39.0
Jordan Storey,Preston North End,2025-2026,efl-championship,DF,28.0,74.4,62.204384,40.0
Callum Doyle,Wrexham,2025-2026,efl-championship,DF,22.0,74.3,61.970104,41.0
Leif Davis,Ipswich Town,2025-2026,efl-championship,DF,26.0,68.7,61.85293,42.0
Caleb Taylor,Millwall,2025-2026,efl-championship,DF,23.0,70.8,61.83772,43.0
Tomoki Iwata,Birmingham City,2025-2026,efl-championship,DF,29.0,74.1,61.74027,44.0
Jake Cooper,Millwall,2025-2026,efl-championship,DF,31.0,75.8,61.678856,45.0
Nathaniel Phillips,West Brom,2025-2026,efl-championship,DF,29.0,74.1,61.62832,46.0
Josh Tymon,Swansea City,2025-2026,efl-championship,DF,27.0,78.8,61.541603,47.0
Regan Poole,Portsmouth,2025-2026,efl-championship,DF,27.0,67.2,61.526512,48.0
Ciaron Brown,Oxford United,2025-2026,efl-championship,DF,28.0,69.6,61.394745,49.0
Max Johnston,Derby County,2025-2026,efl-championship,DF,22.0,63.4,61.302963,50.0
Jack Robinson,Birmingham City,2025-2026,efl-championship,DF,32.0,72.4,61.096348,51.0
Eiran Cashin,Blackburn Rovers,2025-2026,efl-championship,DF,24.0,65.9,61.07577,52.0
Femi Seriki,Sheffield United,2025-2026,efl-championship,DF,24.0,72.6,60.60493,53.0
Jay Dasilva,Coventry City,2025-2026,efl-championship,DF,28.0,70.3,60.567204,54.0
Zak Vyner,Bristol City,2025-2026,efl-championship,DF,29.0,65.0,60.529884,55.0
Dara O'Shea,Ipswich Town,2025-2026,efl-championship,DF,27.0,67.8,60.427444,56.0
Marc Bola,Watford,2025-2026,efl-championship,DF,28.0,70.1,60.3925,57.0
Welington,Southampton,2025-2026,efl-championship,DF,25.0,63.6,60.3362,58.0
Jimmy Dunne,QPR,2025-2026,efl-championship,DF,28.0,71.0,60.17355,59.0
Greg Leigh,Oxford United,2025-2026,efl-championship,DF,31.0,61.2,60.097206,60.0
Zak Swanson,Portsmouth,2025-2026,efl-championship,DF,25.0,68.7,60.000694,61.0
Esquerdinha,QPR,2025-2026,efl-championship,DF,20.0,60.2,59.9275,62.0
Reece Burke,Charlton Athletic,2025-2026,efl-championship,DF,29.0,63.6,59.84302,63.0
Paddy McNair,Hull City,2025-2026,efl-championship,DF,31.0,62.4,59.768192,64.0
Cameron Burgess,Swansea City,2025-2026,efl-championship,DF,30.0,71.4,59.740982,65.0
Ben Wilmot,Stoke City,2025-2026,efl-championship,DF,26.0,60.4,59.254623,66.0
Jannik Vestergaard,Leicester City,2025-2026,efl-championship,DF,33.0,70.4,59.125023,67.0
Darnell Furlong,Ipswich Town,2025-2026,efl-championship,DF,30.0,62.1,59.11551,68.0
Semi Ajayi,Hull City,2025-2026,efl-championship,DF,32.0,63.6,59.11426,69.0
Nathan Wood-Gordon,Southampton,2025-2026,efl-championship,DF,23.0,57.4,58.931705,70.0
Joe Ward,Derby County,2025-2026,efl-championship,DF,30.0,73.6,58.914413,71.0
Stephen Mfuni,Watford,2025-2026,efl-championship,DF,18.0,57.0,58.85609,72.0
Alfie Doughty,Millwall,2025-2026,efl-championship,DF,26.0,61.0,58.80367,73.0
Caleb Okoli,Leicester City,2025-2026,efl-championship,DF,24.0,58.2,58.71791,74.0
Brodie Spencer,Oxford United,2025-2026,efl-championship,DF,22.0,60.9,58.696438,75.0
Cody Drameh,Hull City,2025-2026,efl-championship,DF,24.0,57.5,58.624332,76.0
Robert Dickie,Bristol City,2025-2026,efl-championship,DF,30.0,60.7,58.506683,77.0
Jack Currie,Oxford United,2025-2026,efl-championship,DF,23.0,62.9,58.43225,78.0
Matthew Pollock,Watford,2025-2026,efl-championship,DF,24.0,57.0,58.373478,79.0
Lewis Miller,Blackburn Rovers,2025-2026,efl-championship,DF,25.0,65.9,58.34315,80.0
Jacob Greaves,Ipswich Town,2025-2026,efl-championship,DF,25.0,59.7,58.27489,81.0
Josh Key,Swansea City,2025-2026,efl-championship,DF,26.0,56.7,58.11277,82.0
Andrew Hughes,Preston North End,2025-2026,efl-championship,DF,33.0,68.2,57.955482,83.0
Phil Neumann,Birmingham City,2025-2026,efl-championship,DF,28.0,59.7,57.402306,84.0
Gabriel Otegbayo,Sheffield Weds,2025-2026,efl-championship,DF,0.0,52.4,57.324005,85.0
Amadou Mbengue,QPR,2025-2026,efl-championship,DF,24.0,52.5,57.196507,86.0
Jakov Medić,Norwich City,2025-2026,efl-championship,DF,27.0,55.3,57.124905,87.0
Tyler Bindon,Sheffield United,2025-2026,efl-championship,DF,21.0,55.4,56.962177,88.0
Liam Lindsay,Preston North End,2025-2026,efl-championship,DF,30.0,59.2,56.72094,89.0
Akin Famewo,Hull City,2025-2026,efl-championship,DF,27.0,52.2,56.673374,90.0
Ben Mee,Sheffield United,2025-2026,efl-championship,DF,36.0,55.5,56.60431,91.0
Jack Stacey,Norwich City,2025-2026,efl-championship,DF,30.0,63.8,56.519054,92.0
Jamaal Lascelles,Leicester City,2025-2026,efl-championship,DF,32.0,53.5,56.46564,93.0
Cédric Kipré,Ipswich Town,2025-2026,efl-championship,DF,29.0,62.2,56.46088,94.0
Maksym Talovierov,Stoke City,2025-2026,efl-championship,DF,25.0,49.3,56.424595,95.0
Krystian Bielik,West Brom,2025-2026,efl-championship,DF,28.0,54.4,56.37723,96.0
Tom Atcheson,Blackburn Rovers,2025-2026,efl-championship,DF,19.0,45.7,56.094604,97.0
Eric Bocat,Stoke City,2025-2026,efl-championship,DF,26.0,53.5,56.089397,98.0
John Egan,Hull City,2025-2026,efl-championship,DF,33.0,65.7,56.086147,99.0
Benjamin Nelson,Leicester City,2025-2026,efl-championship,DF,22.0,50.1,56.040417,100.0
Saba Goglichidze,Watford,2025-2026,efl-championship,DF,21.0,47.9,56.017254,101.0
Sam Long,Oxford United,2025-2026,efl-championship,DF,31.0,60.6,55.94417,102.0
Dominic Iorfa,Sheffield Weds,2025-2026,efl-championship,DF,30.0,57.8,55.921593,103.0
Noah Eile,Bristol City,2025-2026,efl-championship,DF,23.0,49.0,55.843502,104.0
Japhet Tanganga,Sheffield United,2025-2026,efl-championship,DF,27.0,50.5,55.72311,105.0
Christ Makosso,Oxford United,2025-2026,efl-championship,DF,22.0,46.7,55.714798,106.0
Harry Darling,Norwich City,2025-2026,efl-championship,DF,26.0,54.0,55.711914,107.0
Ryan Giles,Hull City,2025-2026,efl-championship,DF,26.0,57.6,55.519566,108.0
Robert Atkinson,Bristol City,2025-2026,efl-championship,DF,27.0,58.6,55.478672,109.0
Luke Woolfenden,Coventry City,2025-2026,efl-championship,DF,27.0,48.4,55.420208,110.0
Craig Forsyth,Derby County,2025-2026,efl-championship,DF,37.0,57.8,55.41448,111.0
Adilson Malanda,Middlesbrough,2025-2026,efl-championship,DF,24.0,42.1,55.35781,112.0
Joshua Edwards,Charlton Athletic,2025-2026,efl-championship,DF,25.0,46.5,55.334686,113.0
Dion Sanderson,Derby County,2025-2026,efl-championship,DF,26.0,52.8,55.300056,114.0
George Pratt,Blackburn Rovers,2025-2026,efl-championship,DF,22.0,42.4,55.08901,115.0
Scott Wharton,Blackburn Rovers,2025-2026,efl-championship,DF,28.0,45.6,54.9667,116.0
Kayne Ramsey,Charlton Athletic,2025-2026,efl-championship,DF,25.0,43.1,54.93927,117.0
Zak Sturge,Millwall,2025-2026,efl-championship,DF,21.0,51.6,54.936073,118.0
Alfie Jones,Middlesbrough,2025-2026,efl-championship,DF,28.0,51.3,54.80536,119.0
Ronnie Edwards,QPR,2025-2026,efl-championship,DF,23.0,50.8,54.755005,120.0
Rhys Norrington-Davies,QPR,2025-2026,efl-championship,DF,27.0,45.2,54.681046,121.0
Bosun Lawal,Stoke City,2025-2026,efl-championship,DF,22.0,50.3,54.65044,122.0
Joshua Quarshie,Southampton,2025-2026,efl-championship,DF,21.0,40.2,54.51808,123.0
Joël Latibeaudière,Coventry City,2025-2026,efl-championship,DF,26.0,52.7,54.512287,124.0
Max Alleyne,Watford,2025-2026,efl-championship,DF,20.0,37.7,54.511578,125.0
Lewie Coyle,Hull City,2025-2026,efl-championship,DF,30.0,57.8,54.48094,126.0
Ashley Phillips,Stoke City,2025-2026,efl-championship,DF,20.0,49.1,54.12357,127.0
Alfie Gilchrist,West Brom,2025-2026,efl-championship,DF,22.0,39.6,54.11257,128.0
Cole McGhee,Sheffield Weds,2025-2026,efl-championship,DF,20.0,37.7,54.105927,129.0
Odeluga Offiah,Preston North End,2025-2026,efl-championship,DF,23.0,39.3,54.079304,130.0
Cameron Pring,Bristol City,2025-2026,efl-championship,DF,28.0,48.5,54.05395,131.0
Jérémy Pétris,Watford,2025-2026,efl-championship,DF,28.0,39.6,54.043697,132.0
Junior Tchamadeu,Stoke City,2025-2026,efl-championship,DF,22.0,55.2,54.01556,133.0
Dael Fry,Middlesbrough,2025-2026,efl-championship,DF,28.0,51.1,53.814693,134.0
Max Lowe,Sheffield Weds,2025-2026,efl-championship,DF,29.0,58.4,53.782852,135.0
Ronnie Edwards,Southampton,2025-2026,efl-championship,DF,23.0,40.8,53.609646,136.0
George Tanner,Bristol City,2025-2026,efl-championship,DF,26.0,53.6,53.566998,137.0
Liam Palmer,Sheffield Weds,2025-2026,efl-championship,DF,34.0,62.5,53.49009,138.0
Jack Stephens,Southampton,2025-2026,efl-championship,DF,32.0,58.0,53.46929,139.0
Josh Knight,Portsmouth,2025-2026,efl-championship,DF,28.0,40.1,53.356117,140.0
Liam Cooper,Sheffield Weds,2025-2026,efl-championship,DF,34.0,46.6,53.008495,141.0
Dan Scarr,Wrexham,2025-2026,efl-championship,DF,31.0,43.6,52.86599,142.0
Lewis Brunt,Wrexham,2025-2026,efl-championship,DF,25.0,37.3,52.791473,143.0
Jordan Williams,Portsmouth,2025-2026,efl-championship,DF,26.0,49.8,52.725773,144.0
Ryan Leonard,Millwall,2025-2026,efl-championship,DF,33.0,52.6,52.70742,145.0
James Abankwah,Watford,2025-2026,efl-championship,DF,22.0,47.0,52.687416,146.0
Dominic Hyam,Wrexham,2025-2026,efl-championship,DF,30.0,39.6,51.575157,147.0
Ben Davies,Oxford United,2025-2026,efl-championship,DF,30.0,39.2,51.40397,148.0
Lewis Gibson,Preston North End,2025-2026,efl-championship,DF,25.0,46.7,51.36604,149.0
Mark McGuinness,Sheffield United,2025-2026,efl-championship,DF,25.0,42.3,51.22917,150.0
Kévin Keben,Watford,2025-2026,efl-championship,DF,22.0,42.4,51.04133,151.0
Sondre Langås,Derby County,2025-2026,efl-championship,DF,25.0,41.7,50.612194,152.0
Jonathan Panzo,Birmingham City,2025-2026,efl-championship,DF,25.0,35.0,50.212154,153.0
Hamza Choudhury,Leicester City,2025-2026,efl-championship,DF,28.0,44.0,49.927635,154.0
Joel Ward,Swansea City,2025-2026,efl-championship,DF,36.0,38.7,49.82321,155.0
José Cordoba,Norwich City,2025-2026,efl-championship,DF,25.0,44.4,49.39817,156.0
Benjamin Chrisene,Norwich City,2025-2026,efl-championship,DF,22.0,40.4,49.25179,157.0
Danny Batth,Derby County,2025-2026,efl-championship,DF,35.0,36.5,49.19011,158.0
Chris Mepham,West Brom,2025-2026,efl-championship,DF,28.0,44.2,49.091274,159.0
Amari'i Bell,Charlton Athletic,2025-2026,efl-championship,DF,32.0,45.1,49.005135,160.0
Macaulay Gillesphey,Charlton Athletic,2025-2026,efl-championship,DF,30.0,45.6,48.87505,161.0
Ben Gibson,Stoke City,2025-2026,efl-championship,DF,33.0,43.5,48.550037,162.0
Michał Helik,Oxford United,2025-2026,efl-championship,DF,30.0,44.3,48.17475,163.0
Aaron Cresswell,Stoke City,2025-2026,efl-championship,DF,36.0,45.3,48.065723,164.0
Connor Ogilvie,Portsmouth,2025-2026,efl-championship,DF,30.0,42.6,47.69958,165.0
Steve Cook,QPR,2025-2026,efl-championship,DF,35.0,41.9,47.65253,166.0
Bright Osayi-Samuel,Birmingham City,2025-2026,efl-championship,DF,28.0,38.4,47.427917,167.0
Liam Morrison,QPR,2025-2026,efl-championship,DF,23.0,34.5,47.384457,168.0
Conor Shaughnessy,Portsmouth,2025-2026,efl-championship,DF,29.0,35.0,46.150524,169.0
Ruairi Mcconville,Norwich City,2025-2026,efl-championship,DF,21.0,33.5,45.322357,170.0
Dan McNamara,Millwall,2025-2026,efl-championship,DF,27.0,31.6,45.28481,171.0
Hayden Matthews,Portsmouth,2025-2026,efl-championship,DF,21.0,32.1,44.584057,172.0
Hidde ter Avest,Oxford United,2025-2026,efl-championship,DF,29.0,32.8,43.639297,173.0
Charlie Taylor,West Brom,2025-2026,efl-championship,DF,32.0,34.4,43.534523,174.0
Jake Clarke-Salter,QPR,2025-2026,efl-championship,DF,28.0,31.8,43.174297,175.0
Oliver McBurnie,Hull City,2025-2026,efl-championship,FW,29.0,83.9,74.40267,1.0
Mo Touré,Norwich City,2025-2026,efl-championship,FW,22.0,83.3,74.32222,2.0
Adam Armstrong,Southampton,2025-2026,efl-championship,FW,29.0,83.7,70.188515,3.0
Žan Vipotnik,Swansea City,2025-2026,efl-championship,FW,24.0,76.5,68.00536,4.0
Tommy Conway,Middlesbrough,2025-2026,efl-championship,FW,23.0,76.7,67.13838,5.0
Haji Wright,Coventry City,2025-2026,efl-championship,FW,28.0,76.2,67.092354,6.0
Cyle Larin,Southampton,2025-2026,efl-championship,FW,31.0,79.1,66.73109,7.0
Ellis Simms,Coventry City,2025-2026,efl-championship,FW,25.0,74.5,66.678375,8.0
Rumarn Burrell,QPR,2025-2026,efl-championship,FW,25.0,75.7,66.460266,9.0
Patrick Bamford,Sheffield United,2025-2026,efl-championship,FW,32.0,77.6,66.37379,10.0
George Hirst,Ipswich Town,2025-2026,efl-championship,FW,27.0,75.4,65.637314,11.0
Ike Ugbo,Sheffield Weds,2025-2026,efl-championship,FW,27.0,64.0,65.08529,12.0
Ross Stewart,Southampton,2025-2026,efl-championship,FW,29.0,75.2,64.84752,13.0
Ivan Azón,Ipswich Town,2025-2026,efl-championship,FW,23.0,72.7,64.56192,14.0
Adam Idah,Swansea City,2025-2026,efl-championship,FW,25.0,74.1,64.43622,15.0
Josh Sargent,Norwich City,2025-2026,efl-championship,FW,26.0,74.2,64.18574,16.0
Carlton Morris,Derby County,2025-2026,efl-championship,FW,30.0,73.9,64.14265,17.0
Cameron Archer,Southampton,2025-2026,efl-championship,FW,24.0,73.5,64.11107,18.0
Lewis Dobbin,Preston North End,2025-2026,efl-championship,FW,23.0,73.2,63.770657,19.0
Dávid Strelec,Middlesbrough,2025-2026,efl-championship,FW,25.0,69.8,63.511288,20.0
Mathias Kvistgaarden,Norwich City,2025-2026,efl-championship,FW,24.0,67.0,63.24014,21.0
Mihailo Ivanović,Millwall,2025-2026,efl-championship,FW,21.0,65.1,63.153076,22.0
Patrick Agyemang,Derby County,2025-2026,efl-championship,FW,25.0,65.9,62.94856,23.0
Josh Coburn,Millwall,2025-2026,efl-championship,FW,23.0,64.9,62.568665,24.0
Aune Heggebø,West Brom,2025-2026,efl-championship,FW,24.0,60.4,62.47852,25.0
Milan Smit,Stoke City,2025-2026,efl-championship,FW,23.0,70.1,61.92768,26.0
Will Lankshear,Oxford United,2025-2026,efl-championship,FW,21.0,62.1,61.685658,27.0
Lars-Jørgen Salvesen,Derby County,2025-2026,efl-championship,FW,30.0,73.4,61.597507,28.0
Charlie Kelman,Charlton Athletic,2025-2026,efl-championship,FW,24.0,61.9,61.379406,29.0
Marvin Ducksch,Birmingham City,2025-2026,efl-championship,FW,32.0,65.3,61.047993,30.0
Vivaldo Semedo,Watford,2025-2026,efl-championship,FW,21.0,60.6,60.600002,31.0
Tom Cannon,Sheffield United,2025-2026,efl-championship,FW,23.0,59.9,60.53878,32.0
Sam Smith,Wrexham,2025-2026,efl-championship,FW,28.0,63.9,60.33136,33.0
Yuki Ohashi,Blackburn Rovers,2025-2026,efl-championship,FW,29.0,63.8,60.040146,34.0
Kieffer Moore,Wrexham,2025-2026,efl-championship,FW,33.0,67.9,59.457,35.0
Lyndon Dykes,Charlton Athletic,2025-2026,efl-championship,FW,30.0,64.8,59.215504,36.0
Daryl Dike,West Brom,2025-2026,efl-championship,FW,25.0,50.4,59.174984,37.0
Richard Kone,QPR,2025-2026,efl-championship,FW,22.0,58.9,59.149685,38.0
Daniel Jebbison,Preston North End,2025-2026,efl-championship,FW,22.0,58.1,58.612133,39.0
Milutin Osmajić,Preston North End,2025-2026,efl-championship,FW,26.0,56.2,58.177063,40.0
Josh Maja,West Brom,2025-2026,efl-championship,FW,27.0,57.2,57.974857,41.0
Daniel Bennie,QPR,2025-2026,efl-championship,FW,20.0,54.8,57.554573,42.0
Danny Ings,Sheffield United,2025-2026,efl-championship,FW,33.0,57.8,57.01968,43.0
Mathias Jørgensen,Blackburn Rovers,2025-2026,efl-championship,FW,25.0,42.9,56.97895,44.0
Sinclair Armstrong,Bristol City,2025-2026,efl-championship,FW,22.0,52.1,56.800278,45.0
Delano Burgzorg,Bristol City,2025-2026,efl-championship,FW,27.0,59.4,56.763054,46.0
Jordan Ayew,Leicester City,2025-2026,efl-championship,FW,34.0,60.5,56.661545,47.0
Emil Riis Jakobsen,Bristol City,2025-2026,efl-championship,FW,27.0,56.6,56.607216,48.0
Andri Guðjohnsen,Blackburn Rovers,2025-2026,efl-championship,FW,24.0,45.0,56.1489,49.0
Isaac Olaofe,Charlton Athletic,2025-2026,efl-championship,FW,26.0,54.9,55.89824,50.0
Tyreece Campbell,Charlton Athletic,2025-2026,efl-championship,FW,22.0,49.5,55.83858,51.0
Lamine Cissé,Stoke City,2025-2026,efl-championship,FW,23.0,52.3,55.78509,52.0
Luca Kjerrumgaard,Watford,2025-2026,efl-championship,FW,23.0,51.0,55.455997,53.0
August Priske,Birmingham City,2025-2026,efl-championship,FW,22.0,44.1,55.384495,54.0
Makenzie Kirk,Portsmouth,2025-2026,efl-championship,FW,22.0,49.0,55.258408,55.0
Mamadou Kaly Sene,Middlesbrough,2025-2026,efl-championship,FW,24.0,38.3,55.15015,56.0
Jacob Brown,Portsmouth,2025-2026,efl-championship,FW,28.0,50.2,54.563564,57.0
Róbert Boženík,Stoke City,2025-2026,efl-championship,FW,26.0,34.9,54.015602,58.0
Divin Mubama,Stoke City,2025-2026,efl-championship,FW,21.0,48.6,53.785324,59.0
Tyrese Campbell,Sheffield United,2025-2026,efl-championship,FW,26.0,49.4,53.267345,60.0
Jamal Lowe,Sheffield Weds,2025-2026,efl-championship,FW,31.0,48.2,52.912247,61.0
Jerry Yates,Sheffield Weds,2025-2026,efl-championship,FW,29.0,35.2,52.789288,62.0
Patson Daka,Leicester City,2025-2026,efl-championship,FW,27.0,51.1,52.366688,63.0
Rayan Kolli,QPR,2025-2026,efl-championship,FW,21.0,43.9,51.96348,64.0
Mamadou Doumbia,Watford,2025-2026,efl-championship,FW,20.0,43.0,51.760696,65.0
Kyogo Furuhashi,Birmingham City,2025-2026,efl-championship,FW,31.0,39.9,51.66877,66.0
Bailey-Tye Cadamarteri,Sheffield Weds,2025-2026,efl-championship,FW,21.0,32.4,51.487022,67.0
Mark Harris,Oxford United,2025-2026,efl-championship,FW,27.0,40.1,50.1446,68.0
Nik Prelec,Oxford United,2025-2026,efl-championship,FW,24.0,34.3,48.127235,69.0
Sam Gallagher,Stoke City,2025-2026,efl-championship,FW,30.0,37.9,47.995148,70.0
Colby Bishop,Portsmouth,2025-2026,efl-championship,FW,29.0,43.0,47.303886,71.0
Miles Leaburn,Charlton Athletic,2025-2026,efl-championship,FW,22.0,39.3,47.271034,72.0
Michael Smith,Preston North End,2025-2026,efl-championship,FW,34.0,37.9,45.018856,73.0
Carl Rushworth,Coventry City,2025-2026,efl-championship,GK,24.0,90.7,74.707565,1.0
Christian Walton,Ipswich Town,2025-2026,efl-championship,GK,30.0,87.0,71.42812,2.0
Radek Vítek,Bristol City,2025-2026,efl-championship,GK,22.0,85.5,71.16518,3.0
Lawrence Vigouroux,Swansea City,2025-2026,efl-championship,GK,32.0,84.3,68.20558,4.0
Ivor Pandur,Hull City,2025-2026,efl-championship,GK,26.0,81.2,67.64482,5.0
Viktor Johansson,Stoke City,2025-2026,efl-championship,GK,27.0,79.2,66.59166,6.0
Jamie Cumming,Oxford United,2025-2026,efl-championship,GK,26.0,77.5,66.36312,7.0
Jacob Widell Zetterström,Derby County,2025-2026,efl-championship,GK,27.0,76.7,65.389755,8.0
Vladan Kovačević,Norwich City,2025-2026,efl-championship,GK,28.0,70.5,65.01066,9.0
Daniel Peretz,Southampton,2025-2026,efl-championship,GK,25.0,72.5,64.95044,10.0
Anthony Patterson,Millwall,2025-2026,efl-championship,GK,26.0,72.9,64.86298,11.0
Solomon Brynn,Middlesbrough,2025-2026,efl-championship,GK,25.0,71.6,64.50231,12.0
Daniel Iversen,Preston North End,2025-2026,efl-championship,GK,28.0,74.1,64.10429,13.0
James Beadle,Birmingham City,2025-2026,efl-championship,GK,21.0,63.6,63.133015,14.0
Jakub Stolarczyk,Leicester City,2025-2026,efl-championship,GK,25.0,67.4,62.892452,15.0
Max Crocombe,Millwall,2025-2026,efl-championship,GK,32.0,76.3,62.86642,16.0
Arthur Okonkwo,Wrexham,2025-2026,efl-championship,GK,24.0,63.3,61.353916,17.0
Balázs Tóth,Blackburn Rovers,2025-2026,efl-championship,GK,28.0,65.2,61.179348,18.0
Thomas Kaminski,Charlton Athletic,2025-2026,efl-championship,GK,33.0,68.2,61.01116,19.0
Egil Selvik,Watford,2025-2026,efl-championship,GK,28.0,65.2,60.956375,20.0
Richard O'Donnell,Derby County,2025-2026,efl-championship,GK,37.0,62.1,60.367332,21.0
Max O'Leary,West Brom,2025-2026,efl-championship,GK,29.0,57.0,59.07382,22.0
Murphy Cooper,Sheffield Weds,2025-2026,efl-championship,GK,24.0,53.6,58.089626,23.0
Asmir Begović,Leicester City,2025-2026,efl-championship,GK,38.0,53.0,58.07046,24.0
William Mannion,Charlton Athletic,2025-2026,efl-championship,GK,28.0,54.6,57.96912,25.0
Max O'Leary,Bristol City,2025-2026,efl-championship,GK,29.0,63.8,57.462,26.0
Nathan Baxter,Watford,2025-2026,efl-championship,GK,27.0,46.9,57.341713,27.0
Gavin Bazunu,Stoke City,2025-2026,efl-championship,GK,24.0,49.5,57.188705,28.0
Steven Benda,Millwall,2025-2026,efl-championship,GK,27.0,51.6,57.107662,29.0
Danny Ward,Wrexham,2025-2026,efl-championship,GK,32.0,51.9,56.30333,30.0
Michael Cooper,Sheffield United,2025-2026,efl-championship,GK,26.0,53.5,56.175705,31.0
Josef Bursik,Portsmouth,2025-2026,efl-championship,GK,25.0,43.0,56.07823,32.0
Aynsley Pears,Blackburn Rovers,2025-2026,efl-championship,GK,28.0,47.4,55.93013,33.0
Nicolas Schmid,Portsmouth,2025-2026,efl-championship,GK,29.0,53.1,55.733818,34.0
Ethan Horvath,Sheffield Weds,2025-2026,efl-championship,GK,30.0,43.6,55.195675,35.0
Ben Hamer,QPR,2025-2026,efl-championship,GK,38.0,41.7,54.838585,36.0
Adam Davies,Sheffield United,2025-2026,efl-championship,GK,33.0,42.7,54.408806,37.0
Ryan Allsop,Birmingham City,2025-2026,efl-championship,GK,33.0,45.7,54.354855,38.0
Pierce Charles,Sheffield Weds,2025-2026,efl-championship,GK,20.0,42.6,53.48055,39.0
Paul Nardi,QPR,2025-2026,efl-championship,GK,32.0,49.6,53.26469,40.0
Tommy Simkin,Stoke City,2025-2026,efl-championship,GK,21.0,34.9,53.06857,41.0
Gavin Bazunu,Southampton,2025-2026,efl-championship,GK,24.0,36.8,52.930614,42.0
Alex McCarthy,Southampton,2025-2026,efl-championship,GK,36.0,39.2,52.87168,43.0
Alex Palmer,Ipswich Town,2025-2026,efl-championship,GK,29.0,32.3,51.395485,44.0
David Cornell,Preston North End,2025-2026,efl-championship,GK,35.0,32.0,49.656387,45.0
Joe Walsh,QPR,2025-2026,efl-championship,GK,24.0,38.9,49.626236,46.0
Joe Wildsmith,West Brom,2025-2026,efl-championship,GK,30.0,43.9,49.09365,47.0
Joshua Griffiths,West Brom,2025-2026,efl-championship,GK,24.0,36.7,48.065083,48.0
Josh Vickers,Derby County,2025-2026,efl-championship,GK,30.0,34.0,46.348507,49.0
Léo Scienza,Southampton,2025-2026,efl-championship,MF,27.0,85.8,75.75986,1.0
Tomi Horvat,Bristol City,2025-2026,efl-championship,MF,27.0,84.6,74.34208,2.0
Divine Mukasa,Leicester City,2025-2026,efl-championship,MF,18.0,83.2,74.133934,3.0
Jack Clarke,Ipswich Town,2025-2026,efl-championship,MF,25.0,84.4,73.88622,4.0
Femi Azeez,Millwall,2025-2026,efl-championship,MF,24.0,83.8,73.75735,5.0
Brandon Thomas-Asante,Coventry City,2025-2026,efl-championship,MF,27.0,82.6,73.58937,6.0
Nathan Broadhead,Wrexham,2025-2026,efl-championship,MF,28.0,83.1,73.30035,7.0
Joe Gelhardt,Hull City,2025-2026,efl-championship,MF,24.0,85.5,72.76799,8.0
Million Manhoef,Stoke City,2025-2026,efl-championship,MF,24.0,80.2,72.41875,9.0
Emiliano Marcondes,Norwich City,2025-2026,efl-championship,MF,31.0,76.5,72.28136,10.0
Finn Azaz,Southampton,2025-2026,efl-championship,MF,25.0,82.1,72.0412,11.0
Ilias Chair,QPR,2025-2026,efl-championship,MF,28.0,76.9,71.90886,12.0
Marcelino Núñez,Ipswich Town,2025-2026,efl-championship,MF,26.0,80.8,71.22566,13.0
Hayden Hackney,Middlesbrough,2025-2026,efl-championship,MF,23.0,80.3,70.99741,14.0
Jaden Philogene Bidace,Ipswich Town,2025-2026,efl-championship,MF,24.0,79.0,70.918495,15.0
Gustavo Hamer,Sheffield United,2025-2026,efl-championship,MF,28.0,82.7,70.74217,16.0
Ephron Mason-Clark,Coventry City,2025-2026,efl-championship,MF,26.0,83.5,70.63404,17.0
Morgan Whittaker,Middlesbrough,2025-2026,efl-championship,MF,25.0,84.5,70.16989,18.0
Michael Johnston,West Brom,2025-2026,efl-championship,MF,27.0,79.2,69.54334,19.0
Jack Rudoni,Coventry City,2025-2026,efl-championship,MF,25.0,82.4,69.32087,20.0
Edmond-Paris Maghoma,Norwich City,2025-2026,efl-championship,MF,25.0,81.2,69.28709,21.0
Victor Torp,Coventry City,2025-2026,efl-championship,MF,26.0,82.2,69.223366,22.0
Ali Ahmed,Norwich City,2025-2026,efl-championship,MF,25.0,81.5,69.13939,23.0
Kyle Joseph,Hull City,2025-2026,efl-championship,MF,24.0,81.9,68.97392,24.0
Riley McGree,Middlesbrough,2025-2026,efl-championship,MF,27.0,76.8,68.52701,25.0
Jovon Makama,Norwich City,2025-2026,efl-championship,MF,22.0,77.3,67.931076,26.0
Romain Esse,Coventry City,2025-2026,efl-championship,MF,21.0,79.0,67.491356,27.0
Babajide Akintola,Hull City,2025-2026,efl-championship,MF,30.0,81.7,66.91142,28.0
Tom Fellows,Southampton,2025-2026,efl-championship,MF,22.0,72.5,66.768936,29.0
Josh Windass,Wrexham,2025-2026,efl-championship,MF,32.0,81.3,66.64279,30.0
Rocco Vata,Watford,2025-2026,efl-championship,MF,21.0,77.7,66.47805,31.0
Isaac Price,West Brom,2025-2026,efl-championship,MF,22.0,74.1,66.116295,32.0
Sorba Thomas,Stoke City,2025-2026,efl-championship,MF,26.0,78.0,66.04306,33.0
Bachir Belloumi,Hull City,2025-2026,efl-championship,MF,23.0,74.7,66.03134,34.0
Ibrahim Osman,Birmingham City,2025-2026,efl-championship,MF,21.0,78.4,66.02704,35.0
Nestory Irankunda,Watford,2025-2026,efl-championship,MF,20.0,78.5,65.83613,36.0
Jordan James,Leicester City,2025-2026,efl-championship,MF,21.0,77.1,65.72804,37.0
Jay Stansfield,Birmingham City,2025-2026,efl-championship,MF,23.0,78.9,65.55468,38.0
Sam Silvera,Middlesbrough,2025-2026,efl-championship,MF,25.0,77.4,65.53494,39.0
Papa Amadou Diallo,Norwich City,2025-2026,efl-championship,MF,21.0,76.8,65.44131,40.0
Jens Cajuste,Ipswich Town,2025-2026,efl-championship,MF,26.0,74.2,65.34888,41.0
Abdul Fatawu Issahaku,Leicester City,2025-2026,efl-championship,MF,22.0,67.9,65.263176,42.0
Othmane Maamma,Watford,2025-2026,efl-championship,MF,20.0,75.4,65.25353,43.0
Yang Minhyeok,Portsmouth,2025-2026,efl-championship,MF,20.0,77.4,65.25193,44.0
Wes Burns,Ipswich Town,2025-2026,efl-championship,MF,31.0,75.2,65.126724,45.0
Brad Potts,Preston North End,2025-2026,efl-championship,MF,31.0,75.8,65.05371,46.0
Imran Louza,Watford,2025-2026,efl-championship,MF,27.0,79.4,65.034805,47.0
Adrian Segecic,Portsmouth,2025-2026,efl-championship,MF,21.0,75.2,65.02059,48.0
Scott Twine,Bristol City,2025-2026,efl-championship,MF,26.0,79.2,65.00303,49.0
Matěj Jurásek,Norwich City,2025-2026,efl-championship,MF,22.0,70.8,64.93048,50.0
Florian Bianchini,Portsmouth,2025-2026,efl-championship,MF,24.0,74.1,64.76911,51.0
Kuryū Matsuki,Southampton,2025-2026,efl-championship,MF,23.0,73.8,64.58875,52.0
Alfie Devine,Preston North End,2025-2026,efl-championship,MF,21.0,76.4,64.50994,53.0
Callum O'Hare,Sheffield United,2025-2026,efl-championship,MF,28.0,80.1,64.33662,54.0
Jay Robinson,Southampton,2025-2026,efl-championship,MF,19.0,74.1,64.25627,55.0
Andre Brooks,Sheffield United,2025-2026,efl-championship,MF,22.0,74.9,64.19159,56.0
Rhian Brewster,Derby County,2025-2026,efl-championship,MF,26.0,73.3,64.01105,57.0
Josh Eccles,Coventry City,2025-2026,efl-championship,MF,26.0,68.8,63.716854,58.0
Sonny Carey,Charlton Athletic,2025-2026,efl-championship,MF,25.0,69.7,63.648865,59.0
Paul Smyth,QPR,2025-2026,efl-championship,MF,28.0,74.3,63.449406,60.0
Chuba Akpom,Ipswich Town,2025-2026,efl-championship,MF,30.0,69.3,63.325157,61.0
Carlos Vicente,Birmingham City,2025-2026,efl-championship,MF,27.0,71.6,63.23312,62.0
Anis Ben Slimane,Norwich City,2025-2026,efl-championship,MF,25.0,71.5,63.21517,63.0
Josh Murphy,Portsmouth,2025-2026,efl-championship,MF,31.0,71.9,63.201416,64.0
Demarai Gray,Birmingham City,2025-2026,efl-championship,MF,29.0,76.1,63.11187,65.0
Camiel Neghli,Millwall,2025-2026,efl-championship,MF,24.0,70.3,62.86432,66.0
Sydie Peck,Sheffield United,2025-2026,efl-championship,MF,21.0,73.0,62.848297,67.0
Bobby De Cordova-Reid,Leicester City,2025-2026,efl-championship,MF,33.0,73.0,62.783913,68.0
Luke Cundle,Millwall,2025-2026,efl-championship,MF,24.0,68.8,62.698486,69.0
Oscar Schwartau,Norwich City,2025-2026,efl-championship,MF,20.0,70.3,62.615963,70.0
Tatsuhiro Sakamoto,Coventry City,2025-2026,efl-championship,MF,29.0,72.0,62.48175,71.0
Malick Yalcouye,Swansea City,2025-2026,efl-championship,MF,20.0,66.0,62.417633,72.0
Harvey Vale,QPR,2025-2026,efl-championship,MF,22.0,70.8,62.349274,73.0
Yu Hirakawa,Bristol City,2025-2026,efl-championship,MF,25.0,67.9,62.324642,74.0
Jayden Fevrier,Charlton Athletic,2025-2026,efl-championship,MF,23.0,65.2,62.29254,75.0
Raees Bangura-Williams,Millwall,2025-2026,efl-championship,MF,0.0,64.5,62.256073,76.0
Anis Mehmeti,Bristol City,2025-2026,efl-championship,MF,25.0,66.4,62.11609,77.0
Sam Field,QPR,2025-2026,efl-championship,MF,28.0,68.0,62.11312,78.0
Jaydon Amauri Banel,Derby County,2025-2026,efl-championship,MF,21.0,69.1,61.93464,79.0
Ben Brereton,Derby County,2025-2026,efl-championship,MF,27.0,69.9,61.86995,80.0
Max Bird,Bristol City,2025-2026,efl-championship,MF,25.0,62.4,61.808212,81.0
James Bree,Charlton Athletic,2025-2026,efl-championship,MF,28.0,67.5,61.723194,82.0
Karlan Grant,West Brom,2025-2026,efl-championship,MF,28.0,64.4,61.647243,83.0
Todd Cantwell,Blackburn Rovers,2025-2026,efl-championship,MF,28.0,73.9,61.559284,84.0
Sindre Egeli,Ipswich Town,2025-2026,efl-championship,MF,19.0,64.2,61.558468,85.0
Patrick Roberts,Birmingham City,2025-2026,efl-championship,MF,29.0,74.6,61.531727,86.0
Lewis Koumas,Hull City,2025-2026,efl-championship,MF,20.0,65.9,61.520634,87.0
Ryoya Morishita,Blackburn Rovers,2025-2026,efl-championship,MF,29.0,74.6,61.462997,88.0
Rob Apter,Charlton Athletic,2025-2026,efl-championship,MF,23.0,60.9,61.3821,89.0
Jesurun Rak Sakyi,Stoke City,2025-2026,efl-championship,MF,23.0,60.7,61.36085,90.0
Darko Gyabi,Hull City,2025-2026,efl-championship,MF,22.0,62.1,61.358574,91.0
Kasey McAteer,Ipswich Town,2025-2026,efl-championship,MF,24.0,62.6,61.206184,92.0
Liam Millar,Hull City,2025-2026,efl-championship,MF,26.0,73.1,61.086525,93.0
Millenic Alli,Portsmouth,2025-2026,efl-championship,MF,26.0,62.7,61.065258,94.0
Shea Charles,Southampton,2025-2026,efl-championship,MF,22.0,66.4,60.97828,95.0
Jamie Donley,Oxford United,2025-2026,efl-championship,MF,21.0,62.6,60.95639,96.0
Nathaniel Chalobah,Sheffield Weds,2025-2026,efl-championship,MF,31.0,63.9,60.938442,97.0
Myles Peart-Harris,Oxford United,2025-2026,efl-championship,MF,23.0,63.8,60.933228,98.0
Oliver Rathbone,Wrexham,2025-2026,efl-championship,MF,29.0,68.2,60.801037,99.0
Joe Rankin-Costello,Charlton Athletic,2025-2026,efl-championship,MF,26.0,62.4,60.735764,100.0
Harvey Knibbs,Charlton Athletic,2025-2026,efl-championship,MF,27.0,60.2,60.611298,101.0
Thierno Ballo,Millwall,2025-2026,efl-championship,MF,24.0,69.5,60.444805,102.0
Conor Chaplin,Portsmouth,2025-2026,efl-championship,MF,29.0,63.4,60.319683,103.0
Anis Mehmeti,Ipswich Town,2025-2026,efl-championship,MF,25.0,61.9,60.31192,104.0
Koki Saito,QPR,2025-2026,efl-championship,MF,24.0,62.6,60.28613,105.0
Nicolas Madsen,QPR,2025-2026,efl-championship,MF,26.0,66.7,60.25785,106.0
Chiedozie Ogbene,Sheffield United,2025-2026,efl-championship,MF,29.0,63.7,60.233994,107.0
Stanley Mills,Oxford United,2025-2026,efl-championship,MF,22.0,70.3,60.22448,108.0
Louis Page,Leicester City,2025-2026,efl-championship,MF,17.0,64.6,60.173477,109.0
Ryan Fraser,Southampton,2025-2026,efl-championship,MF,32.0,66.0,60.056515,110.0
Edo Kayembe,Watford,2025-2026,efl-championship,MF,27.0,64.3,60.044533,111.0
Sammie Szmodics,Derby County,2025-2026,efl-championship,MF,30.0,64.9,60.04401,112.0
Charlie McNeill,Sheffield Weds,2025-2026,efl-championship,MF,22.0,61.8,59.862865,113.0
Luke Berry,Charlton Athletic,2025-2026,efl-championship,MF,33.0,65.4,59.810978,114.0
Alan Browne,Middlesbrough,2025-2026,efl-championship,MF,31.0,71.3,59.793682,115.0
Lewis O'Brien,Wrexham,2025-2026,efl-championship,MF,27.0,73.8,59.753506,116.0
Liam Cullen,Swansea City,2025-2026,efl-championship,MF,27.0,60.5,59.497406,117.0
Ronald,Swansea City,2025-2026,efl-championship,MF,24.0,66.5,59.472515,118.0
Macaulay Langstaff,Millwall,2025-2026,efl-championship,MF,29.0,64.4,59.467716,119.0
Bobby Clark,Derby County,2025-2026,efl-championship,MF,21.0,62.7,59.39322,120.0
Stefán Þórðarson,Preston North End,2025-2026,efl-championship,MF,27.0,60.4,59.389996,121.0
Barry Bannan,Millwall,2025-2026,efl-championship,MF,36.0,60.4,59.311943,122.0
Sontje Hansen,Middlesbrough,2025-2026,efl-championship,MF,24.0,59.0,59.305515,123.0
Giorgi Chakvetadze,Watford,2025-2026,efl-championship,MF,26.0,57.1,59.03926,124.0
Zeidane Inoussa,Swansea City,2025-2026,efl-championship,MF,24.0,60.0,59.03567,125.0
Stephy Mavididi,Leicester City,2025-2026,efl-championship,MF,27.0,66.8,58.92408,126.0
Andrew Moran,Preston North End,2025-2026,efl-championship,MF,22.0,59.6,58.866165,127.0
Andreas Weimann,Derby County,2025-2026,efl-championship,MF,34.0,68.2,58.82379,128.0
Bae Junho,Stoke City,2025-2026,efl-championship,MF,22.0,58.1,58.770245,129.0
Karamoko Dembélé,QPR,2025-2026,efl-championship,MF,23.0,54.7,58.712494,130.0
Conor Coady,Charlton Athletic,2025-2026,efl-championship,MF,33.0,61.3,58.303997,131.0
Aidan Morris,Middlesbrough,2025-2026,efl-championship,MF,24.0,64.1,58.246803,132.0
Callum Lang,Portsmouth,2025-2026,efl-championship,MF,27.0,57.3,58.09753,133.0
Amankwah Forson,Norwich City,2025-2026,efl-championship,MF,23.0,58.7,58.012245,134.0
John Swift,Portsmouth,2025-2026,efl-championship,MF,30.0,61.1,57.953457,135.0
Cameron Brannagan,Oxford United,2025-2026,efl-championship,MF,30.0,63.8,57.931534,136.0
Lewis Baker,Stoke City,2025-2026,efl-championship,MF,31.0,59.7,57.668304,137.0
Issa Kaboré,Wrexham,2025-2026,efl-championship,MF,25.0,62.7,57.578796,138.0
Andrija Vukčević,Preston North End,2025-2026,efl-championship,MF,29.0,58.3,57.365047,139.0
Ante Crnac,Norwich City,2025-2026,efl-championship,MF,22.0,53.5,56.958157,140.0
Sam Field,Norwich City,2025-2026,efl-championship,MF,28.0,58.0,56.934208,141.0
Marko Stamenic,Swansea City,2025-2026,efl-championship,MF,24.0,55.4,56.912327,142.0
Jed Wallace,West Brom,2025-2026,efl-championship,MF,32.0,60.5,56.912197,143.0
Tyler Goodrham,Oxford United,2025-2026,efl-championship,MF,22.0,55.7,56.89976,144.0
Mads Frøkjær-Jensen,Preston North End,2025-2026,efl-championship,MF,26.0,55.2,56.874027,145.0
Tahith Chong,Sheffield United,2025-2026,efl-championship,MF,26.0,56.8,56.62519,146.0
Gonçalo Franco,Swansea City,2025-2026,efl-championship,MF,25.0,61.3,56.560623,147.0
Jeremy Sarmiento,Middlesbrough,2025-2026,efl-championship,MF,23.0,51.9,56.490154,148.0
Keshi Anderson,Birmingham City,2025-2026,efl-championship,MF,31.0,56.2,56.472874,149.0
Gustavo Caballero,Portsmouth,2025-2026,efl-championship,MF,24.0,52.5,56.36821,150.0
Kwadwo Baah,Watford,2025-2026,efl-championship,MF,23.0,53.5,56.256546,151.0
Thierry Small,Preston North End,2025-2026,efl-championship,MF,21.0,57.9,56.188725,152.0
Ebou Adams,Portsmouth,2025-2026,efl-championship,MF,30.0,58.8,56.054058,153.0
Samuel Iling-Junior,West Brom,2025-2026,efl-championship,MF,22.0,54.9,55.819477,154.0
Axel Henriksson,Blackburn Rovers,2025-2026,efl-championship,MF,24.0,50.0,55.693684,155.0
Oliver Arblaster,Sheffield United,2025-2026,efl-championship,MF,22.0,52.0,55.66499,156.0
Ethan Galbraith,Swansea City,2025-2026,efl-championship,MF,25.0,59.5,55.50004,157.0
Tom Ince,Watford,2025-2026,efl-championship,MF,34.0,57.0,55.473663,158.0
Matt Crooks,Hull City,2025-2026,efl-championship,MF,32.0,61.2,55.33065,159.0
Jacob Wright,Norwich City,2025-2026,efl-championship,MF,20.0,56.5,55.297462,160.0
Aidomo Emakhu,Millwall,2025-2026,efl-championship,MF,22.0,44.7,55.227398,161.0
Filip Krastev,Oxford United,2025-2026,efl-championship,MF,24.0,51.5,55.145485,162.0
Ross McCrorie,Bristol City,2025-2026,efl-championship,MF,28.0,63.2,55.116714,163.0
Alexander Gilbert,Middlesbrough,2025-2026,efl-championship,MF,24.0,40.3,54.959938,164.0
Olaf Kobacki,Sheffield Weds,2025-2026,efl-championship,MF,24.0,47.7,54.841827,165.0
Jamie Allen,Coventry City,2025-2026,efl-championship,MF,31.0,56.6,54.719738,166.0
Jeremy Monga,Leicester City,2025-2026,efl-championship,MF,16.0,52.0,54.638577,167.0
Jayson Molumby,West Brom,2025-2026,efl-championship,MF,26.0,55.3,54.591053,168.0
Brian De Keersmaecker,Oxford United,2025-2026,efl-championship,MF,26.0,63.1,54.500725,169.0
Jordan Thompson,Preston North End,2025-2026,efl-championship,MF,29.0,54.7,54.399075,170.0
Ryan Hedges,Blackburn Rovers,2025-2026,efl-championship,MF,30.0,58.6,54.346325,171.0
Moussa Baradji,Blackburn Rovers,2025-2026,efl-championship,MF,25.0,54.5,54.326485,172.0
James McClean,Wrexham,2025-2026,efl-championship,MF,37.0,54.7,54.307865,173.0
Barry Bannan,Sheffield Weds,2025-2026,efl-championship,MF,36.0,57.4,54.12352,174.0
Jack Taylor,Ipswich Town,2025-2026,efl-championship,MF,27.0,56.1,54.020317,175.0
Melker Widell,Swansea City,2025-2026,efl-championship,MF,24.0,51.6,53.983524,176.0
Kenny McLean,Norwich City,2025-2026,efl-championship,MF,34.0,62.5,53.914623,177.0
Frank Onyeka,Coventry City,2025-2026,efl-championship,MF,28.0,50.3,53.88699,178.0
Gustavo Nunes,Swansea City,2025-2026,efl-championship,MF,20.0,49.8,53.866737,179.0
Tony Springett,Norwich City,2025-2026,efl-championship,MF,23.0,44.9,53.82068,180.0
Kwame Poku,QPR,2025-2026,efl-championship,MF,24.0,45.0,53.65257,181.0
Caspar Jander,Southampton,2025-2026,efl-championship,MF,23.0,56.3,53.614536,182.0
Delano Burgzorg,Middlesbrough,2025-2026,efl-championship,MF,27.0,53.0,53.556755,183.0
Lewis Koumas,Birmingham City,2025-2026,efl-championship,MF,20.0,45.2,53.521656,184.0
Joel Ndala,Hull City,2025-2026,efl-championship,MF,19.0,44.8,53.472202,185.0
Neto Borges,Bristol City,2025-2026,efl-championship,MF,29.0,52.5,53.384197,186.0
Tomas Rigo,Stoke City,2025-2026,efl-championship,MF,23.0,50.3,53.371178,187.0
Ryan Alebiosu,Blackburn Rovers,2025-2026,efl-championship,MF,24.0,58.5,53.13239,188.0
George Thomason,Wrexham,2025-2026,efl-championship,MF,25.0,58.9,52.847763,189.0
Matty James,Wrexham,2025-2026,efl-championship,MF,34.0,52.7,52.81367,190.0
Mark Sykes,Bristol City,2025-2026,efl-championship,MF,28.0,53.5,52.732716,191.0
Ryan Longman,Wrexham,2025-2026,efl-championship,MF,25.0,52.0,52.629066,192.0
Tommy Doyle,Birmingham City,2025-2026,efl-championship,MF,24.0,53.4,52.47632,193.0
Tayo Adaramola,Sheffield Weds,2025-2026,efl-championship,MF,22.0,46.3,52.43762,194.0
Dion De Neve,Blackburn Rovers,2025-2026,efl-championship,MF,24.0,49.3,52.36932,195.0
Oscar Fraulo,Derby County,2025-2026,efl-championship,MF,22.0,43.3,52.286747,196.0
Harry Clarke,Charlton Athletic,2025-2026,efl-championship,MF,25.0,49.1,52.260956,197.0
Alistair McCann,Preston North End,2025-2026,efl-championship,MF,26.0,51.8,52.219402,198.0
Harry Amass,Sheffield Weds,2025-2026,efl-championship,MF,19.0,46.9,51.956017,199.0
Sammie Szmodics,Ipswich Town,2025-2026,efl-championship,MF,30.0,47.5,51.880035,200.0
Pelle Mattsson,Norwich City,2025-2026,efl-championship,MF,24.0,50.4,51.59121,201.0
Siriki Dembélé,Oxford United,2025-2026,efl-championship,MF,29.0,45.6,51.10374,202.0
Boubakary Soumaré,Leicester City,2025-2026,efl-championship,MF,27.0,45.0,50.99794,203.0
Alex Mowatt,West Brom,2025-2026,efl-championship,MF,31.0,55.9,50.919228,204.0
Eom Jisung,Swansea City,2025-2026,efl-championship,MF,24.0,49.9,50.870514,205.0
Derek Mazou-Sacko,Millwall,2025-2026,efl-championship,MF,21.0,42.1,50.76476,206.0
George Dobson,Wrexham,2025-2026,efl-championship,MF,28.0,55.0,50.618492,207.0
Ben Whiteman,Preston North End,2025-2026,efl-championship,MF,29.0,55.9,50.544746,208.0
Harry Pickering,Blackburn Rovers,2025-2026,efl-championship,MF,27.0,41.7,50.354507,209.0
Matt Grimes,Coventry City,2025-2026,efl-championship,MF,30.0,52.8,50.08982,210.0
Regan Slater,Hull City,2025-2026,efl-championship,MF,26.0,51.6,50.085484,211.0
Jhon Solis,Birmingham City,2025-2026,efl-championship,MF,21.0,38.2,49.97716,212.0
Marc Leonard,Birmingham City,2025-2026,efl-championship,MF,24.0,39.7,49.8937,213.0
Harry Winks,Leicester City,2025-2026,efl-championship,MF,30.0,52.6,49.882298,214.0
Luke Harris,Oxford United,2025-2026,efl-championship,MF,21.0,38.4,49.753113,215.0
Harrison Armstrong,Preston North End,2025-2026,efl-championship,MF,19.0,40.8,49.69029,216.0
Luke Chambers,Charlton Athletic,2025-2026,efl-championship,MF,21.0,39.4,49.334877,217.0
Reece Johnson,Sheffield Weds,2025-2026,efl-championship,MF,20.0,31.2,49.15887,218.0
Yan Valery,Sheffield Weds,2025-2026,efl-championship,MF,27.0,49.7,49.155388,219.0
Sverre Nypan,Middlesbrough,2025-2026,efl-championship,MF,19.0,35.7,48.985752,220.0
Adam Randell,Bristol City,2025-2026,efl-championship,MF,25.0,48.8,48.855305,221.0
Svante Ingelsson,Sheffield Weds,2025-2026,efl-championship,MF,27.0,47.6,48.816227,222.0
Karoy Anderson,Charlton Athletic,2025-2026,efl-championship,MF,21.0,39.9,48.8146,223.0
Sidnei Tavares,Blackburn Rovers,2025-2026,efl-championship,MF,24.0,40.7,48.813484,224.0
Djibril Soumaré,Sheffield United,2025-2026,efl-championship,MF,23.0,43.8,48.644474,225.0
Jamal Lewis,Preston North End,2025-2026,efl-championship,MF,28.0,40.9,48.600025,226.0
Mirko Topić,Norwich City,2025-2026,efl-championship,MF,25.0,34.8,48.549908,227.0
Sean Fusire,Sheffield Weds,2025-2026,efl-championship,MF,20.0,45.4,48.54143,228.0
Márk Kosznovszky,Portsmouth,2025-2026,efl-championship,MF,24.0,36.6,48.41776,229.0
Jonathan Varane,QPR,2025-2026,efl-championship,MF,24.0,47.3,48.278885,230.0
Greg Docherty,Charlton Athletic,2025-2026,efl-championship,MF,29.0,51.2,48.277367,231.0
Liam Gibbs,Norwich City,2025-2026,efl-championship,MF,23.0,39.7,48.273605,232.0
Harvey Blair,Portsmouth,2025-2026,efl-championship,MF,22.0,41.3,48.075977,233.0
Andre Dozzell,Portsmouth,2025-2026,efl-championship,MF,27.0,45.0,47.625076,234.0
Liberato Cacace,Wrexham,2025-2026,efl-championship,MF,25.0,36.0,47.535328,235.0
Paik Seung-ho,Birmingham City,2025-2026,efl-championship,MF,29.0,42.2,47.531696,236.0
Aidomo Emakhu,Oxford United,2025-2026,efl-championship,MF,22.0,36.3,47.34118,237.0
Flynn Downes,Southampton,2025-2026,efl-championship,MF,27.0,46.7,47.307747,238.0
Callum Elder,Derby County,2025-2026,efl-championship,MF,31.0,51.5,47.287342,239.0
Dan Neil,Ipswich Town,2025-2026,efl-championship,MF,24.0,36.3,47.28312,240.0
David Ozoh,Derby County,2025-2026,efl-championship,MF,21.0,43.0,46.923054,241.0
Ousmane Diakité,West Brom,2025-2026,efl-championship,MF,25.0,42.6,46.6247,242.0
Jaden Heskey,Sheffield Weds,2025-2026,efl-championship,MF,20.0,33.6,46.593082,243.0
Sondre Tronstad,Blackburn Rovers,2025-2026,efl-championship,MF,30.0,49.3,46.571655,244.0
Przemysław Płacheta,Oxford United,2025-2026,efl-championship,MF,28.0,43.5,46.49915,245.0
Kristi Montgomery,Blackburn Rovers,2025-2026,efl-championship,MF,21.0,32.3,46.436996,246.0
Marlon Pack,Portsmouth,2025-2026,efl-championship,MF,35.0,47.8,46.418552,247.0
Yuri Ribeiro,Blackburn Rovers,2025-2026,efl-championship,MF,29.0,39.2,46.378693,248.0
Lewis Travis,Derby County,2025-2026,efl-championship,MF,28.0,38.3,46.365055,249.0
Cameron Bragg,Southampton,2025-2026,efl-championship,MF,21.0,32.0,46.31229,250.0
Mads Roerslev,Southampton,2025-2026,efl-championship,MF,26.0,33.7,46.20657,251.0
Jaïro Riedewald,Sheffield United,2025-2026,efl-championship,MF,29.0,43.0,46.14447,252.0
Jason Knight,Bristol City,2025-2026,efl-championship,MF,25.0,42.1,45.99169,253.0
Taylor Gardner-Hickman,Blackburn Rovers,2025-2026,efl-championship,MF,24.0,33.5,45.887054,254.0
Pol Valentín,Preston North End,2025-2026,efl-championship,MF,29.0,47.1,45.845196,255.0
Adam Forshaw,Blackburn Rovers,2025-2026,efl-championship,MF,34.0,35.0,45.78038,256.0
Liam Thompson,Derby County,2025-2026,efl-championship,MF,24.0,34.3,45.70649,257.0
Sam Morsy,Bristol City,2025-2026,efl-championship,MF,34.0,36.4,45.555843,258.0
Jamie McDonnell,Oxford United,2025-2026,efl-championship,MF,22.0,31.7,45.495926,259.0
Kieran Morgan,QPR,2025-2026,efl-championship,MF,20.0,38.5,45.371536,260.0
Casper de Norre,Millwall,2025-2026,efl-championship,MF,29.0,48.7,45.19591,261.0
Yunus Emre Konak,Oxford United,2025-2026,efl-championship,MF,20.0,31.1,45.090343,262.0
Luke Le Roux,Portsmouth,2025-2026,efl-championship,MF,26.0,32.8,45.037323,263.0
Isaac Hayden,QPR,2025-2026,efl-championship,MF,31.0,43.4,44.68612,264.0
Ben Sheaf,Wrexham,2025-2026,efl-championship,MF,28.0,34.0,44.671238,265.0
Azor Matusiwa,Ipswich Town,2025-2026,efl-championship,MF,28.0,44.8,44.539055,266.0
Jarvis Thornton,Sheffield Weds,2025-2026,efl-championship,MF,20.0,33.9,44.477406,267.0
Massimo Luongo,Millwall,2025-2026,efl-championship,MF,33.0,34.5,43.85267,268.0
Steven Nzonzi,Stoke City,2025-2026,efl-championship,MF,37.0,39.2,43.478962,269.0
Amir Hadžiahmetović,Hull City,2025-2026,efl-championship,MF,29.0,44.4,43.39944,270.0
John Lundstram,Hull City,2025-2026,efl-championship,MF,32.0,40.7,43.39509,271.0
Oliver Skipp,Leicester City,2025-2026,efl-championship,MF,25.0,40.4,43.36006,272.0
Will Vaulks,Oxford United,2025-2026,efl-championship,MF,32.0,43.4,43.34565,273.0
Moussa Sissoko,Watford,2025-2026,efl-championship,MF,36.0,36.0,42.939983,274.0
Ebou Adams,Derby County,2025-2026,efl-championship,MF,30.0,41.6,42.93926,275.0
Conor Coventry,Charlton Athletic,2025-2026,efl-championship,MF,26.0,40.3,42.686512,276.0
Hector Kyprianou,Watford,2025-2026,efl-championship,MF,24.0,36.7,42.089146,277.0
Jay Fulton,Swansea City,2025-2026,efl-championship,MF,32.0,35.9,41.856953,278.0
Billy Mitchell,Millwall,2025-2026,efl-championship,MF,26.0,38.6,41.720993,279.0
Tatsuki Seko,Stoke City,2025-2026,efl-championship,MF,28.0,40.8,41.307556,280.0
Ben Pearson,Stoke City,2025-2026,efl-championship,MF,31.0,34.1,39.63545,281.0
Nampalys Mendy,Watford,2025-2026,efl-championship,MF,33.0,33.4,38.30843,282.0
Mats Rots,Twente,2025-2026,eredivisie,DF,19.0,85.0,73.17046,1.0
Jeff Hardeveld,Telstar,2025-2026,eredivisie,DF,30.0,85.4,72.58692,2.0
Mauro Júnior,PSV Eindhoven,2025-2026,eredivisie,DF,26.0,83.4,72.21897,3.0
Souffian El Karouani,Utrecht,2025-2026,eredivisie,DF,24.0,83.0,72.1534,4.0
Bart van Rooij,Twente,2025-2026,eredivisie,DF,24.0,83.5,71.8071,5.0
Givairo Read,Feyenoord,2025-2026,eredivisie,DF,19.0,75.2,69.990616,6.0
Jordan Bos,Feyenoord,2025-2026,eredivisie,DF,22.0,82.8,69.96013,7.0
Gerrit Nauber,Go Ahead Eag,2025-2026,eredivisie,DF,33.0,73.0,69.22542,8.0
Patrick van Aanholt,Sparta R'dam,2025-2026,eredivisie,DF,35.0,72.1,68.20565,9.0
Marvin Young,Sparta R'dam,2025-2026,eredivisie,DF,19.0,78.2,67.412964,10.0
Oliver Braude,Heerenveen,2025-2026,eredivisie,DF,21.0,77.0,67.302155,11.0
Mees de Wit,AZ Alkmaar,2025-2026,eredivisie,DF,27.0,81.2,67.18229,12.0
Vasilios Zagaritis,Heerenveen,2025-2026,eredivisie,DF,24.0,80.7,67.125206,13.0
Yannick Leliendal,Volendam,2025-2026,eredivisie,DF,23.0,79.1,65.48615,14.0
Arthur Zagre,Excelsior,2025-2026,eredivisie,DF,23.0,79.5,65.38237,15.0
Boy Kemper,NAC Breda,2025-2026,eredivisie,DF,26.0,75.5,64.550186,16.0
Tyrese Noslin,Telstar,2025-2026,eredivisie,DF,22.0,77.3,64.17586,17.0
Joris Kramer,Go Ahead Eag,2025-2026,eredivisie,DF,29.0,70.4,64.174965,18.0
Youri Baas,Ajax,2025-2026,eredivisie,DF,22.0,74.9,63.665764,19.0
Ivan Mesík,Heracles Almelo,2025-2026,eredivisie,DF,24.0,68.8,62.169678,20.0
Marco Rente,Groningen,2025-2026,eredivisie,DF,28.0,73.3,62.05339,21.0
Marvin Peersman,Groningen,2025-2026,eredivisie,DF,34.0,72.0,61.993877,22.0
Sherel Floranus,Zwolle,2025-2026,eredivisie,DF,27.0,73.7,61.9891,23.0
Casper Widell,Excelsior,2025-2026,eredivisie,DF,22.0,63.0,61.9825,24.0
Wouter Goes,AZ Alkmaar,2025-2026,eredivisie,DF,21.0,66.8,61.973804,25.0
Teo Quintero,Sparta R'dam,2025-2026,eredivisie,DF,26.0,70.9,61.630287,26.0
Tsuyoshi Watanabe,Feyenoord,2025-2026,eredivisie,DF,28.0,70.1,61.458107,27.0
Jasper Dahlhaus,Fortuna Sittard,2025-2026,eredivisie,DF,23.0,68.7,61.37446,28.0
Danny Bakker,Telstar,2025-2026,eredivisie,DF,30.0,76.4,61.326458,29.0
Damon Mirani,Heracles Almelo,2025-2026,eredivisie,DF,29.0,66.1,61.278286,30.0
Xavier Mbuyamba,Volendam,2025-2026,eredivisie,DF,23.0,68.8,61.151287,31.0
Mateo Chávez,AZ Alkmaar,2025-2026,eredivisie,DF,21.0,68.7,60.761837,32.0
Aaron Bouwman,Ajax,2025-2026,eredivisie,DF,18.0,60.2,60.42562,33.0
Rio Hillen,NAC Breda,2025-2026,eredivisie,DF,22.0,68.9,60.368572,34.0
Dies Janse,Groningen,2025-2026,eredivisie,DF,19.0,64.0,60.28924,35.0
Alexandre Penetra,AZ Alkmaar,2025-2026,eredivisie,DF,23.0,64.1,60.08015,36.0
Thijmen Blokzijl,Groningen,2025-2026,eredivisie,DF,20.0,61.7,60.02203,37.0
Yarek Gasiorowski,PSV Eindhoven,2025-2026,eredivisie,DF,20.0,63.2,59.75759,38.0
Ilias Bronkhorst,Excelsior,2025-2026,eredivisie,DF,28.0,66.3,59.735126,39.0
Olivier Aertssen,Zwolle,2025-2026,eredivisie,DF,21.0,63.8,59.580605,40.0
Guus Offerhaus,Telstar,2025-2026,eredivisie,DF,24.0,64.2,59.065254,41.0
Youri Regeer,Ajax,2025-2026,eredivisie,DF,22.0,62.4,58.756615,42.0
Ryan Flamingo,PSV Eindhoven,2025-2026,eredivisie,DF,22.0,56.5,58.37572,43.0
Justin Hubner,Fortuna Sittard,2025-2026,eredivisie,DF,21.0,57.6,57.745842,44.0
Mats Deijl,Go Ahead Eag,2025-2026,eredivisie,DF,28.0,61.8,57.664593,45.0
Sergiño Dest,PSV Eindhoven,2025-2026,eredivisie,DF,24.0,62.6,57.64565,46.0
Anton Gaaei,Ajax,2025-2026,eredivisie,DF,22.0,57.8,57.32108,47.0
Cherrion Valerius,NAC Breda,2025-2026,eredivisie,DF,19.0,57.6,57.115562,48.0
Iván Márquez,Fortuna Sittard,2025-2026,eredivisie,DF,31.0,56.3,56.761425,49.0
Denso Kasius,AZ Alkmaar,2025-2026,eredivisie,DF,22.0,51.9,56.528942,50.0
Shawn Adewoye,Fortuna Sittard,2025-2026,eredivisie,DF,25.0,56.2,55.952694,51.0
Julius Dirksen,Go Ahead Eag,2025-2026,eredivisie,DF,22.0,41.2,55.80114,52.0
Matisse Didden,Utrecht,2025-2026,eredivisie,DF,23.0,52.7,55.66582,53.0
Nick Verschuren,Volendam,2025-2026,eredivisie,DF,20.0,55.0,55.228302,54.0
Mimeirhel Benita,Heracles Almelo,2025-2026,eredivisie,DF,21.0,48.8,55.145756,55.0
Robin Pröpper,Twente,2025-2026,eredivisie,DF,31.0,53.8,54.811756,56.0
Brayann Pereira,NEC Nijmegen,2025-2026,eredivisie,DF,22.0,48.5,54.607845,57.0
Sam Kersten,Heerenveen,2025-2026,eredivisie,DF,27.0,54.3,54.557682,58.0
Siebe Horemans,Utrecht,2025-2026,eredivisie,DF,27.0,50.5,54.220654,59.0
Aske Adelgaard,Go Ahead Eag,2025-2026,eredivisie,DF,21.0,47.3,54.033836,60.0
Nolan Martens,Excelsior,2025-2026,eredivisie,DF,21.0,43.2,53.791637,61.0
Mike van der Hoorn,Utrecht,2025-2026,eredivisie,DF,32.0,55.7,53.586456,62.0
Bart Nieuwkoop,Feyenoord,2025-2026,eredivisie,DF,29.0,49.0,53.21934,63.0
Dean James,Go Ahead Eag,2025-2026,eredivisie,DF,25.0,46.7,53.020424,64.0
Ivo Pinto,Fortuna Sittard,2025-2026,eredivisie,DF,35.0,55.9,52.454018,65.0
Deron Payne,Volendam,2025-2026,eredivisie,DF,22.0,37.0,52.26525,66.0
Precious Ugwu,Volendam,2025-2026,eredivisie,DF,19.0,48.0,52.09522,67.0
Armando Obispo,PSV Eindhoven,2025-2026,eredivisie,DF,26.0,45.3,52.01519,68.0
Owen Wijndal,Ajax,2025-2026,eredivisie,DF,25.0,42.9,51.6674,69.0
Max Bruns,Twente,2025-2026,eredivisie,DF,22.0,44.2,51.580315,70.0
Bruno Martins Indi,Sparta R'dam,2025-2026,eredivisie,DF,33.0,52.7,51.493633,71.0
Philippe Sandler,NEC Nijmegen,2025-2026,eredivisie,DF,28.0,48.1,51.32768,72.0
Mawouna Amevor,Volendam,2025-2026,eredivisie,DF,33.0,51.3,51.04206,73.0
Stav Lemkin,Twente,2025-2026,eredivisie,DF,22.0,41.8,50.902416,74.0
Stan Henderikx,Excelsior,2025-2026,eredivisie,DF,22.0,35.9,50.502068,75.0
Shurandy Sambo,Sparta R'dam,2025-2026,eredivisie,DF,24.0,42.9,50.33371,76.0
Gijs Smal,Feyenoord,2025-2026,eredivisie,DF,28.0,44.3,49.92242,77.0
Djevencio van der Kust,Heracles Almelo,2025-2026,eredivisie,DF,24.0,37.5,48.390907,78.0
Nick Viergever,Utrecht,2025-2026,eredivisie,DF,36.0,41.9,48.040596,79.0
Tyrique Mercera,Groningen,2025-2026,eredivisie,DF,21.0,34.7,48.03207,80.0
Ko Itakura,Ajax,2025-2026,eredivisie,DF,28.0,39.6,47.979507,81.0
Nikolai Hopland,Heerenveen,2025-2026,eredivisie,DF,21.0,39.7,47.731922,82.0
Wouter Prins,Groningen,2025-2026,eredivisie,DF,21.0,42.7,47.482075,83.0
Jannes Wieckhoff,Heracles Almelo,2025-2026,eredivisie,DF,25.0,34.9,47.357193,84.0
Devon Koswal,Telstar,2025-2026,eredivisie,DF,22.0,33.3,46.40571,85.0
Enes Mahmutovic,NAC Breda,2025-2026,eredivisie,DF,28.0,35.3,46.165295,86.0
Mike te Wierik,Heracles Almelo,2025-2026,eredivisie,DF,33.0,39.0,45.797745,87.0
Jordan Lotomba,Feyenoord,2025-2026,eredivisie,DF,26.0,36.2,45.173985,88.0
Hristiyan Petrov,Heerenveen,2025-2026,eredivisie,DF,23.0,30.5,41.396126,89.0
Mika Godts,Ajax,2025-2026,eredivisie,FW,20.0,88.7,79.247604,1.0
Anis Hadj Moussa,Feyenoord,2025-2026,eredivisie,FW,23.0,83.2,73.955795,2.0
Troy Parrott,AZ Alkmaar,2025-2026,eredivisie,FW,23.0,83.0,72.503685,3.0
Ricardo Pepi,PSV Eindhoven,2025-2026,eredivisie,FW,22.0,79.4,71.57095,4.0
Couhaib Driouech,PSV Eindhoven,2025-2026,eredivisie,FW,23.0,75.0,71.34731,5.0
Jizz Hornkamp,Heracles Almelo,2025-2026,eredivisie,FW,27.0,74.3,69.96611,6.0
Mohammed Ihattaren,Fortuna Sittard,2025-2026,eredivisie,FW,23.0,81.6,69.67886,7.0
Jacob Trenskow,Heerenveen,2025-2026,eredivisie,FW,24.0,77.3,69.327515,8.0
Mathis Suray,Go Ahead Eag,2025-2026,eredivisie,FW,24.0,71.6,68.95092,9.0
Dennis Man,PSV Eindhoven,2025-2026,eredivisie,FW,27.0,78.8,68.106995,10.0
Daan Rots,Twente,2025-2026,eredivisie,FW,24.0,72.6,67.485306,11.0
Koki Ogawa,NEC Nijmegen,2025-2026,eredivisie,FW,28.0,72.7,66.68147,12.0
Mexx Meerdink,AZ Alkmaar,2025-2026,eredivisie,FW,22.0,71.5,66.36188,13.0
Thom van Bergen,Groningen,2025-2026,eredivisie,FW,21.0,74.0,66.073654,14.0
Ayase Ueda,Feyenoord,2025-2026,eredivisie,FW,26.0,76.8,65.57254,15.0
Oscar Gloukh,Ajax,2025-2026,eredivisie,FW,21.0,76.7,65.28808,16.0
Ivan Perišić,PSV Eindhoven,2025-2026,eredivisie,FW,36.0,72.4,65.23909,17.0
Koen Kostons,Zwolle,2025-2026,eredivisie,FW,25.0,72.8,64.959236,18.0
Shunsuke Mito,Sparta R'dam,2025-2026,eredivisie,FW,22.0,68.5,64.623245,19.0
Esmir Bajraktarevic,PSV Eindhoven,2025-2026,eredivisie,FW,20.0,70.4,64.61008,20.0
Ricky van Wolfswinkel,Twente,2025-2026,eredivisie,FW,36.0,72.9,64.411156,21.0
Tjaronn Chery,NEC Nijmegen,2025-2026,eredivisie,FW,37.0,73.8,64.00509,22.0
Sondre Ørjasæter,Twente,2025-2026,eredivisie,FW,21.0,69.9,63.576283,23.0
David Min,Utrecht,2025-2026,eredivisie,FW,26.0,66.0,63.44955,24.0
Bryan Linssen,NEC Nijmegen,2025-2026,eredivisie,FW,34.0,74.9,62.98573,25.0
Milan Zonneveld,Telstar,2025-2026,eredivisie,FW,21.0,71.1,62.64323,26.0
Ayoub Oufkir,Sparta R'dam,2025-2026,eredivisie,FW,19.0,61.0,62.241516,27.0
Tobias Lauritsen,Sparta R'dam,2025-2026,eredivisie,FW,28.0,64.6,61.56365,28.0
Maxence Rivera,Heerenveen,2025-2026,eredivisie,FW,23.0,63.5,61.35782,29.0
Dylan Vente,Heerenveen,2025-2026,eredivisie,FW,26.0,60.2,60.93807,30.0
Ibrahim Sadiq,AZ Alkmaar,2025-2026,eredivisie,FW,25.0,56.6,59.621685,31.0
Sydney van Hooijdonk,NAC Breda,2025-2026,eredivisie,FW,25.0,56.7,59.584137,32.0
Raúl Moro,Ajax,2025-2026,eredivisie,FW,22.0,57.0,59.089706,33.0
Miguel Rodríguez,Utrecht,2025-2026,eredivisie,FW,22.0,54.1,58.923046,34.0
Paul Gladon,Fortuna Sittard,2025-2026,eredivisie,FW,33.0,59.1,58.71478,35.0
Makan Aiko,Fortuna Sittard,2025-2026,eredivisie,FW,24.0,61.1,58.497852,36.0
Kaj de Rooij,Zwolle,2025-2026,eredivisie,FW,24.0,57.0,57.93224,37.0
Wout Weghorst,Ajax,2025-2026,eredivisie,FW,33.0,63.5,57.91168,38.0
Václav Sejk,Heerenveen,2025-2026,eredivisie,FW,23.0,66.1,57.646107,39.0
Yoann Cathline,Utrecht,2025-2026,eredivisie,FW,23.0,55.4,57.575386,40.0
Naci Ünüvar,Twente,2025-2026,eredivisie,FW,22.0,55.2,56.82005,41.0
Raul Paula,NAC Breda,2025-2026,eredivisie,FW,21.0,54.5,56.517845,42.0
David van der Werff,Groningen,2025-2026,eredivisie,FW,21.0,55.3,56.466053,43.0
Dani de Wit,Utrecht,2025-2026,eredivisie,FW,27.0,57.7,55.825504,44.0
Milan Smit,Go Ahead Eag,2025-2026,eredivisie,FW,22.0,53.6,55.67192,45.0
Adrian Blake,Utrecht,2025-2026,eredivisie,FW,20.0,53.0,55.618916,46.0
Jorg Schreuders,Groningen,2025-2026,eredivisie,FW,20.0,48.6,55.610706,47.0
Luka Kulenović,Heracles Almelo,2025-2026,eredivisie,FW,25.0,54.3,55.559914,48.0
Justin Lonwijk,Fortuna Sittard,2025-2026,eredivisie,FW,25.0,46.5,55.30746,49.0
Gyan de Regt,Excelsior,2025-2026,eredivisie,FW,23.0,54.3,55.288887,50.0
Brandley Kuwas,Volendam,2025-2026,eredivisie,FW,32.0,55.7,55.276142,51.0
Leo Sauer,Feyenoord,2025-2026,eredivisie,FW,19.0,51.5,55.274292,52.0
Mario Engels,Heracles Almelo,2025-2026,eredivisie,FW,31.0,54.9,55.235607,53.0
Dylan Mbayo,Zwolle,2025-2026,eredivisie,FW,23.0,51.4,54.76663,54.0
Ro-Zangelo Daal,AZ Alkmaar,2025-2026,eredivisie,FW,21.0,45.8,54.2118,55.0
Sayfallah Ltaief,Sparta R'dam,2025-2026,eredivisie,FW,25.0,41.7,54.146072,56.0
Victor Edvardsen,Go Ahead Eag,2025-2026,eredivisie,FW,29.0,54.8,53.89023,57.0
Sébastien Haller,Utrecht,2025-2026,eredivisie,FW,31.0,52.4,53.77694,58.0
Juho Talvitie,NAC Breda,2025-2026,eredivisie,FW,20.0,47.4,53.5139,59.0
Soufiane Hetli,Telstar,2025-2026,eredivisie,FW,24.0,48.1,52.96826,60.0
Aurelio Oehlers,Volendam,2025-2026,eredivisie,FW,21.0,47.8,52.557583,61.0
Kristoffer Peterson,Fortuna Sittard,2025-2026,eredivisie,FW,30.0,47.7,52.412655,62.0
Yvandro Borges Sanches,Heracles Almelo,2025-2026,eredivisie,FW,21.0,36.5,51.27337,63.0
Joël Ideho,Volendam,2025-2026,eredivisie,FW,22.0,43.8,50.300667,64.0
Tristan van Gilst,Heracles Almelo,2025-2026,eredivisie,FW,22.0,39.8,49.298344,65.0
Vito van Crooij,NEC Nijmegen,2025-2026,eredivisie,FW,29.0,41.4,48.39612,66.0
Henk Veerman,Volendam,2025-2026,eredivisie,FW,32.0,41.9,48.309452,67.0
Richonell Margaret,Go Ahead Eag,2025-2026,eredivisie,FW,24.0,39.0,47.453426,68.0
Kamal Sowah,NAC Breda,2025-2026,eredivisie,FW,25.0,40.2,46.72488,69.0
Bryan Limbombe,Heracles Almelo,2025-2026,eredivisie,FW,24.0,40.7,46.479286,70.0
Jaden Slory,Feyenoord,2025-2026,eredivisie,FW,20.0,35.0,46.44821,71.0
Ozan Kökcü,Volendam,2025-2026,eredivisie,FW,27.0,38.9,46.28253,72.0
Aaron Meijers,Volendam,2025-2026,eredivisie,FW,37.0,32.4,46.1796,73.0
Oliver Edvardsen,Ajax,2025-2026,eredivisie,FW,26.0,36.3,44.06477,74.0
Mike van Duinen,Excelsior,2025-2026,eredivisie,FW,33.0,36.3,44.045986,75.0
Vasilios Barkas,Utrecht,2025-2026,eredivisie,GK,31.0,83.8,71.60378,1.0
Jari De Busser,Go Ahead Eag,2025-2026,eredivisie,GK,25.0,81.2,68.450386,2.0
Stijn van Gassel,Excelsior,2025-2026,eredivisie,GK,28.0,79.6,66.88968,3.0
Joel Drommel,Sparta R'dam,2025-2026,eredivisie,GK,28.0,76.8,66.26709,4.0
Matej Kovar,PSV Eindhoven,2025-2026,eredivisie,GK,25.0,65.6,64.0411,5.0
Timon Wellenreuther,Feyenoord,2025-2026,eredivisie,GK,29.0,70.0,63.469147,6.0
Kayne van Oevelen,Volendam,2025-2026,eredivisie,GK,22.0,61.7,62.602146,7.0
Vitezslav Jaros,Ajax,2025-2026,eredivisie,GK,24.0,68.5,61.750294,8.0
Etienne Vaessen,Groningen,2025-2026,eredivisie,GK,30.0,65.2,59.849586,9.0
Gonzalo Crettaz,NEC Nijmegen,2025-2026,eredivisie,GK,25.0,53.6,57.70172,10.0
Tom de Graaff,Zwolle,2025-2026,eredivisie,GK,20.0,53.9,57.167435,11.0
Lars Unnerstall,Twente,2025-2026,eredivisie,GK,35.0,55.9,56.502007,12.0
Daniel Bielica,NAC Breda,2025-2026,eredivisie,GK,26.0,51.7,56.162663,13.0
Jeroen Zoet,AZ Alkmaar,2025-2026,eredivisie,GK,34.0,44.3,50.736347,14.0
Mattijs Branderhorst,Fortuna Sittard,2025-2026,eredivisie,GK,31.0,42.4,49.76078,15.0
Fabian de Keijzer,Heracles Almelo,2025-2026,eredivisie,GK,25.0,39.5,44.308292,16.0
Hidde Jurjus,Groningen,2025-2026,eredivisie,GK,31.0,36.5,43.996895,17.0
Ismael Saibari,PSV Eindhoven,2025-2026,eredivisie,MF,24.0,87.2,78.57078,1.0
Sven Mijnans,AZ Alkmaar,2025-2026,eredivisie,MF,25.0,83.7,75.2645,2.0
Joey Veerman,PSV Eindhoven,2025-2026,eredivisie,MF,26.0,80.6,71.21845,3.0
Basar Onal,NEC Nijmegen,2025-2026,eredivisie,MF,21.0,80.9,70.6251,4.0
Rayane Bounida,Ajax,2025-2026,eredivisie,MF,19.0,80.8,70.487236,5.0
Victor Jensen,Utrecht,2025-2026,eredivisie,MF,25.0,72.0,70.095375,6.0
Steven Berghuis,Ajax,2025-2026,eredivisie,MF,33.0,74.6,69.801765,7.0
Kenneth Taylor,Ajax,2025-2026,eredivisie,MF,23.0,70.4,69.41418,8.0
Jakob Breum,Go Ahead Eag,2025-2026,eredivisie,MF,21.0,75.2,68.801605,9.0
Sem Steijn,Feyenoord,2025-2026,eredivisie,MF,23.0,77.0,67.80557,10.0
Robert Mühren,Volendam,2025-2026,eredivisie,MF,36.0,73.2,67.504974,11.0
Sami Ouaissa,NEC Nijmegen,2025-2026,eredivisie,MF,20.0,78.2,67.106,12.0
Quinten Timber,Feyenoord,2025-2026,eredivisie,MF,24.0,69.1,66.41632,13.0
Ringo Meerveld,Heerenveen,2025-2026,eredivisie,MF,24.0,75.1,66.329895,14.0
Kay Tejan,Telstar,2025-2026,eredivisie,MF,28.0,73.8,65.84496,15.0
Youssef El Kachati,NEC Nijmegen,2025-2026,eredivisie,MF,25.0,75.6,65.806725,16.0
Guus Til,PSV Eindhoven,2025-2026,eredivisie,MF,27.0,76.3,65.79425,17.0
Kian Fitz-Jim,Ajax,2025-2026,eredivisie,MF,22.0,61.4,65.0982,18.0
Patrick Brouwer,Telstar,2025-2026,eredivisie,MF,24.0,76.9,64.89461,19.0
Gjivai Zechiël,Utrecht,2025-2026,eredivisie,MF,21.0,77.7,64.44926,20.0
Arno Verschueren,Twente,2025-2026,eredivisie,MF,28.0,72.8,64.337585,21.0
Kodai Sano,NEC Nijmegen,2025-2026,eredivisie,MF,21.0,72.7,64.16863,22.0
Stije Resink,Groningen,2025-2026,eredivisie,MF,22.0,75.8,63.823,23.0
Luciano Valente,Feyenoord,2025-2026,eredivisie,MF,21.0,75.6,63.52798,24.0
Kees Smit,AZ Alkmaar,2025-2026,eredivisie,MF,19.0,63.4,62.7967,25.0
Paul Wanner,PSV Eindhoven,2025-2026,eredivisie,MF,19.0,74.2,62.580902,26.0
Mohamed Nassoh,NAC Breda,2025-2026,eredivisie,MF,22.0,67.4,62.411285,27.0
Noah Naujoks,Excelsior,2025-2026,eredivisie,MF,23.0,69.8,62.14986,28.0
Anthony Descotte,Volendam,2025-2026,eredivisie,MF,22.0,65.8,61.28633,29.0
Irakli Yegoian,Excelsior,2025-2026,eredivisie,MF,21.0,66.7,60.92502,30.0
Robin van Cruijsen,Volendam,2025-2026,eredivisie,MF,0.0,63.2,60.8047,31.0
Thijs Oosting,Zwolle,2025-2026,eredivisie,MF,25.0,67.3,60.217747,32.0
Ajdin Hrustic,Heracles Almelo,2025-2026,eredivisie,MF,29.0,66.4,60.068768,33.0
Thomas van den Belt,Twente,2025-2026,eredivisie,MF,24.0,65.6,60.01379,34.0
Miliano Jonathans,Utrecht,2025-2026,eredivisie,MF,21.0,65.2,59.76846,35.0
Luuk Brouwers,Heerenveen,2025-2026,eredivisie,MF,27.0,63.8,59.64424,36.0
Joshua Kitolano,Sparta R'dam,2025-2026,eredivisie,MF,24.0,60.6,59.630974,37.0
Davy Klaassen,Ajax,2025-2026,eredivisie,MF,32.0,61.1,58.859737,38.0
Clint Leemans,NAC Breda,2025-2026,eredivisie,MF,29.0,57.5,58.16497,39.0
Virgil Misidjan,NEC Nijmegen,2025-2026,eredivisie,MF,32.0,61.2,57.599567,40.0
Zico Buurmeester,AZ Alkmaar,2025-2026,eredivisie,MF,23.0,54.0,57.472763,41.0
Thibo Baeten,Go Ahead Eag,2025-2026,eredivisie,MF,23.0,58.9,57.02539,42.0
Julian Baas,Sparta R'dam,2025-2026,eredivisie,MF,23.0,52.6,56.993484,43.0
Melle Meulensteen,Go Ahead Eag,2025-2026,eredivisie,MF,26.0,62.2,56.740772,44.0
Jamiro Monteiro,Zwolle,2025-2026,eredivisie,MF,31.0,58.7,55.92751,45.0
Dirk Proper,NEC Nijmegen,2025-2026,eredivisie,MF,23.0,53.4,55.36668,46.0
Jorthy Mokio,Ajax,2025-2026,eredivisie,MF,17.0,56.4,54.39892,47.0
Peer Koopmeiners,AZ Alkmaar,2025-2026,eredivisie,MF,25.0,53.0,54.375416,48.0
Joris van Overeem,Heerenveen,2025-2026,eredivisie,MF,31.0,66.1,54.218338,49.0
Tika de Jonge,Groningen,2025-2026,eredivisie,MF,22.0,53.3,53.583035,50.0
Tyrone Owusu,Telstar,2025-2026,eredivisie,MF,26.0,55.0,53.473095,51.0
Nordin Bukala,Volendam,2025-2026,eredivisie,MF,19.0,51.4,52.489983,52.0
Marcus Linday,Heerenveen,2025-2026,eredivisie,MF,22.0,50.6,52.14681,53.0
Oussama Targhalline,Feyenoord,2025-2026,eredivisie,MF,23.0,56.1,52.06166,54.0
Lewis Holtby,NAC Breda,2025-2026,eredivisie,MF,34.0,58.0,51.71661,55.0
Jens Toornstra,Sparta R'dam,2025-2026,eredivisie,MF,36.0,48.9,51.16843,56.0
Pelle Clement,Sparta R'dam,2025-2026,eredivisie,MF,29.0,50.9,50.867626,57.0
Edouard Michut,Fortuna Sittard,2025-2026,eredivisie,MF,22.0,46.2,49.961384,58.0
Gibson Yah,Volendam,2025-2026,eredivisie,MF,21.0,51.3,49.790524,59.0
Sem Scheperman,Heracles Almelo,2025-2026,eredivisie,MF,23.0,45.0,49.646416,60.0
Ramiz Zerrouki,Twente,2025-2026,eredivisie,MF,27.0,52.7,49.567272,61.0
Jerdy Schouten,PSV Eindhoven,2025-2026,eredivisie,MF,28.0,48.9,49.391495,62.0
Ryan Thomas,Zwolle,2025-2026,eredivisie,MF,30.0,46.3,49.277367,63.0
Dylan Mertens,Telstar,2025-2026,eredivisie,MF,30.0,47.0,48.89266,64.0
Jerolldino Bergraaf,Excelsior,2025-2026,eredivisie,MF,19.0,40.9,48.01645,65.0
Mathias Kjølø,Twente,2025-2026,eredivisie,MF,24.0,42.0,47.58303,66.0
Nils Rossen,Telstar,2025-2026,eredivisie,MF,20.0,41.8,47.00935,67.0
Philip Brittijn,Fortuna Sittard,2025-2026,eredivisie,MF,21.0,44.0,46.712425,68.0
Thomas Bruns,Heracles Almelo,2025-2026,eredivisie,MF,33.0,42.8,45.732986,69.0
Rick Meissen,Excelsior,2025-2026,eredivisie,MF,23.0,41.3,45.06869,70.0
Alex Plat,Volendam,2025-2026,eredivisie,MF,27.0,38.6,45.0481,71.0
Nick Fichtinger,Zwolle,2025-2026,eredivisie,MF,21.0,38.4,44.59933,72.0
Jordy Clasie,AZ Alkmaar,2025-2026,eredivisie,MF,34.0,43.8,44.58108,73.0
Calvin Twigt,Go Ahead Eag,2025-2026,eredivisie,MF,22.0,32.6,43.91135,74.0
Evert Linthorst,Go Ahead Eag,2025-2026,eredivisie,MF,25.0,38.9,43.744106,75.0
Ryan Fosso,Fortuna Sittard,2025-2026,eredivisie,MF,23.0,35.6,43.609734,76.0
Alonzo Engwanda,Utrecht,2025-2026,eredivisie,MF,22.0,40.4,43.522625,77.0
Jan Žambůrek,Heracles Almelo,2025-2026,eredivisie,MF,24.0,36.1,42.522568,78.0
Neville Ogidi Nwankwo,Telstar,2025-2026,eredivisie,MF,22.0,37.5,42.517254,79.0
Boyd Lucassen,NAC Breda,2025-2026,eredivisie,MF,27.0,37.3,42.02958,80.0
Yassir Salah Rahmouni,Go Ahead Eag,2025-2026,eredivisie,MF,19.0,30.1,41.237114,81.0
Adam Carlén,Excelsior,2025-2026,eredivisie,MF,25.0,31.2,39.47431,82.0
João Cancelo,Barcelona,2025-2026,la-liga,DF,31.0,89.0,77.959114,1.0
Carlos Romero,Espanyol,2025-2026,la-liga,DF,24.0,88.3,76.36287,2.0
Sergio Gómez,Real Sociedad,2025-2026,la-liga,DF,25.0,86.1,76.288765,3.0
Andrei Ratiu,Rayo Vallecano,2025-2026,la-liga,DF,27.0,87.5,75.70472,4.0
Arnau Martinez,Girona,2025-2026,la-liga,DF,23.0,86.4,74.538124,5.0
Eric García,Barcelona,2025-2026,la-liga,DF,25.0,84.7,74.03962,6.0
Jules Koundé,Barcelona,2025-2026,la-liga,DF,27.0,84.7,73.36729,7.0
David Affengruber,Elche,2025-2026,la-liga,DF,25.0,86.7,72.9176,8.0
Florian Lejeune,Rayo Vallecano,2025-2026,la-liga,DF,35.0,87.9,72.40947,9.0
Héctor Fort,Elche,2025-2026,la-liga,DF,19.0,75.8,72.16104,10.0
Jon Aramburu,Real Sociedad,2025-2026,la-liga,DF,23.0,83.7,71.2695,11.0
Aitor Ruibal,Real Betis,2025-2026,la-liga,DF,30.0,84.3,71.2467,12.0
Santiago Mouriño,Villarreal,2025-2026,la-liga,DF,24.0,83.8,71.21238,13.0
Adrián de la Fuente,Levante,2025-2026,la-liga,DF,27.0,85.1,70.693146,14.0
Alfonso Pedraza,Villarreal,2025-2026,la-liga,DF,30.0,78.0,70.34043,15.0
Nahuel Molina,Atlético Madrid,2025-2026,la-liga,DF,28.0,76.4,69.99596,16.0
Nahuel Tenaglia,Alavés,2025-2026,la-liga,DF,30.0,84.6,69.9167,17.0
Álvaro Carreras,Real Madrid,2025-2026,la-liga,DF,23.0,79.7,69.26653,18.0
Vitor Reis,Girona,2025-2026,la-liga,DF,20.0,80.3,69.176994,19.0
Gabriel Suazo,Sevilla,2025-2026,la-liga,DF,28.0,78.9,68.98815,20.0
Pep Chavarría,Rayo Vallecano,2025-2026,la-liga,DF,28.0,80.1,68.91266,21.0
Sergi Cardona,Villarreal,2025-2026,la-liga,DF,26.0,80.3,68.412346,22.0
Marcos Llorente,Atlético Madrid,2025-2026,la-liga,DF,31.0,81.4,68.28986,23.0
Marc Pubill,Atlético Madrid,2025-2026,la-liga,DF,22.0,63.8,67.88414,24.0
Marcos Alonso,Celta Vigo,2025-2026,la-liga,DF,35.0,80.4,67.38469,25.0
Yuri Berchiche,Athletic Club,2025-2026,la-liga,DF,36.0,83.1,67.34556,26.0
Jon Martin,Real Sociedad,2025-2026,la-liga,DF,20.0,77.1,67.28882,27.0
Dean Huijsen,Real Madrid,2025-2026,la-liga,DF,21.0,75.1,67.28458,28.0
Jeremy Toljan,Levante,2025-2026,la-liga,DF,31.0,80.6,67.27901,29.0
Leandro Cabrera,Espanyol,2025-2026,la-liga,DF,34.0,79.9,67.24458,30.0
Éder Militão,Real Madrid,2025-2026,la-liga,DF,28.0,70.2,66.95442,31.0
Kike Salas,Sevilla,2025-2026,la-liga,DF,24.0,81.4,66.90926,32.0
Johan Mojica,Mallorca,2025-2026,la-liga,DF,33.0,80.2,66.609245,33.0
Martin Valjent,Mallorca,2025-2026,la-liga,DF,30.0,71.9,66.30913,34.0
Omar El Hilali,Espanyol,2025-2026,la-liga,DF,22.0,76.0,65.93995,35.0
César Tárrega,Valencia,2025-2026,la-liga,DF,24.0,68.3,65.8935,36.0
Valentin Rosier,Osasuna,2025-2026,la-liga,DF,29.0,79.1,65.77727,37.0
Álex Moreno,Girona,2025-2026,la-liga,DF,32.0,78.3,65.760735,38.0
Valentín Gómez,Real Betis,2025-2026,la-liga,DF,22.0,73.7,65.51738,39.0
Matteo Ruggeri,Atlético Madrid,2025-2026,la-liga,DF,23.0,72.2,65.283936,40.0
Alejandro Balde,Barcelona,2025-2026,la-liga,DF,22.0,60.6,65.1157,41.0
Ronald Araújo,Barcelona,2025-2026,la-liga,DF,27.0,71.2,64.96776,42.0
Pablo Maffeo,Mallorca,2025-2026,la-liga,DF,28.0,75.9,64.794586,43.0
Daniel Vivian,Athletic Club,2025-2026,la-liga,DF,26.0,75.7,64.37569,44.0
Natan,Real Betis,2025-2026,la-liga,DF,25.0,69.6,64.351456,45.0
Lucas Ahijado,Oviedo,2025-2026,la-liga,DF,31.0,69.5,63.783752,46.0
Alejandro Francés,Girona,2025-2026,la-liga,DF,23.0,65.2,63.597393,47.0
Trent Alexander-Arnold,Real Madrid,2025-2026,la-liga,DF,27.0,65.6,63.344887,48.0
Aitor Paredes,Athletic Club,2025-2026,la-liga,DF,26.0,67.9,63.22459,49.0
Pau Cubarsí,Barcelona,2025-2026,la-liga,DF,19.0,70.0,62.931072,50.0
Matias Moreno,Levante,2025-2026,la-liga,DF,22.0,67.1,62.794468,51.0
Victor Parada,Alavés,2025-2026,la-liga,DF,24.0,67.4,62.73133,52.0
Nobel Mendy,Rayo Vallecano,2025-2026,la-liga,DF,21.0,69.1,62.47656,53.0
Pedro Bigas,Elche,2025-2026,la-liga,DF,35.0,72.7,62.341423,54.0
Gerard Martín,Barcelona,2025-2026,la-liga,DF,24.0,64.2,62.281357,55.0
Junior Firpo,Real Betis,2025-2026,la-liga,DF,29.0,70.7,62.22,56.0
Carmona,Sevilla,2025-2026,la-liga,DF,24.0,64.1,61.89925,57.0
Hugo Rincón,Girona,2025-2026,la-liga,DF,23.0,63.2,61.7783,58.0
Nacho Vidal,Oviedo,2025-2026,la-liga,DF,31.0,71.4,61.748512,59.0
David Carmo,Oviedo,2025-2026,la-liga,DF,26.0,65.0,61.68578,60.0
Aymeric Laporte,Athletic Club,2025-2026,la-liga,DF,31.0,68.9,61.679153,61.0
Nemanja Gudelj,Sevilla,2025-2026,la-liga,DF,34.0,71.5,61.58458,62.0
Alan Matturro,Levante,2025-2026,la-liga,DF,21.0,64.9,61.41549,63.0
Héctor Bellerín,Real Betis,2025-2026,la-liga,DF,31.0,74.0,61.401184,64.0
Domingos Duarte,Getafe,2025-2026,la-liga,DF,31.0,70.0,61.388897,65.0
Andoni Gorosabel,Athletic Club,2025-2026,la-liga,DF,29.0,57.6,61.05071,66.0
Javi Rodríguez,Celta Vigo,2025-2026,la-liga,DF,22.0,61.8,60.869003,67.0
Daley Blind,Girona,2025-2026,la-liga,DF,36.0,74.8,60.859932,68.0
Thierry Correia,Valencia,2025-2026,la-liga,DF,27.0,60.6,60.753033,69.0
Víctor Chust,Elche,2025-2026,la-liga,DF,26.0,65.4,60.492344,70.0
Javi López,Oviedo,2025-2026,la-liga,DF,24.0,61.0,60.45677,71.0
Rafa Marín,Villarreal,2025-2026,la-liga,DF,24.0,60.8,60.425587,72.0
Álvaro Núñez,Elche,2025-2026,la-liga,DF,25.0,58.2,60.278557,73.0
Robin Le Normand,Atlético Madrid,2025-2026,la-liga,DF,29.0,65.2,60.198265,74.0
Pau Navarro,Villarreal,2025-2026,la-liga,DF,21.0,60.4,60.126408,75.0
Enzo Boyomo,Osasuna,2025-2026,la-liga,DF,24.0,60.3,59.92254,76.0
Diego Llorente,Real Betis,2025-2026,la-liga,DF,32.0,63.1,59.820724,77.0
Zaid Romero,Getafe,2025-2026,la-liga,DF,26.0,58.8,59.794487,78.0
Ángel Ortíz,Real Betis,2025-2026,la-liga,DF,21.0,51.7,59.53775,79.0
Adrià Pedrosa,Elche,2025-2026,la-liga,DF,28.0,57.3,59.474827,80.0
Manu Sánchez,Levante,2025-2026,la-liga,DF,25.0,57.6,59.442802,81.0
Marc Bartra,Real Betis,2025-2026,la-liga,DF,35.0,70.9,59.244846,82.0
Jesus Vazquez,Valencia,2025-2026,la-liga,DF,23.0,50.7,59.18685,83.0
John Donald,Elche,2025-2026,la-liga,DF,25.0,54.4,59.13436,84.0
Raúl Asencio,Real Madrid,2025-2026,la-liga,DF,23.0,56.0,59.044064,85.0
Jesús Areso,Athletic Club,2025-2026,la-liga,DF,26.0,55.1,58.93463,86.0
Duje Ćaleta-Car,Real Sociedad,2025-2026,la-liga,DF,29.0,65.2,58.899494,87.0
Dávid Hancko,Atlético Madrid,2025-2026,la-liga,DF,28.0,56.5,58.743515,88.0
Fernando Calero,Espanyol,2025-2026,la-liga,DF,30.0,65.4,58.67927,89.0
Youssef Lekhedim,Alavés,2025-2026,la-liga,DF,20.0,50.7,58.46419,90.0
Jorge Herrando,Osasuna,2025-2026,la-liga,DF,25.0,55.4,58.43492,91.0
David Costas,Oviedo,2025-2026,la-liga,DF,31.0,64.6,58.40018,92.0
Renato Veiga,Villarreal,2025-2026,la-liga,DF,22.0,54.5,58.2168,93.0
Fran Garcia,Real Madrid,2025-2026,la-liga,DF,26.0,45.7,58.136,94.0
Javi Galán,Osasuna,2025-2026,la-liga,DF,31.0,58.0,57.838272,95.0
Igor Zubeldia,Real Sociedad,2025-2026,la-liga,DF,29.0,60.8,57.678368,96.0
Clemens Riedel,Espanyol,2025-2026,la-liga,DF,22.0,50.4,57.51096,97.0
Buba Sangaré,Elche,2025-2026,la-liga,DF,18.0,41.3,57.45905,98.0
Rahim Bonkano,Oviedo,2025-2026,la-liga,DF,24.0,46.0,57.443844,99.0
Jon Pacheco,Alavés,2025-2026,la-liga,DF,25.0,53.3,57.420715,100.0
Rubén,Espanyol,2025-2026,la-liga,DF,25.0,40.3,57.31268,101.0
Aihen Muñoz,Real Sociedad,2025-2026,la-liga,DF,28.0,51.6,57.24391,102.0
Alfonso Espino,Rayo Vallecano,2025-2026,la-liga,DF,34.0,54.7,57.147408,103.0
Unai Núñez,Valencia,2025-2026,la-liga,DF,29.0,49.3,56.937943,104.0
Mateu Morey,Mallorca,2025-2026,la-liga,DF,26.0,45.8,56.112606,105.0
Mouctar Diakhaby,Valencia,2025-2026,la-liga,DF,29.0,50.7,56.021454,106.0
Copete,Valencia,2025-2026,la-liga,DF,26.0,49.0,55.88594,107.0
Djené,Getafe,2025-2026,la-liga,DF,34.0,64.8,55.86557,108.0
Iglesias,Getafe,2025-2026,la-liga,DF,27.0,54.1,55.816727,109.0
Catena,Osasuna,2025-2026,la-liga,DF,31.0,57.4,55.652855,110.0
Jonny Castro,Alavés,2025-2026,la-liga,DF,32.0,54.2,55.599304,111.0
Diego Rico,Getafe,2025-2026,la-liga,DF,33.0,62.8,55.206398,112.0
Carl Starfelt,Celta Vigo,2025-2026,la-liga,DF,30.0,50.4,55.142593,113.0
Yeray Álvarez,Athletic Club,2025-2026,la-liga,DF,31.0,44.4,54.95056,114.0
Castrin,Sevilla,2025-2026,la-liga,DF,23.0,42.0,54.891514,115.0
Eray Cömert,Valencia,2025-2026,la-liga,DF,28.0,46.9,54.814354,116.0
Davinchi,Getafe,2025-2026,la-liga,DF,18.0,40.0,54.753685,117.0
Dani Calvo,Oviedo,2025-2026,la-liga,DF,32.0,52.2,54.691143,118.0
Marcão,Sevilla,2025-2026,la-liga,DF,29.0,45.6,54.328266,119.0
Juan Foyth,Villarreal,2025-2026,la-liga,DF,28.0,42.1,54.232265,120.0
Toni Lato,Mallorca,2025-2026,la-liga,DF,28.0,41.0,54.171535,121.0
Kiko Femenía,Getafe,2025-2026,la-liga,DF,35.0,52.8,54.09032,122.0
Facundo Garcés,Alavés,2025-2026,la-liga,DF,26.0,41.0,53.724087,123.0
Abdel Abqar,Getafe,2025-2026,la-liga,DF,27.0,48.0,53.6202,124.0
David López,Mallorca,2025-2026,la-liga,DF,23.0,35.0,53.58721,125.0
Antonio Raillo,Mallorca,2025-2026,la-liga,DF,34.0,54.5,53.578804,126.0
César Azpilicueta,Sevilla,2025-2026,la-liga,DF,36.0,45.0,53.432453,127.0
José Luis Gayà,Valencia,2025-2026,la-liga,DF,30.0,47.9,53.354305,128.0
Tanguy Nianzou,Sevilla,2025-2026,la-liga,DF,23.0,36.8,53.207508,129.0
Iván Balliu,Rayo Vallecano,2025-2026,la-liga,DF,34.0,42.3,53.20127,130.0
José María Giménez,Atlético Madrid,2025-2026,la-liga,DF,31.0,43.8,53.152523,131.0
Carlos Dominguez,Celta Vigo,2025-2026,la-liga,DF,25.0,40.3,53.03052,132.0
Clément Lenglet,Atlético Madrid,2025-2026,la-liga,DF,30.0,41.3,52.28234,133.0
Dimitri Foulquier,Valencia,2025-2026,la-liga,DF,33.0,41.7,51.744328,134.0
Adama Boiro,Athletic Club,2025-2026,la-liga,DF,23.0,32.9,51.67721,135.0
Aritz Elustondo,Real Sociedad,2025-2026,la-liga,DF,32.0,41.2,51.54005,136.0
Manu Fernández,Celta Vigo,2025-2026,la-liga,DF,25.0,36.5,51.48944,137.0
Antonio Rüdiger,Real Madrid,2025-2026,la-liga,DF,33.0,41.9,51.24102,138.0
Yoel Lago,Celta Vigo,2025-2026,la-liga,DF,22.0,33.7,51.218815,139.0
Ricardo Rodríguez,Real Betis,2025-2026,la-liga,DF,33.0,47.3,51.140564,140.0
Unai Elgezabal,Levante,2025-2026,la-liga,DF,33.0,43.9,51.04683,141.0
Eric Bailly,Oviedo,2025-2026,la-liga,DF,32.0,38.5,50.504795,142.0
Léo Pétrot,Elche,2025-2026,la-liga,DF,29.0,38.6,50.41632,143.0
Juan Cruz Armada,Osasuna,2025-2026,la-liga,DF,33.0,37.7,50.333687,144.0
Diego Pampín,Levante,2025-2026,la-liga,DF,26.0,35.0,50.19131,145.0
Luiz Felipe,Rayo Vallecano,2025-2026,la-liga,DF,29.0,36.2,50.12179,146.0
Dani Carvajal,Real Madrid,2025-2026,la-liga,DF,34.0,37.4,49.4292,147.0
Joseph Aidoo,Celta Vigo,2025-2026,la-liga,DF,30.0,34.6,49.24465,148.0
Iñigo Lekue,Athletic Club,2025-2026,la-liga,DF,33.0,34.2,48.50287,149.0
Kylian Mbappé,Real Madrid,2025-2026,la-liga,FW,27.0,88.9,86.00431,1.0
Vinicius Júnior,Real Madrid,2025-2026,la-liga,FW,25.0,86.3,81.19419,2.0
Georges Mikautadze,Villarreal,2025-2026,la-liga,FW,25.0,84.4,75.23535,3.0
Ferrán Torres,Barcelona,2025-2026,la-liga,FW,26.0,80.0,74.22665,4.0
Antoine Griezmann,Atlético Madrid,2025-2026,la-liga,FW,35.0,81.6,72.58378,5.0
Julián Álvarez,Atlético Madrid,2025-2026,la-liga,FW,26.0,75.7,72.24845,6.0
Mikel Oyarzabal,Real Sociedad,2025-2026,la-liga,FW,29.0,80.0,72.14534,7.0
Iago Aspas,Celta Vigo,2025-2026,la-liga,FW,38.0,73.4,71.1685,8.0
Robert Lewandowski,Barcelona,2025-2026,la-liga,FW,37.0,81.8,69.731155,9.0
Vedat Muriqi,Mallorca,2025-2026,la-liga,FW,32.0,76.2,67.92286,10.0
Ademola Lookman,Atlético Madrid,2025-2026,la-liga,FW,28.0,77.9,67.91763,11.0
Borja Iglesias,Celta Vigo,2025-2026,la-liga,FW,33.0,76.1,67.61838,12.0
Ferran Jutglà,Celta Vigo,2025-2026,la-liga,FW,27.0,72.5,66.97802,13.0
Orri Steinn Óskarsson,Real Sociedad,2025-2026,la-liga,FW,21.0,66.3,66.61604,14.0
Carlos Espí,Levante,2025-2026,la-liga,FW,20.0,74.8,66.46277,15.0
Gonzalo García,Real Madrid,2025-2026,la-liga,FW,22.0,70.0,66.22654,16.0
Umar Sadiq,Valencia,2025-2026,la-liga,FW,29.0,75.7,65.79098,17.0
Lucas Boyé,Alavés,2025-2026,la-liga,FW,30.0,69.0,65.75332,18.0
Alexander Sørloth,Atlético Madrid,2025-2026,la-liga,FW,30.0,71.9,65.69872,19.0
Gerard Moreno,Villarreal,2025-2026,la-liga,FW,34.0,66.9,65.47583,20.0
Jorge de Frutos,Rayo Vallecano,2025-2026,la-liga,FW,29.0,66.3,64.971794,21.0
Williot Swedberg,Celta Vigo,2025-2026,la-liga,FW,22.0,71.3,64.45705,22.0
André Silva,Elche,2025-2026,la-liga,FW,30.0,69.4,64.3376,23.0
Bryan Zaragoza,Celta Vigo,2025-2026,la-liga,FW,24.0,45.1,63.945156,24.0
Ayoze Pérez,Villarreal,2025-2026,la-liga,FW,32.0,68.5,63.621246,25.0
Vladyslav Vanat,Girona,2025-2026,la-liga,FW,24.0,65.5,63.1494,26.0
Cédric Bakambu,Real Betis,2025-2026,la-liga,FW,35.0,79.1,63.121567,27.0
Álvaro Rodríguez,Elche,2025-2026,la-liga,FW,21.0,62.7,63.02301,28.0
Cucho,Real Betis,2025-2026,la-liga,FW,27.0,64.6,62.762497,29.0
Sergio Camello,Rayo Vallecano,2025-2026,la-liga,FW,25.0,64.3,62.67744,30.0
Iván Romero,Levante,2025-2026,la-liga,FW,25.0,59.2,62.31078,31.0
Karl Etta Eyong,Levante,2025-2026,la-liga,FW,22.0,62.8,62.257065,32.0
Akor Adams,Sevilla,2025-2026,la-liga,FW,26.0,63.7,61.547787,33.0
Gorka Guruzeta,Athletic Club,2025-2026,la-liga,FW,29.0,62.7,61.503807,34.0
Toni Martínez,Alavés,2025-2026,la-liga,FW,28.0,63.0,61.488422,35.0
Hugo Duro,Valencia,2025-2026,la-liga,FW,26.0,56.4,60.99091,36.0
Hugo Álvarez,Celta Vigo,2025-2026,la-liga,FW,22.0,55.1,60.616592,37.0
Federico Viñas,Oviedo,2025-2026,la-liga,FW,27.0,61.1,60.413162,38.0
Rafa Mir,Elche,2025-2026,la-liga,FW,28.0,55.6,60.247192,39.0
Ante Budimir,Osasuna,2025-2026,la-liga,FW,34.0,61.4,59.36107,40.0
Claudio Echeverri,Girona,2025-2026,la-liga,FW,20.0,50.3,59.10967,41.0
Ibrahim Diabaté,Alavés,2025-2026,la-liga,FW,26.0,49.6,58.91796,42.0
Yaser Asprilla,Girona,2025-2026,la-liga,FW,22.0,35.6,58.857624,43.0
Tani Oluwaseyi,Villarreal,2025-2026,la-liga,FW,26.0,56.8,58.604733,44.0
Raúl,Osasuna,2025-2026,la-liga,FW,25.0,50.7,58.515457,45.0
Martin Satriano,Getafe,2025-2026,la-liga,FW,25.0,49.6,58.317432,46.0
Zito Luvumbo,Mallorca,2025-2026,la-liga,FW,24.0,51.0,58.106705,47.0
Alexis Sánchez,Sevilla,2025-2026,la-liga,FW,37.0,48.8,57.99554,48.0
Lucas Beltrán,Valencia,2025-2026,la-liga,FW,25.0,47.7,57.786354,49.0
Isaac Romero,Sevilla,2025-2026,la-liga,FW,26.0,46.0,57.35211,50.0
Luis Vázquez,Getafe,2025-2026,la-liga,FW,25.0,38.6,57.029247,51.0
Roberto Férnandez,Espanyol,2025-2026,la-liga,FW,23.0,47.3,56.93867,52.0
Pablo Durán,Celta Vigo,2025-2026,la-liga,FW,24.0,48.5,56.89225,53.0
Borja Mayoral,Getafe,2025-2026,la-liga,FW,29.0,46.8,56.38412,54.0
Portu,Girona,2025-2026,la-liga,FW,34.0,40.4,55.518654,55.0
Alexandre Alemão,Rayo Vallecano,2025-2026,la-liga,FW,28.0,35.6,55.446213,56.0
Neal Maupay,Sevilla,2025-2026,la-liga,FW,29.0,41.2,54.44528,57.0
Kiké,Espanyol,2025-2026,la-liga,FW,36.0,43.4,54.33129,58.0
Adrián Liso,Getafe,2025-2026,la-liga,FW,21.0,39.1,53.98404,59.0
Salomón Rondón,Oviedo,2025-2026,la-liga,FW,36.0,36.0,51.473606,60.0
Joan García,Barcelona,2025-2026,la-liga,GK,25.0,86.6,75.65086,1.0
Aarón Escandell,Oviedo,2025-2026,la-liga,GK,30.0,85.1,71.816,2.0
David Soria,Getafe,2025-2026,la-liga,GK,33.0,82.3,68.18151,3.0
Augusto Batalla,Rayo Vallecano,2025-2026,la-liga,GK,30.0,79.6,68.00877,4.0
Juan Musso,Atlético Madrid,2025-2026,la-liga,GK,32.0,78.8,66.14774,5.0
Luiz Lúcio Reis Júnior,Villarreal,2025-2026,la-liga,GK,25.0,75.8,65.82362,6.0
Paulo Gazzaniga,Girona,2025-2026,la-liga,GK,34.0,73.2,65.563126,7.0
Sergio Herrera,Osasuna,2025-2026,la-liga,GK,32.0,74.3,65.319244,8.0
Mathew Ryan,Levante,2025-2026,la-liga,GK,34.0,70.9,64.486046,9.0
Leo Román,Mallorca,2025-2026,la-liga,GK,25.0,64.3,64.385056,10.0
Iñaki Peña,Elche,2025-2026,la-liga,GK,27.0,62.9,63.417984,11.0
Thibaut Courtois,Real Madrid,2025-2026,la-liga,GK,34.0,73.6,62.838272,12.0
Álvaro Vallés,Real Betis,2025-2026,la-liga,GK,28.0,65.1,62.50229,13.0
Jan Oblak,Atlético Madrid,2025-2026,la-liga,GK,33.0,70.9,61.948994,14.0
Unai Simón,Athletic Club,2025-2026,la-liga,GK,28.0,59.4,61.538853,15.0
Marko Dmitrović,Espanyol,2025-2026,la-liga,GK,34.0,63.9,60.916866,16.0
Ionuț Radu,Celta Vigo,2025-2026,la-liga,GK,28.0,55.0,59.882706,17.0
Odysseas Vlachodimos,Sevilla,2025-2026,la-liga,GK,32.0,59.4,59.590466,18.0
Antonio Sivera,Alavés,2025-2026,la-liga,GK,29.0,52.9,57.764656,19.0
Stole Dimitrievski,Valencia,2025-2026,la-liga,GK,32.0,52.6,57.196648,20.0
Julen Agirrezabala,Valencia,2025-2026,la-liga,GK,25.0,44.7,56.94573,21.0
Pau López,Real Betis,2025-2026,la-liga,GK,31.0,42.2,56.496048,22.0
Álex Remiro,Real Sociedad,2025-2026,la-liga,GK,31.0,48.0,56.195564,23.0
Matías Dituro,Elche,2025-2026,la-liga,GK,39.0,51.5,56.190254,24.0
Lucas Bergström,Mallorca,2025-2026,la-liga,GK,23.0,49.7,55.755993,25.0
Andriy Lunin,Real Madrid,2025-2026,la-liga,GK,27.0,36.0,54.339607,26.0
Arnau Tenas,Villarreal,2025-2026,la-liga,GK,24.0,33.7,53.41054,27.0
Wojciech Szczęsny,Barcelona,2025-2026,la-liga,GK,36.0,38.0,51.452305,28.0
Lamine Yamal,Barcelona,2025-2026,la-liga,MF,18.0,91.2,85.862335,1.0
Fermin López,Barcelona,2025-2026,la-liga,MF,23.0,89.6,82.1911,2.0
Marcus Rashford,Barcelona,2025-2026,la-liga,MF,28.0,87.0,81.79057,3.0
Raphinha,Barcelona,2025-2026,la-liga,MF,29.0,85.9,80.73203,4.0
Abde Ezzalzouli,Real Betis,2025-2026,la-liga,MF,24.0,87.8,79.99073,5.0
Dani Olmo,Barcelona,2025-2026,la-liga,MF,28.0,88.1,79.35582,6.0
Arda Güler,Real Madrid,2025-2026,la-liga,MF,21.0,87.1,79.17885,7.0
Jude Bellingham,Real Madrid,2025-2026,la-liga,MF,22.0,88.4,79.00214,8.0
Nico Williams,Athletic Club,2025-2026,la-liga,MF,23.0,84.3,77.38202,9.0
Alberto Moleiro,Villarreal,2025-2026,la-liga,MF,22.0,83.9,76.58212,10.0
Ander Barrenetxea,Real Sociedad,2025-2026,la-liga,MF,24.0,82.3,76.19225,11.0
Antony,Real Betis,2025-2026,la-liga,MF,26.0,86.7,76.03691,12.0
Giuliano Simeone,Atlético Madrid,2025-2026,la-liga,MF,23.0,84.5,75.79656,13.0
Rodrygo,Real Madrid,2025-2026,la-liga,MF,25.0,82.4,75.052956,14.0
Pedri,Barcelona,2025-2026,la-liga,MF,23.0,80.1,74.68138,15.0
Azzedine Ounahi,Girona,2025-2026,la-liga,MF,26.0,78.8,74.611145,16.0
Nicolas Pépé,Villarreal,2025-2026,la-liga,MF,30.0,82.4,74.57334,17.0
Largie Ramazani,Valencia,2025-2026,la-liga,MF,25.0,80.9,74.433624,18.0
Brais Méndez,Real Sociedad,2025-2026,la-liga,MF,29.0,82.1,72.66887,19.0
Pablo Fornals,Real Betis,2025-2026,la-liga,MF,30.0,83.5,72.1326,20.0
Javi Puado,Espanyol,2025-2026,la-liga,MF,27.0,74.9,72.00496,21.0
Takefusa Kubo,Real Sociedad,2025-2026,la-liga,MF,24.0,79.3,71.9996,22.0
Víctor Muñoz,Osasuna,2025-2026,la-liga,MF,22.0,81.2,71.67343,23.0
Nicolás González,Atlético Madrid,2025-2026,la-liga,MF,28.0,78.9,71.66349,24.0
Gonçalo Guedes,Real Sociedad,2025-2026,la-liga,MF,29.0,80.9,71.488495,25.0
Jan Virgili,Mallorca,2025-2026,la-liga,MF,19.0,78.0,71.13473,26.0
Ilyas Chaira,Oviedo,2025-2026,la-liga,MF,25.0,80.2,71.09469,27.0
Pablo Torre,Mallorca,2025-2026,la-liga,MF,23.0,76.6,71.04949,28.0
Thiago Almada,Atlético Madrid,2025-2026,la-liga,MF,25.0,76.2,70.71023,29.0
Pere Milla,Espanyol,2025-2026,la-liga,MF,33.0,79.3,70.3674,30.0
Federico Valverde,Real Madrid,2025-2026,la-liga,MF,27.0,78.7,70.35358,31.0
Roony Bardghji,Barcelona,2025-2026,la-liga,MF,20.0,77.9,70.117455,32.0
Javier Guerra,Valencia,2025-2026,la-liga,MF,23.0,77.7,69.776566,33.0
Joel Roca,Girona,2025-2026,la-liga,MF,20.0,76.4,69.598045,34.0
Ruben Vargas,Sevilla,2025-2026,la-liga,MF,27.0,77.4,69.392876,35.0
Edu Expósito,Espanyol,2025-2026,la-liga,MF,29.0,75.2,69.34542,36.0
Alex Baena,Atlético Madrid,2025-2026,la-liga,MF,24.0,73.5,68.89794,37.0
Tyrhys Dolan,Espanyol,2025-2026,la-liga,MF,24.0,72.0,68.39124,38.0
Carlos Álvarez,Levante,2025-2026,la-liga,MF,22.0,68.0,68.025635,39.0
Germán Valera,Elche,2025-2026,la-liga,MF,24.0,74.5,68.01541,40.0
Roberto Navarro,Athletic Club,2025-2026,la-liga,MF,24.0,72.0,68.00096,41.0
Mateo Joseph,Mallorca,2025-2026,la-liga,MF,22.0,75.1,67.94921,42.0
Arnaut Danjuma,Valencia,2025-2026,la-liga,MF,29.0,77.4,67.66365,43.0
Carlos Soler,Real Sociedad,2025-2026,la-liga,MF,29.0,74.4,67.4736,44.0
Iñaki Williams,Athletic Club,2025-2026,la-liga,MF,31.0,77.2,66.77476,45.0
Oihan Sancet,Athletic Club,2025-2026,la-liga,MF,26.0,71.9,66.72757,46.0
Franco Mastantuono,Real Madrid,2025-2026,la-liga,MF,18.0,71.5,66.682106,47.0
Carlos Vicente,Alavés,2025-2026,la-liga,MF,27.0,74.3,66.309074,48.0
Álvaro García,Rayo Vallecano,2025-2026,la-liga,MF,33.0,79.7,66.281586,49.0
Ilias Akhomach,Rayo Vallecano,2025-2026,la-liga,MF,22.0,76.1,66.099335,50.0
Martim Neto,Elche,2025-2026,la-liga,MF,23.0,69.8,65.86288,51.0
Luis Rioja,Valencia,2025-2026,la-liga,MF,32.0,70.6,65.68085,52.0
Thomas Lemar,Girona,2025-2026,la-liga,MF,30.0,67.9,65.584015,53.0
Marc Bernal,Barcelona,2025-2026,la-liga,MF,18.0,63.5,65.49247,54.0
Tajon Buchanan,Villarreal,2025-2026,la-liga,MF,27.0,70.8,65.3021,55.0
Sergi Darder,Mallorca,2025-2026,la-liga,MF,32.0,69.0,65.25341,56.0
Álex Berenguer,Athletic Club,2025-2026,la-liga,MF,30.0,70.4,65.15554,57.0
Pape Gueye,Villarreal,2025-2026,la-liga,MF,27.0,70.1,65.08316,58.0
Thiago Fernández,Oviedo,2025-2026,la-liga,MF,22.0,73.8,64.89345,59.0
Chidera Ejuke,Sevilla,2025-2026,la-liga,MF,28.0,68.8,64.75495,60.0
Giovani Lo Celso,Real Betis,2025-2026,la-liga,MF,30.0,76.3,64.68896,61.0
Javi Rueda,Celta Vigo,2025-2026,la-liga,MF,24.0,73.5,64.50434,62.0
Haissem Hassan,Oviedo,2025-2026,la-liga,MF,24.0,66.8,63.91743,63.0
Rodrigo Riquelme,Real Betis,2025-2026,la-liga,MF,26.0,71.1,63.858715,64.0
Josan,Elche,2025-2026,la-liga,MF,36.0,67.4,63.69314,65.0
Bryan Gil,Girona,2025-2026,la-liga,MF,25.0,68.5,63.67475,66.0
Jones El-Abdellaoui,Celta Vigo,2025-2026,la-liga,MF,20.0,64.2,63.626614,67.0
Luka Sučić,Real Sociedad,2025-2026,la-liga,MF,23.0,69.0,63.53764,68.0
Diego López,Valencia,2025-2026,la-liga,MF,24.0,65.9,63.48384,69.0
Pablo Martínez,Levante,2025-2026,la-liga,MF,28.0,66.7,63.35026,70.0
Mauro Arambarri,Getafe,2025-2026,la-liga,MF,30.0,72.6,63.317963,71.0
Víctor García,Levante,2025-2026,la-liga,MF,28.0,71.4,63.30979,72.0
Brahim Díaz,Real Madrid,2025-2026,la-liga,MF,26.0,67.3,63.08621,73.0
Frenkie de Jong,Barcelona,2025-2026,la-liga,MF,29.0,65.8,63.02156,74.0
Denis Suárez,Alavés,2025-2026,la-liga,MF,32.0,63.1,62.795826,75.0
Rubén García,Osasuna,2025-2026,la-liga,MF,32.0,70.3,62.69301,76.0
Pablo Barrios,Atlético Madrid,2025-2026,la-liga,MF,22.0,64.0,62.657627,77.0
Unai Gómez,Athletic Club,2025-2026,la-liga,MF,22.0,64.7,62.57604,78.0
Pablo Ibáñez,Alavés,2025-2026,la-liga,MF,27.0,66.3,62.114246,79.0
Aimar Oroz,Osasuna,2025-2026,la-liga,MF,24.0,59.3,62.07545,80.0
Iker Losada,Levante,2025-2026,la-liga,MF,24.0,65.2,62.06761,81.0
Joaquín Martínez Gauna,Sevilla,2025-2026,la-liga,MF,22.0,70.8,61.95069,82.0
Arsen Zakharyan,Real Sociedad,2025-2026,la-liga,MF,22.0,55.0,61.937504,83.0
Ángel Pérez,Alavés,2025-2026,la-liga,MF,23.0,65.2,61.822052,84.0
Raúl Moro,Osasuna,2025-2026,la-liga,MF,23.0,64.8,61.701527,85.0
Conor Gallagher,Atlético Madrid,2025-2026,la-liga,MF,26.0,62.6,61.460392,86.0
Alberto Reina,Oviedo,2025-2026,la-liga,MF,28.0,67.1,61.435123,87.0
Ramón Terrats,Espanyol,2025-2026,la-liga,MF,25.0,63.6,60.914677,88.0
Beñat Turrientes,Real Sociedad,2025-2026,la-liga,MF,24.0,60.6,60.530926,89.0
Takuma Asano,Mallorca,2025-2026,la-liga,MF,31.0,61.8,60.46798,90.0
Carles Aleñá,Alavés,2025-2026,la-liga,MF,28.0,61.7,60.436783,91.0
Djibril Sow,Sevilla,2025-2026,la-liga,MF,29.0,64.9,60.273968,92.0
Peque,Sevilla,2025-2026,la-liga,MF,23.0,53.5,59.985294,93.0
Santi Comesaña,Villarreal,2025-2026,la-liga,MF,29.0,66.7,59.982815,94.0
Samu Costa,Mallorca,2025-2026,la-liga,MF,25.0,59.3,59.80806,95.0
Rodrigo Mendoza,Elche,2025-2026,la-liga,MF,21.0,54.5,59.688114,96.0
Luis Milla,Getafe,2025-2026,la-liga,MF,31.0,65.6,59.500862,97.0
Óscar Mingueza,Celta Vigo,2025-2026,la-liga,MF,27.0,59.7,59.499195,98.0
Josip Brekalo,Oviedo,2025-2026,la-liga,MF,27.0,46.9,59.47187,99.0
Francisco Perez,Rayo Vallecano,2025-2026,la-liga,MF,23.0,53.0,59.383663,100.0
Paco Cortés,Levante,2025-2026,la-liga,MF,18.0,51.8,59.057392,101.0
Aleix Febas,Elche,2025-2026,la-liga,MF,30.0,64.2,59.034676,102.0
Tete Morente,Elche,2025-2026,la-liga,MF,29.0,60.2,58.999,103.0
Viktor Tsyhankov,Girona,2025-2026,la-liga,MF,28.0,59.5,58.85769,104.0
Kervin Arriaga,Levante,2025-2026,la-liga,MF,28.0,62.5,58.800938,105.0
Fer López,Celta Vigo,2025-2026,la-liga,MF,21.0,56.1,58.72953,106.0
Unai López,Rayo Vallecano,2025-2026,la-liga,MF,30.0,59.1,58.480236,107.0
Filip Ugrinic,Valencia,2025-2026,la-liga,MF,27.0,59.6,58.154522,108.0
Abde Rebbach,Alavés,2025-2026,la-liga,MF,27.0,54.8,58.080704,109.0
Gerard Gumbau,Rayo Vallecano,2025-2026,la-liga,MF,31.0,61.8,57.58423,110.0
Mario Martín,Getafe,2025-2026,la-liga,MF,22.0,56.7,57.283657,111.0
Luka Ilić,Oviedo,2025-2026,la-liga,MF,26.0,55.2,57.215168,112.0
Eduardo Camavinga,Real Madrid,2025-2026,la-liga,MF,23.0,52.3,57.026222,113.0
Gavi,Barcelona,2025-2026,la-liga,MF,21.0,38.5,56.816082,114.0
Sergio Carreira,Celta Vigo,2025-2026,la-liga,MF,25.0,56.5,56.77619,115.0
Ilaix Moriba,Celta Vigo,2025-2026,la-liga,MF,23.0,56.5,56.536884,116.0
Olasagasti,Levante,2025-2026,la-liga,MF,25.0,52.9,56.364216,117.0
Brugui,Levante,2025-2026,la-liga,MF,29.0,56.8,56.212467,118.0
Domingos André Ribeiro Almeida,Valencia,2025-2026,la-liga,MF,25.0,41.1,56.20317,119.0
Álvaro Fidalgo,Real Betis,2025-2026,la-liga,MF,29.0,53.3,56.13908,120.0
Marc Casado,Barcelona,2025-2026,la-liga,MF,22.0,45.4,55.90597,121.0
Juanlu Sánchez,Sevilla,2025-2026,la-liga,MF,22.0,51.6,55.56497,122.0
Kareem Tunde,Levante,2025-2026,la-liga,MF,20.0,49.0,55.535976,123.0
Pedro Díaz,Rayo Vallecano,2025-2026,la-liga,MF,27.0,52.5,55.34108,124.0
Ander Guevara,Alavés,2025-2026,la-liga,MF,28.0,52.4,55.329727,125.0
Álex Sancris,Getafe,2025-2026,la-liga,MF,29.0,47.9,55.02316,126.0
Charles Pickel,Espanyol,2025-2026,la-liga,MF,29.0,50.7,54.84503,127.0
Antonio Blanco,Alavés,2025-2026,la-liga,MF,25.0,59.0,54.739395,128.0
Iñigo Ruiz de Galarreta,Athletic Club,2025-2026,la-liga,MF,32.0,58.0,54.69154,129.0
Grady Diangana,Elche,2025-2026,la-liga,MF,28.0,50.1,54.679165,130.0
Baptiste Santamaria,Valencia,2025-2026,la-liga,MF,31.0,52.8,54.60375,131.0
Abel Bretones,Osasuna,2025-2026,la-liga,MF,25.0,51.0,54.564144,132.0
Moi Gómez,Osasuna,2025-2026,la-liga,MF,31.0,51.7,54.38085,133.0
Calebe,Alavés,2025-2026,la-liga,MF,26.0,39.6,54.36731,134.0
Jon Moncayola,Osasuna,2025-2026,la-liga,MF,28.0,56.8,54.35909,135.0
Fran Beltrán,Celta Vigo,2025-2026,la-liga,MF,27.0,45.0,54.34286,136.0
Pablo Marín,Real Sociedad,2025-2026,la-liga,MF,22.0,49.6,54.017586,137.0
Isaac Palazón Camacho,Rayo Vallecano,2025-2026,la-liga,MF,31.0,51.6,53.939507,138.0
Hugo Sotelo,Celta Vigo,2025-2026,la-liga,MF,22.0,44.9,53.75017,139.0
Lucien Agoume,Sevilla,2025-2026,la-liga,MF,24.0,52.3,53.657368,140.0
Fran Beltrán,Girona,2025-2026,la-liga,MF,27.0,45.4,53.43356,141.0
Pathé Ciss,Rayo Vallecano,2025-2026,la-liga,MF,32.0,58.8,53.335945,142.0
Guido Rodríguez,Valencia,2025-2026,la-liga,MF,32.0,48.9,53.1346,143.0
Mikel Jauregizar,Athletic Club,2025-2026,la-liga,MF,22.0,48.9,53.058853,144.0
Miguel Román,Celta Vigo,2025-2026,la-liga,MF,23.0,47.4,53.017754,145.0
Nelson Deossa,Real Betis,2025-2026,la-liga,MF,26.0,48.2,52.99325,146.0
Jofre,Espanyol,2025-2026,la-liga,MF,24.0,36.3,52.607574,147.0
Iván Martín,Girona,2025-2026,la-liga,MF,27.0,51.5,52.592155,148.0
Sergi Altimira,Real Betis,2025-2026,la-liga,MF,24.0,51.2,52.30784,149.0
Koke,Atlético Madrid,2025-2026,la-liga,MF,34.0,54.8,52.074955,150.0
Alejandro Rego,Athletic Club,2025-2026,la-liga,MF,22.0,47.3,52.04876,151.0
Marc Roca,Real Betis,2025-2026,la-liga,MF,29.0,52.3,52.02714,152.0
Jon Gorrotxategi,Real Sociedad,2025-2026,la-liga,MF,24.0,48.2,51.768223,153.0
Manu Morlanes,Mallorca,2025-2026,la-liga,MF,27.0,47.1,51.54766,154.0
Batista Mendy,Sevilla,2025-2026,la-liga,MF,26.0,46.0,51.53971,155.0
Obed Vargas,Atlético Madrid,2025-2026,la-liga,MF,20.0,41.1,51.480663,156.0
Gonzalo Villar,Elche,2025-2026,la-liga,MF,28.0,41.9,51.217304,157.0
Axel Witsel,Girona,2025-2026,la-liga,MF,37.0,56.0,51.038456,158.0
Aurélien Tchouaméni,Real Madrid,2025-2026,la-liga,MF,26.0,44.3,50.886562,159.0
Pol Lozano,Espanyol,2025-2026,la-liga,MF,26.0,45.8,50.824123,160.0
Jon Guridi,Alavés,2025-2026,la-liga,MF,31.0,46.2,50.570705,161.0
Thiago Pinar,Real Madrid,2025-2026,la-liga,MF,18.0,37.2,49.61757,162.0
Dani Ceballos,Real Madrid,2025-2026,la-liga,MF,29.0,35.6,49.527966,163.0
Lucas Torró,Osasuna,2025-2026,la-liga,MF,31.0,49.4,49.323257,164.0
Iker Muñoz,Osasuna,2025-2026,la-liga,MF,23.0,38.6,49.19123,165.0
Leander Dendoncker,Oviedo,2025-2026,la-liga,MF,31.0,42.3,48.186695,166.0
Marc Aguado,Elche,2025-2026,la-liga,MF,26.0,43.8,48.112766,167.0
Santi Cazorla,Oviedo,2025-2026,la-liga,MF,41.0,44.2,47.989777,168.0
Ugo Raghouber,Levante,2025-2026,la-liga,MF,22.0,33.3,47.804317,169.0
Daniel Parejo,Villarreal,2025-2026,la-liga,MF,37.0,36.9,47.56395,170.0
Santiago Colombatto,Oviedo,2025-2026,la-liga,MF,29.0,43.7,47.368084,171.0
Óscar Valentín,Rayo Vallecano,2025-2026,la-liga,MF,31.0,46.0,47.25041,172.0
Thomas Partey,Villarreal,2025-2026,la-liga,MF,32.0,39.7,47.106026,173.0
Antonio Sánchez,Mallorca,2025-2026,la-liga,MF,29.0,39.2,47.01355,174.0
Johnny Cardoso,Atlético Madrid,2025-2026,la-liga,MF,24.0,31.3,46.99114,175.0
Javier Muñoz,Getafe,2025-2026,la-liga,MF,31.0,34.1,46.859165,176.0
Unai Vencedor Paris,Levante,2025-2026,la-liga,MF,25.0,33.7,46.273304,177.0
Nicolas Fonseca,Oviedo,2025-2026,la-liga,MF,27.0,36.4,45.96459,178.0
Mikel Vesga,Athletic Club,2025-2026,la-liga,MF,33.0,36.1,45.499287,179.0
Sofyan Amrabat,Real Betis,2025-2026,la-liga,MF,29.0,33.2,45.26442,180.0
Oriol Rey,Levante,2025-2026,la-liga,MF,28.0,37.5,45.209892,181.0
Urko González,Espanyol,2025-2026,la-liga,MF,25.0,34.8,44.627712,182.0
Omar Mascarell,Mallorca,2025-2026,la-liga,MF,33.0,45.1,44.50723,183.0
Kwasi Sibo,Oviedo,2025-2026,la-liga,MF,27.0,36.2,44.13173,184.0
José Luis García Vayá,Valencia,2025-2026,la-liga,MF,27.0,36.8,43.483532,185.0
Juan Manuel Sanabria,Atlético San Luis,2025-2026,liga-mx,DF,26.0,82.5,73.80543,1.0
Jonathan Perlaza,Querétaro,2025-2026,liga-mx,DF,28.0,81.6,73.629364,2.0
Jesús Gallardo,Toluca,2025-2026,liga-mx,DF,31.0,86.5,72.934715,3.0
Daniel Aguirre,Guadalajara,2025-2026,liga-mx,DF,26.0,82.6,71.55795,4.0
Bryan Colula,León,2025-2026,liga-mx,DF,30.0,81.1,70.265045,5.0
Facundo Almada,Mazatlán,2025-2026,liga-mx,DF,27.0,84.8,69.84226,6.0
Álvaro Angulo,UNAM,2025-2026,liga-mx,DF,28.0,82.6,69.14222,7.0
Willer Ditta,Cruz Azul,2025-2026,liga-mx,DF,29.0,81.5,67.46412,8.0
Manuel Capasso,Atlas,2025-2026,liga-mx,DF,30.0,79.7,67.35322,9.0
José Abella,Santos Laguna,2025-2026,liga-mx,DF,32.0,78.2,66.39276,10.0
Antonio Briseño,Toluca,2025-2026,liga-mx,DF,32.0,77.7,66.29301,11.0
Brian García,Pachuca,2025-2026,liga-mx,DF,28.0,79.9,66.19885,12.0
Bruno Amione,Santos Laguna,2025-2026,liga-mx,DF,24.0,80.8,65.91529,13.0
Gonzalo Piovi,Cruz Azul,2025-2026,liga-mx,DF,31.0,81.1,65.5458,14.0
Rodrigo López,UNAM,2025-2026,liga-mx,DF,24.0,66.7,65.39223,15.0
Ricardo Chávez Soto,Monterrey,2025-2026,liga-mx,DF,31.0,75.0,64.93393,16.0
Sergio Barreto,Pachuca,2025-2026,liga-mx,DF,27.0,71.9,64.86469,17.0
Joaquim,UANL,2025-2026,liga-mx,DF,27.0,77.9,64.81567,18.0
Federico Pereira,Toluca,2025-2026,liga-mx,DF,26.0,75.7,64.8037,19.0
Rodrigo Pachuca,Puebla,2025-2026,liga-mx,DF,20.0,75.6,64.76066,20.0
Alejandro Gómez,Tijuana,2025-2026,liga-mx,DF,24.0,76.1,64.60779,21.0
Eduardo Águila,Atlético San Luis,2025-2026,liga-mx,DF,24.0,74.7,64.50328,22.0
Francisco Nevarez,FC Juárez,2025-2026,liga-mx,DF,25.0,73.9,64.45826,23.0
Jackson Porozo,Tijuana,2025-2026,liga-mx,DF,25.0,76.0,64.15446,24.0
Marco Farfan,UANL,2025-2026,liga-mx,DF,27.0,75.3,63.697742,25.0
Moises Mosquera,FC Juárez,2025-2026,liga-mx,DF,24.0,71.0,63.650684,26.0
Gustavo Ferrareis,Atlas,2025-2026,liga-mx,DF,30.0,76.2,63.641438,27.0
Rafael Fernández,Tijuana,2025-2026,liga-mx,DF,25.0,74.8,63.500813,28.0
Jesús Garza,UANL,2025-2026,liga-mx,DF,25.0,71.0,63.457737,29.0
Iker Moreno,Puebla,2025-2026,liga-mx,DF,22.0,64.8,63.252872,30.0
Carlos Sánchez,Pachuca,2025-2026,liga-mx,DF,24.0,64.0,63.24679,31.0
Javier Aquino,UANL,2025-2026,liga-mx,DF,36.0,66.4,63.209564,32.0
Diego Barbosa,Toluca,2025-2026,liga-mx,DF,29.0,74.7,63.075207,33.0
Kevin Álvarez,América,2025-2026,liga-mx,DF,27.0,69.7,63.068573,34.0
Diego Campillo,Guadalajara,2025-2026,liga-mx,DF,24.0,74.8,63.058243,35.0
Gaddi Aguirre,Atlas,2025-2026,liga-mx,DF,30.0,77.1,63.025482,36.0
Santiago Simón,Toluca,2025-2026,liga-mx,DF,23.0,70.0,62.98131,37.0
Alejandro Mayorga,FC Juárez,2025-2026,liga-mx,DF,28.0,74.3,62.405655,38.0
Miguel Vázquez,América,2025-2026,liga-mx,DF,22.0,65.9,61.978504,39.0
Salvador Reyes,León,2025-2026,liga-mx,DF,28.0,71.1,61.780533,40.0
Bayron Duarte,Querétaro,2025-2026,liga-mx,DF,23.0,67.3,61.73063,41.0
Lucas Merolla,Mazatlán,2025-2026,liga-mx,DF,30.0,72.6,61.68048,42.0
Román Torres,Atlético San Luis,2025-2026,liga-mx,DF,21.0,65.5,61.629635,43.0
Fernando Monárrez,Puebla,2025-2026,liga-mx,DF,26.0,73.7,61.62041,44.0
Israel Reyes,América,2025-2026,liga-mx,DF,25.0,68.6,61.451756,45.0
Alvaro Burgos,Puebla,2025-2026,liga-mx,DF,0.0,77.5,61.449203,46.0
Agustín Oliveros,Necaxa,2025-2026,liga-mx,DF,27.0,65.2,61.395245,47.0
Cristian Borja,América,2025-2026,liga-mx,DF,33.0,73.7,61.326534,48.0
Ramón Juárez,América,2025-2026,liga-mx,DF,25.0,61.0,61.178497,49.0
Daniel Alexis Parra,Querétaro,2025-2026,liga-mx,DF,26.0,66.3,61.02466,50.0
Sebastián Cáceres,América,2025-2026,liga-mx,DF,26.0,65.9,60.950787,51.0
Jesús Orozco,Cruz Azul,2025-2026,liga-mx,DF,24.0,66.5,60.400715,52.0
Tomás Jacob,Necaxa,2025-2026,liga-mx,DF,22.0,61.3,60.341213,53.0
Unai Bilbao,Tijuana,2025-2026,liga-mx,DF,32.0,69.8,60.16019,54.0
Amaury García,Cruz Azul,2025-2026,liga-mx,DF,24.0,57.6,60.08942,55.0
Lucas Abascia,Querétaro,2025-2026,liga-mx,DF,30.0,60.8,60.079567,56.0
Nathan Silva,UNAM,2025-2026,liga-mx,DF,29.0,65.2,59.90333,57.0
Cristian Calderón,Necaxa,2025-2026,liga-mx,DF,28.0,64.9,59.900196,58.0
Bruno Méndez,Toluca,2025-2026,liga-mx,DF,26.0,63.3,59.80522,59.0
Jair Díaz,Mazatlán,2025-2026,liga-mx,DF,27.0,61.7,59.57121,60.0
Gerardo Arteaga,Monterrey,2025-2026,liga-mx,DF,27.0,60.7,59.542774,61.0
Emmanuel Echeverría,Santos Laguna,2025-2026,liga-mx,DF,22.0,59.7,59.3212,62.0
Mauro Laínez,Mazatlán,2025-2026,liga-mx,DF,30.0,64.6,59.217705,63.0
Miguel Gómez,Guadalajara,2025-2026,liga-mx,DF,23.0,66.9,59.203568,64.0
Kevin Balanta,Santos Laguna,2025-2026,liga-mx,DF,29.0,67.4,58.81003,65.0
José Castillo Pérez,Guadalajara,2025-2026,liga-mx,DF,24.0,53.6,57.435905,66.0
Sebastian Santos,Mazatlán,2025-2026,liga-mx,DF,23.0,56.1,57.40437,67.0
Rubén Duarte,UNAM,2025-2026,liga-mx,DF,30.0,64.3,57.29528,68.0
Luis Romo,Guadalajara,2025-2026,liga-mx,DF,30.0,58.7,57.258247,69.0
Eduardo Navarro,Puebla,2025-2026,liga-mx,DF,21.0,58.5,57.164104,70.0
Juan Pablo Vargas,Puebla,2025-2026,liga-mx,DF,30.0,56.5,57.132946,71.0
Jesús David Murillo,FC Juárez,2025-2026,liga-mx,DF,32.0,59.5,57.068428,72.0
Dória,Atlas,2025-2026,liga-mx,DF,31.0,55.9,56.99071,73.0
Romulo,UANL,2025-2026,liga-mx,DF,26.0,55.4,56.780376,74.0
Luis Ricardo Reyes,Monterrey,2025-2026,liga-mx,DF,35.0,56.7,56.16346,75.0
Pablo Ortiz,Tijuana,2025-2026,liga-mx,DF,24.0,53.7,56.13114,76.0
Haret Ortega,Santos Laguna,2025-2026,liga-mx,DF,26.0,52.4,56.041508,77.0
Jesús Alberto Angulo,UANL,2025-2026,liga-mx,DF,28.0,52.0,55.87817,78.0
Víctor Guzmán,Monterrey,2025-2026,liga-mx,DF,24.0,51.1,55.624153,79.0
Mauricio Isais,Toluca,2025-2026,liga-mx,DF,25.0,50.3,55.439793,80.0
Robson Bambu,Atlético San Luis,2025-2026,liga-mx,DF,28.0,52.9,55.3523,81.0
Kevin Picón,Santos Laguna,2025-2026,liga-mx,DF,22.0,52.9,54.784084,82.0
Miguel Tapias,Guadalajara,2025-2026,liga-mx,DF,29.0,51.7,54.759018,83.0
Rodrigo Schlegel,Atlas,2025-2026,liga-mx,DF,29.0,50.9,54.507328,84.0
Diego Reyes,Querétaro,2025-2026,liga-mx,DF,33.0,57.6,54.121746,85.0
Raúl Martínez,Necaxa,2025-2026,liga-mx,DF,23.0,52.1,54.000492,86.0
Emilio Lara,Necaxa,2025-2026,liga-mx,DF,24.0,50.3,53.905125,87.0
Valentín Gauthier,León,2025-2026,liga-mx,DF,22.0,45.9,53.78092,88.0
Aldo Cruz,Atlético San Luis,2025-2026,liga-mx,DF,28.0,46.8,53.64335,89.0
José García,FC Juárez,2025-2026,liga-mx,DF,30.0,53.1,53.516907,90.0
Efraín Orona,Santos Laguna,2025-2026,liga-mx,DF,27.0,45.0,53.285793,91.0
Vladimir Loroña,UANL,2025-2026,liga-mx,DF,27.0,54.6,52.87994,92.0
Nicolás Díaz Huincales,Puebla,2025-2026,liga-mx,DF,27.0,49.0,52.779278,93.0
Jorge Rodarte,Cruz Azul,2025-2026,liga-mx,DF,22.0,52.5,52.75187,94.0
Ángel Leyva,Mazatlán,2025-2026,liga-mx,DF,19.0,44.4,52.58557,95.0
Javier Aquino,FC Juárez,2025-2026,liga-mx,DF,36.0,44.1,52.499,96.0
Benjamín Galindo Jr.,Atlético San Luis,2025-2026,liga-mx,DF,27.0,44.1,52.46027,97.0
Alonso Aceves,Monterrey,2025-2026,liga-mx,DF,25.0,44.4,52.385593,98.0
Jorge Rodríguez,Atlas,2025-2026,liga-mx,DF,24.0,43.4,52.29944,99.0
Alonso Aceves,Pachuca,2025-2026,liga-mx,DF,25.0,45.4,51.992527,100.0
Jesús Vega,Tijuana,2025-2026,liga-mx,DF,26.0,44.8,51.8339,101.0
Juan José Sánchez,UANL,2025-2026,liga-mx,DF,28.0,41.5,51.743374,102.0
Dagoberto Espinoza,América,2025-2026,liga-mx,DF,22.0,46.8,51.287045,103.0
Sebastián Vegas,León,2025-2026,liga-mx,DF,29.0,49.5,51.28324,104.0
José Lozano,Atlas,2025-2026,liga-mx,DF,27.0,44.8,51.272038,105.0
Carlos Villanueva López,Querétaro,2025-2026,liga-mx,DF,32.0,42.0,50.970234,106.0
Carlos Salcedo,Monterrey,2025-2026,liga-mx,DF,32.0,47.7,50.769676,107.0
Érick Aguirre,Monterrey,2025-2026,liga-mx,DF,29.0,42.8,50.57973,108.0
Angel Azuaje,UNAM,2025-2026,liga-mx,DF,21.0,47.1,50.411797,109.0
Juanpe,Atlético San Luis,2025-2026,liga-mx,DF,35.0,49.9,49.76208,110.0
Lucas Esteves,Atlético San Luis,2025-2026,liga-mx,DF,25.0,45.8,49.02533,111.0
Paul Bellón,León,2025-2026,liga-mx,DF,28.0,40.1,48.625797,112.0
Everardo Del Villar,Toluca,2025-2026,liga-mx,DF,21.0,35.0,48.266243,113.0
Pablo Bennevendo Peña,UNAM,2025-2026,liga-mx,DF,26.0,39.6,48.257496,114.0
Jorge Berlanga,Pachuca,2025-2026,liga-mx,DF,22.0,40.6,47.9921,115.0
Jesús Rivas,Puebla,2025-2026,liga-mx,DF,23.0,35.8,47.854195,116.0
Gilberto Sepúlveda,Guadalajara,2025-2026,liga-mx,DF,27.0,39.3,47.631508,117.0
Alexis Francisco Peña,Necaxa,2025-2026,liga-mx,DF,30.0,39.6,47.55723,118.0
Sergio Ramos,Monterrey,2025-2026,liga-mx,DF,40.0,41.8,46.689915,119.0
Igor Lichnovsky,América,2025-2026,liga-mx,DF,32.0,43.6,46.64361,120.0
Bryan Colula,Mazatlán,2025-2026,liga-mx,DF,30.0,43.2,46.407307,121.0
Efraín Orona,Puebla,2025-2026,liga-mx,DF,27.0,31.4,46.183628,122.0
Adrián Mora,Atlas,2025-2026,liga-mx,DF,28.0,40.1,45.591133,123.0
Jaime Gómez Valencia,Querétaro,2025-2026,liga-mx,DF,32.0,34.7,45.49425,124.0
José David Ramírez,León,2025-2026,liga-mx,DF,30.0,34.4,44.48124,125.0
Francisco Eduardo Venegas,Querétaro,2025-2026,liga-mx,DF,27.0,35.1,44.283802,126.0
Erik Lira,Cruz Azul,2025-2026,liga-mx,DF,26.0,35.1,42.874237,127.0
Stefan Medina,Monterrey,2025-2026,liga-mx,DF,33.0,37.5,42.45341,128.0
Sebastian Santos,León,2025-2026,liga-mx,DF,23.0,38.4,42.19987,129.0
Jaine Barreiro,León,2025-2026,liga-mx,DF,31.0,36.3,42.174988,130.0
Juan Fedorco,Puebla,2025-2026,liga-mx,DF,25.0,36.5,40.96268,131.0
Eduardo Gabriel,Pachuca,2025-2026,liga-mx,DF,30.0,32.0,39.700356,132.0
Omar Israel Mendoza,Querétaro,2025-2026,liga-mx,DF,37.0,33.4,38.540733,133.0
Óscar Manzanarez,Querétaro,2025-2026,liga-mx,DF,31.0,33.3,34.47728,134.0
Armando González,Guadalajara,2025-2026,liga-mx,FW,23.0,87.0,75.59258,1.0
Juninho,UNAM,2025-2026,liga-mx,FW,29.0,84.0,73.03237,2.0
Lucas Di Yorio,Santos Laguna,2025-2026,liga-mx,FW,29.0,81.9,71.647125,3.0
Gabriel Fernández,Cruz Azul,2025-2026,liga-mx,FW,32.0,78.6,70.213135,4.0
Paulinho,Toluca,2025-2026,liga-mx,FW,33.0,79.2,69.29814,5.0
João Pedro,Atlético San Luis,2025-2026,liga-mx,FW,34.0,81.3,69.02046,6.0
Diber Cambindo,León,2025-2026,liga-mx,FW,30.0,78.4,66.66157,7.0
Robert Morales,UNAM,2025-2026,liga-mx,FW,27.0,76.9,66.59903,8.0
Mateo Coronel,Querétaro,2025-2026,liga-mx,FW,27.0,73.8,66.40202,9.0
Ángel Sepúlveda,Cruz Azul,2025-2026,liga-mx,FW,35.0,73.6,65.5536,10.0
Patricio Salas,América,2025-2026,liga-mx,FW,22.0,69.3,65.50368,11.0
Jorge Roberto Díaz,Toluca,2025-2026,liga-mx,FW,27.0,78.7,64.92895,12.0
Ángel Sepúlveda,Guadalajara,2025-2026,liga-mx,FW,35.0,77.9,64.898636,13.0
Brian Rubio,Mazatlán,2025-2026,liga-mx,FW,29.0,63.5,64.06272,14.0
Ali Ávila,Querétaro,2025-2026,liga-mx,FW,22.0,67.4,63.527313,15.0
Enner Valencia,Pachuca,2025-2026,liga-mx,FW,36.0,68.4,62.51932,16.0
Oscar Estupiñan,FC Juárez,2025-2026,liga-mx,FW,29.0,66.8,61.687088,17.0
Nicolás Ibáñez,Cruz Azul,2025-2026,liga-mx,FW,31.0,67.3,59.789486,18.0
Diber Cambindo,Necaxa,2025-2026,liga-mx,FW,30.0,61.5,59.778587,19.0
Ricardo Marín,Puebla,2025-2026,liga-mx,FW,28.0,67.1,59.41698,20.0
Guillermo Martínez Ayala,UNAM,2025-2026,liga-mx,FW,31.0,56.0,58.147076,21.0
Germán Berterame,Monterrey,2025-2026,liga-mx,FW,27.0,58.9,57.939545,22.0
Robert Morales,Toluca,2025-2026,liga-mx,FW,27.0,63.5,57.869404,23.0
Bruno Barticciotto,Santos Laguna,2025-2026,liga-mx,FW,25.0,59.2,57.73172,24.0
Fábio,Mazatlán,2025-2026,liga-mx,FW,28.0,54.9,56.93205,25.0
Roberto de la Rosa,Monterrey,2025-2026,liga-mx,FW,26.0,55.3,56.707466,26.0
Alberto Ocejo,Santos Laguna,2025-2026,liga-mx,FW,27.0,58.0,56.650394,27.0
Uroš Đurđević,Monterrey,2025-2026,liga-mx,FW,32.0,54.3,56.417492,28.0
José Zúñiga,América,2025-2026,liga-mx,FW,31.0,55.0,55.683254,29.0
Nicolás Ibáñez,UANL,2025-2026,liga-mx,FW,31.0,50.2,55.6263,30.0
Uroš Đurđević,Atlas,2025-2026,liga-mx,FW,32.0,54.2,55.523453,31.0
Anderson Duarte,Mazatlán,2025-2026,liga-mx,FW,22.0,51.9,55.383736,32.0
Tomás Badaloni,Necaxa,2025-2026,liga-mx,FW,26.0,52.6,54.346344,33.0
Luca Martínez,FC Juárez,2025-2026,liga-mx,FW,25.0,52.1,54.076534,34.0
Víctor Dávila,América,2025-2026,liga-mx,FW,28.0,41.7,53.749992,35.0
Cade Cowell,Guadalajara,2025-2026,liga-mx,FW,22.0,49.2,52.999435,36.0
Rodrigo Aguirre,América,2025-2026,liga-mx,FW,31.0,43.7,52.74426,37.0
Ángel Zaldívar,FC Juárez,2025-2026,liga-mx,FW,32.0,46.6,52.69982,38.0
Salomón Rondón,Pachuca,2025-2026,liga-mx,FW,36.0,42.2,52.214813,39.0
André-Pierre Gignac,UANL,2025-2026,liga-mx,FW,40.0,47.9,52.174107,40.0
Rodrigo Aguirre,UANL,2025-2026,liga-mx,FW,31.0,43.4,50.72211,41.0
Alfonso Alvarado,León,2025-2026,liga-mx,FW,26.0,38.8,49.988464,42.0
Esteban Lozano,Puebla,2025-2026,liga-mx,FW,23.0,44.4,47.576805,43.0
Nicolás Vallejo,León,2025-2026,liga-mx,FW,22.0,39.9,47.547295,44.0
Mourad El Ghezouani,Tijuana,2025-2026,liga-mx,FW,27.0,36.8,47.006042,45.0
Juan Domínguez,León,2025-2026,liga-mx,FW,27.0,36.1,46.842213,46.0
Eduardo Aguirre,Atlas,2025-2026,liga-mx,FW,27.0,42.8,46.609245,47.0
Jhonder Cádiz,Pachuca,2025-2026,liga-mx,FW,30.0,40.0,44.475933,48.0
Rogelio Funes Mori,León,2025-2026,liga-mx,FW,35.0,38.5,40.48886,49.0
José Rangel Aguilar,Guadalajara,2025-2026,liga-mx,GK,26.0,84.6,71.77516,1.0
Keylor Navas,UNAM,2025-2026,liga-mx,GK,39.0,88.3,69.52262,2.0
José Antonio Rodríguez,Tijuana,2025-2026,liga-mx,GK,33.0,81.7,67.3602,3.0
Carlos Moreno,Pachuca,2025-2026,liga-mx,GK,28.0,79.1,66.34969,4.0
Camilo Vargas,Atlas,2025-2026,liga-mx,GK,37.0,74.0,63.750366,5.0
Ricardo Gutiérrez,Mazatlán,2025-2026,liga-mx,GK,28.0,69.2,63.20588,6.0
Oscar Garcia,León,2025-2026,liga-mx,GK,22.0,62.5,63.066143,7.0
Andrés Gudiño,Cruz Azul,2025-2026,liga-mx,GK,29.0,65.4,62.801605,8.0
José Santiago Hernández,Querétaro,2025-2026,liga-mx,GK,29.0,69.1,62.740414,9.0
Nahuel Guzmán,UANL,2025-2026,liga-mx,GK,40.0,70.4,62.11977,10.0
Luis Ángel Malagón,América,2025-2026,liga-mx,GK,29.0,63.7,61.722015,11.0
Luis Cárdenas,Monterrey,2025-2026,liga-mx,GK,32.0,62.0,60.837585,12.0
Luis Manuel García,Toluca,2025-2026,liga-mx,GK,33.0,62.9,59.813385,13.0
Ricardo Gutiérrez,Puebla,2025-2026,liga-mx,GK,28.0,55.9,59.17087,14.0
Hugo González Durán,Toluca,2025-2026,liga-mx,GK,35.0,58.8,58.28521,15.0
Andrés Sánchez,Atlético San Luis,2025-2026,liga-mx,GK,28.0,57.2,57.632923,16.0
Kevin Mier,Cruz Azul,2025-2026,liga-mx,GK,26.0,53.2,57.206062,17.0
Ezequiel Unsain,Necaxa,2025-2026,liga-mx,GK,31.0,55.7,57.095173,18.0
Guillermo Allison,Querétaro,2025-2026,liga-mx,GK,35.0,49.4,53.874794,19.0
Rodolfo Cota,América,2025-2026,liga-mx,GK,38.0,41.9,52.32292,20.0
Carlos Acevedo,Santos Laguna,2025-2026,liga-mx,GK,30.0,48.9,51.692776,21.0
Santiago Mele,Monterrey,2025-2026,liga-mx,GK,28.0,37.5,50.244247,22.0
Jesús Rodríguez,Puebla,2025-2026,liga-mx,GK,33.0,37.2,48.827084,23.0
Ricardo Rodríguez,Mazatlán,2025-2026,liga-mx,GK,25.0,42.6,47.35978,24.0
Sebastián Jurado,FC Juárez,2025-2026,liga-mx,GK,28.0,44.2,47.218647,25.0
Julio José González,Puebla,2025-2026,liga-mx,GK,35.0,31.9,41.387177,26.0
Helinho,Toluca,2025-2026,liga-mx,MF,26.0,83.7,78.482635,1.0
Diego Sánchez,UANL,2025-2026,liga-mx,MF,21.0,80.9,76.76486,2.0
Brian Rodríguez,América,2025-2026,liga-mx,MF,26.0,86.2,75.7381,3.0
Juan Brunetta,UANL,2025-2026,liga-mx,MF,29.0,86.3,75.363075,4.0
Ángel Correa,UANL,2025-2026,liga-mx,MF,31.0,87.8,74.74429,5.0
José Paradela,Cruz Azul,2025-2026,liga-mx,MF,27.0,85.1,74.09552,6.0
Ozziel Herrera,UANL,2025-2026,liga-mx,MF,24.0,81.3,74.09437,7.0
Josué Ovalle,Mazatlán,2025-2026,liga-mx,MF,26.0,81.6,74.00201,8.0
Luca Orellano,Monterrey,2025-2026,liga-mx,MF,26.0,82.0,73.40458,9.0
Jairo Torres,FC Juárez,2025-2026,liga-mx,MF,25.0,77.0,72.870544,10.0
Javier Ruiz,Necaxa,2025-2026,liga-mx,MF,21.0,80.5,72.46782,11.0
Uriel Antuna,UNAM,2025-2026,liga-mx,MF,28.0,83.4,72.45408,12.0
Ezequiel Bullaude,Santos Laguna,2025-2026,liga-mx,MF,25.0,81.9,72.371216,13.0
Raphael Veiga,América,2025-2026,liga-mx,MF,30.0,80.0,72.26842,14.0
Ismael Díaz,León,2025-2026,liga-mx,MF,29.0,83.6,71.819405,15.0
Lucas Ocampos,Monterrey,2025-2026,liga-mx,MF,31.0,80.9,71.769485,16.0
Sergio Canales,Monterrey,2025-2026,liga-mx,MF,35.0,80.0,71.76643,17.0
Kenedy,Pachuca,2025-2026,liga-mx,MF,30.0,81.4,70.74231,18.0
Kevin Castañeda,Tijuana,2025-2026,liga-mx,MF,26.0,81.1,70.36355,19.0
Efrain Alvarez,Guadalajara,2025-2026,liga-mx,MF,23.0,78.8,70.247406,20.0
Agustín Palavecino,Cruz Azul,2025-2026,liga-mx,MF,29.0,80.7,70.05025,21.0
Carlos Baltazar,Puebla,2025-2026,liga-mx,MF,29.0,79.9,69.425255,22.0
Ricardo Monreal,Necaxa,2025-2026,liga-mx,MF,25.0,75.8,68.53387,23.0
Gilberto Mora,Tijuana,2025-2026,liga-mx,MF,17.0,65.3,68.50916,24.0
Diego Lainez,UANL,2025-2026,liga-mx,MF,25.0,77.9,68.29666,25.0
Roberto Alvarado,Guadalajara,2025-2026,liga-mx,MF,27.0,76.9,68.02497,26.0
Santiago Sandoval,Guadalajara,2025-2026,liga-mx,MF,18.0,77.2,68.0067,27.0
Marcelo Flores,UANL,2025-2026,liga-mx,MF,22.0,72.8,67.532036,28.0
Alexis Vega,Toluca,2025-2026,liga-mx,MF,28.0,76.5,67.351974,29.0
Edgar Guerra,Puebla,2025-2026,liga-mx,MF,25.0,77.0,67.338776,30.0
Nicolás Castro,Toluca,2025-2026,liga-mx,MF,25.0,79.7,67.23992,31.0
José Luis Rodríguez,FC Juárez,2025-2026,liga-mx,MF,27.0,76.8,66.860016,32.0
Anthony Martial,Monterrey,2025-2026,liga-mx,MF,30.0,76.9,66.63666,33.0
Jordan Carrillo,UNAM,2025-2026,liga-mx,MF,24.0,75.3,66.482704,34.0
Emiliano Gómez,Puebla,2025-2026,liga-mx,MF,24.0,76.7,66.409134,35.0
Jesús Angulo,Toluca,2025-2026,liga-mx,MF,29.0,76.2,66.08843,36.0
Kevin Velasco,Puebla,2025-2026,liga-mx,MF,29.0,70.1,66.025604,37.0
Diego González,Atlas,2025-2026,liga-mx,MF,23.0,80.1,66.023964,38.0
Pablo Barrera,Querétaro,2025-2026,liga-mx,MF,38.0,69.3,65.9156,39.0
Jesús Corona,Monterrey,2025-2026,liga-mx,MF,33.0,73.6,65.54113,40.0
Jesús Medina,Atlético San Luis,2025-2026,liga-mx,MF,29.0,73.6,65.463295,41.0
Leonardo Flores,Atlético San Luis,2025-2026,liga-mx,MF,23.0,75.1,65.442215,42.0
Nicolás Benedetti,Mazatlán,2025-2026,liga-mx,MF,29.0,63.6,64.992195,43.0
Alejandro Zendejas,América,2025-2026,liga-mx,MF,28.0,73.9,64.73964,44.0
Oussama Idrissi,Pachuca,2025-2026,liga-mx,MF,30.0,69.6,64.60784,45.0
Guilherme Carvalho,FC Juárez,2025-2026,liga-mx,MF,26.0,61.5,64.09567,46.0
Agustín Palavecino,Necaxa,2025-2026,liga-mx,MF,29.0,64.6,63.884727,47.0
Sebastián Pérez Bouquet,Atlético San Luis,2025-2026,liga-mx,MF,22.0,71.2,63.861366,48.0
Bryan González,Guadalajara,2025-2026,liga-mx,MF,23.0,75.4,63.810234,49.0
Brian Gutiérrez,Guadalajara,2025-2026,liga-mx,MF,22.0,73.3,63.806774,50.0
Luka Romero,Cruz Azul,2025-2026,liga-mx,MF,21.0,70.3,63.606754,51.0
Jhojan Julio,Querétaro,2025-2026,liga-mx,MF,28.0,71.8,63.429802,52.0
Isaías Violante,América,2025-2026,liga-mx,MF,22.0,74.6,63.203476,53.0
Daniel Arcila,León,2025-2026,liga-mx,MF,24.0,69.7,62.90288,54.0
Fran Villalba,Santos Laguna,2025-2026,liga-mx,MF,28.0,71.3,62.87655,55.0
Elias Montiel,Pachuca,2025-2026,liga-mx,MF,20.0,60.9,62.790924,56.0
Jeremy Márquez,Cruz Azul,2025-2026,liga-mx,MF,25.0,65.7,62.66794,57.0
Lucas Rodríguez,Querétaro,2025-2026,liga-mx,MF,29.0,70.5,62.625748,58.0
Jorge Ruvalcaba,UNAM,2025-2026,liga-mx,MF,24.0,61.9,61.960938,59.0
Allan Saint-Maximin,América,2025-2026,liga-mx,MF,29.0,69.0,61.762226,60.0
Óliver Torres,Monterrey,2025-2026,liga-mx,MF,31.0,66.1,61.67003,61.0
Marcel Ruiz,Toluca,2025-2026,liga-mx,MF,25.0,69.0,61.554443,62.0
Iker Fimbres,Monterrey,2025-2026,liga-mx,MF,20.0,64.0,61.199368,63.0
Jean Unjanque,Querétaro,2025-2026,liga-mx,MF,21.0,63.7,60.968895,64.0
Juan Domínguez,Toluca,2025-2026,liga-mx,MF,27.0,65.4,60.942764,65.0
Gastón Togni,Pachuca,2025-2026,liga-mx,MF,28.0,62.9,60.935966,66.0
Santiago Homenchenko,Querétaro,2025-2026,liga-mx,MF,22.0,68.6,60.848827,67.0
Alan Medina,UNAM,2025-2026,liga-mx,MF,28.0,63.1,60.821045,68.0
Adalberto Carrasquilla,UNAM,2025-2026,liga-mx,MF,27.0,66.5,60.802742,69.0
Víctor Guzmán,Pachuca,2025-2026,liga-mx,MF,31.0,68.9,60.73002,70.0
Sebastien Salles-Lamonge,Atlético San Luis,2025-2026,liga-mx,MF,30.0,71.1,60.277958,71.0
Omar Campos,Cruz Azul,2025-2026,liga-mx,MF,23.0,61.4,60.253986,72.0
Mauro Zaleta,Mazatlán,2025-2026,liga-mx,MF,24.0,61.9,60.228146,73.0
Richy Ledezma,Guadalajara,2025-2026,liga-mx,MF,25.0,64.4,60.175888,74.0
Ramiro Árciga,Tijuana,2025-2026,liga-mx,MF,21.0,65.1,59.97338,75.0
James Rodríguez,León,2025-2026,liga-mx,MF,34.0,65.0,59.771,76.0
Fernando González,Querétaro,2025-2026,liga-mx,MF,25.0,61.9,59.714184,77.0
Kevin Rosero,Necaxa,2025-2026,liga-mx,MF,27.0,63.0,59.583168,78.0
Carlos Rotondi,Cruz Azul,2025-2026,liga-mx,MF,29.0,61.6,59.56344,79.0
Omar Moreno,Mazatlán,2025-2026,liga-mx,MF,21.0,62.4,59.5506,80.0
Fernando Beltrán,León,2025-2026,liga-mx,MF,28.0,63.9,59.3413,81.0
Charly Rodríguez,Cruz Azul,2025-2026,liga-mx,MF,29.0,57.4,59.196484,82.0
Édgar Yoel Bárcenas,Mazatlán,2025-2026,liga-mx,MF,32.0,58.0,59.107224,83.0
Cristián Dajome,Santos Laguna,2025-2026,liga-mx,MF,32.0,60.9,59.086018,84.0
Alán Bautista,Pachuca,2025-2026,liga-mx,MF,23.0,55.9,58.835,85.0
Alfonso González,Atlas,2025-2026,liga-mx,MF,31.0,59.0,58.711117,86.0
Kevin Palacios,Santos Laguna,2025-2026,liga-mx,MF,26.0,59.9,58.48769,87.0
Alexis Gutiérrez,América,2025-2026,liga-mx,MF,26.0,61.5,58.457935,88.0
Adonis Preciado,Tijuana,2025-2026,liga-mx,MF,29.0,65.6,58.173763,89.0
Ignacio Rivero,Cruz Azul,2025-2026,liga-mx,MF,34.0,55.8,57.680866,90.0
Mateusz Bogusz,Cruz Azul,2025-2026,liga-mx,MF,24.0,58.5,57.566246,91.0
Denzell García,FC Juárez,2025-2026,liga-mx,MF,22.0,61.5,57.2296,92.0
Raymundo Fulgencio,FC Juárez,2025-2026,liga-mx,MF,26.0,57.6,57.07825,93.0
Ramiro Sordo,Santos Laguna,2025-2026,liga-mx,MF,25.0,57.0,56.629204,94.0
Ricardinho,FC Juárez,2025-2026,liga-mx,MF,27.0,56.3,56.582043,95.0
Pavel Pérez,Necaxa,2025-2026,liga-mx,MF,27.0,54.2,56.49056,96.0
Owen González,Puebla,2025-2026,liga-mx,MF,22.0,53.0,56.1551,97.0
Rodolfo Pizarro,FC Juárez,2025-2026,liga-mx,MF,32.0,57.9,55.474754,98.0
Johan Rojas,Necaxa,2025-2026,liga-mx,MF,23.0,51.6,55.20884,99.0
Miguel Garcia,Atlético San Luis,2025-2026,liga-mx,MF,24.0,56.2,54.623104,100.0
Fernando Arce Jr.,Toluca,2025-2026,liga-mx,MF,29.0,52.8,54.48926,101.0
Dudu,Mazatlán,2025-2026,liga-mx,MF,26.0,53.0,54.425606,102.0
Pavel Pérez,Toluca,2025-2026,liga-mx,MF,27.0,51.8,54.359398,103.0
Danny Leyva,Necaxa,2025-2026,liga-mx,MF,23.0,56.7,54.277775,104.0
Jordi Cortizo,León,2025-2026,liga-mx,MF,29.0,51.7,54.142242,105.0
Erick Sánchez,América,2025-2026,liga-mx,MF,26.0,45.1,54.0751,106.0
Madson,FC Juárez,2025-2026,liga-mx,MF,26.0,54.9,54.020752,107.0
Aldo López,Santos Laguna,2025-2026,liga-mx,MF,25.0,56.9,53.944317,108.0
Rodrigo Dourado,Atlético San Luis,2025-2026,liga-mx,MF,31.0,52.1,53.924187,109.0
Iván Moreno,León,2025-2026,liga-mx,MF,28.0,59.1,53.91946,110.0
Monchu,FC Juárez,2025-2026,liga-mx,MF,26.0,53.8,53.766273,111.0
Mateo García,Atlas,2025-2026,liga-mx,MF,29.0,52.7,53.728535,112.0
Alexei Dominguez,Pachuca,2025-2026,liga-mx,MF,21.0,50.3,53.39919,113.0
Frank Boya,Tijuana,2025-2026,liga-mx,MF,29.0,49.5,53.060066,114.0
Israel Tello,Necaxa,2025-2026,liga-mx,MF,20.0,50.2,52.820656,115.0
Benjamín Galdames,Atlético San Luis,2025-2026,liga-mx,MF,25.0,54.4,52.76471,116.0
Álvaro Fidalgo,América,2025-2026,liga-mx,MF,29.0,37.3,52.572266,117.0
Fidel Ambríz,Monterrey,2025-2026,liga-mx,MF,23.0,51.2,52.05437,118.0
Sergio Hernandez,Atlas,2025-2026,liga-mx,MF,22.0,54.5,51.939655,119.0
Franco Rossano,Necaxa,2025-2026,liga-mx,MF,20.0,53.7,51.728172,120.0
Ignacio Rivero,Tijuana,2025-2026,liga-mx,MF,34.0,48.1,51.63673,121.0
Omar Govea,Guadalajara,2025-2026,liga-mx,MF,30.0,50.2,51.500465,122.0
Pedro Vite,UNAM,2025-2026,liga-mx,MF,24.0,53.7,51.46928,123.0
Miguel Rodríguez,León,2025-2026,liga-mx,MF,23.0,46.7,51.324932,124.0
Erick Gutiérrez,Guadalajara,2025-2026,liga-mx,MF,30.0,48.2,51.163696,125.0
Alejandro Organista,Puebla,2025-2026,liga-mx,MF,25.0,51.7,50.197292,126.0
Lorenzo Faravelli,Necaxa,2025-2026,liga-mx,MF,33.0,48.0,49.764362,127.0
Luis Enrique Quiñones,Pachuca,2025-2026,liga-mx,MF,34.0,44.1,49.71019,128.0
Diego De Buen,Necaxa,2025-2026,liga-mx,MF,34.0,46.1,48.876797,129.0
Miguel Ramírez,Puebla,2025-2026,liga-mx,MF,23.0,42.9,48.44053,130.0
Roberto Meraz,Mazatlán,2025-2026,liga-mx,MF,26.0,42.2,47.87637,131.0
Rodrigo Echeverría,León,2025-2026,liga-mx,MF,31.0,53.4,47.850662,132.0
Michael Carcelen,Querétaro,2025-2026,liga-mx,MF,29.0,43.9,47.60525,133.0
Domingo Blanco,Tijuana,2025-2026,liga-mx,MF,31.0,45.9,47.20099,134.0
Aldo Rocha,Atlas,2025-2026,liga-mx,MF,33.0,49.8,47.15,135.0
Jonathan dos Santos,América,2025-2026,liga-mx,MF,36.0,48.1,46.93464,136.0
Jesús Hernández,Mazatlán,2025-2026,liga-mx,MF,24.0,41.9,46.906418,137.0
Edgar Zaldívar,Atlas,2025-2026,liga-mx,MF,29.0,45.2,46.796787,138.0
Christian Rivera,Pachuca,2025-2026,liga-mx,MF,30.0,48.8,46.774014,139.0
Homer Martínez,FC Juárez,2025-2026,liga-mx,MF,28.0,47.3,46.67809,140.0
Eduardo Armenta,Querétaro,2025-2026,liga-mx,MF,24.0,40.9,46.54923,141.0
Fernando Gorriarán,UANL,2025-2026,liga-mx,MF,31.0,46.4,46.232853,142.0
Franco Romero,Toluca,2025-2026,liga-mx,MF,26.0,45.9,46.000546,143.0
Luis Rey,Puebla,2025-2026,liga-mx,MF,23.0,40.4,45.92564,144.0
Alan Cervantes,América,2025-2026,liga-mx,MF,28.0,39.5,45.8024,145.0
Paulo Ramírez,Atlas,2025-2026,liga-mx,MF,23.0,42.4,45.744423,146.0
Jorge Eduardo Sánchez,Cruz Azul,2025-2026,liga-mx,MF,28.0,40.1,45.739853,147.0
Yan Phillipe,Atlético San Luis,2025-2026,liga-mx,MF,22.0,40.7,45.71753,148.0
Ángel Zapata,Querétaro,2025-2026,liga-mx,MF,25.0,40.1,45.533726,149.0
Jordan Sierra,Mazatlán,2025-2026,liga-mx,MF,29.0,41.2,45.49116,150.0
Carlo,Querétaro,2025-2026,liga-mx,MF,25.0,36.0,44.759144,151.0
Bernardo Parra,UANL,2025-2026,liga-mx,MF,21.0,37.6,44.733517,152.0
Rodrigo Dourado,América,2025-2026,liga-mx,MF,31.0,39.3,44.72071,153.0
Salvador Mariscal,Santos Laguna,2025-2026,liga-mx,MF,23.0,33.1,44.626892,154.0
Franco Moyano,Puebla,2025-2026,liga-mx,MF,28.0,36.0,44.588932,155.0
Ariel Gamarra,Puebla,2025-2026,liga-mx,MF,23.0,31.4,44.17043,156.0
José Caicedo,UNAM,2025-2026,liga-mx,MF,23.0,31.8,44.01941,157.0
Rodrigo Bogarín,Querétaro,2025-2026,liga-mx,MF,28.0,40.0,43.838234,158.0
Javier Güemez,Santos Laguna,2025-2026,liga-mx,MF,34.0,47.8,43.6839,159.0
Iván Tona,Tijuana,2025-2026,liga-mx,MF,26.0,43.1,43.51283,160.0
Lorenzo Faravelli,Cruz Azul,2025-2026,liga-mx,MF,33.0,40.6,43.208206,161.0
José Joaquín Esquivel,Mazatlán,2025-2026,liga-mx,MF,28.0,39.1,43.169918,162.0
José Iván Rodríguez,Necaxa,2025-2026,liga-mx,MF,29.0,32.7,42.60747,163.0
Sergio Rodríguez,Pachuca,2025-2026,liga-mx,MF,22.0,39.0,41.801674,164.0
Kevin Facundo Gutiérrez,Necaxa,2025-2026,liga-mx,MF,28.0,31.9,41.78076,165.0
Alonso Ramírez,Puebla,2025-2026,liga-mx,MF,24.0,32.3,41.676315,166.0
Santiago Trigos,UNAM,2025-2026,liga-mx,MF,24.0,32.4,41.652508,167.0
José Iván Rodríguez,León,2025-2026,liga-mx,MF,29.0,31.8,41.124035,168.0
Roberto Meraz,Atlético San Luis,2025-2026,liga-mx,MF,26.0,31.9,41.01997,169.0
César Araujo,UANL,2025-2026,liga-mx,MF,25.0,31.8,40.769184,170.0
Nicolas Fonseca,León,2025-2026,liga-mx,MF,27.0,30.1,40.75312,171.0
Carlos Gruezo,Santos Laguna,2025-2026,liga-mx,MF,31.0,39.0,40.678677,172.0
Oscar Macías,Atlético San Luis,2025-2026,liga-mx,MF,27.0,40.3,39.95477,173.0
Jorge Agustín Rodríguez,Monterrey,2025-2026,liga-mx,MF,30.0,33.4,39.7467,174.0
Said Godínez,Mazatlán,2025-2026,liga-mx,MF,21.0,37.2,39.34151,175.0
Víctor Ríos,Atlas,2025-2026,liga-mx,MF,22.0,39.2,39.260124,176.0
Fernando Rubén González,Guadalajara,2025-2026,liga-mx,MF,32.0,29.1,39.12351,177.0
César Garza,UNAM,2025-2026,liga-mx,MF,20.0,36.0,38.644604,178.0
Pedro Pedraza,Pachuca,2025-2026,liga-mx,MF,26.0,30.7,37.32411,179.0
Mateo Del Blanco,Unión,2024-2025,liga-profesional-argentina,DF,22.0,86.1,76.75138,1.0
Alexis Soto,Defensa y Just,2024-2025,liga-profesional-argentina,DF,32.0,85.7,74.569664,2.0
Juan Pintado,Gimnasia–LP,2024-2025,liga-profesional-argentina,DF,31.0,84.8,74.553604,3.0
Gonzalo Montiel,River Plate,2024-2025,liga-profesional-argentina,DF,28.0,83.3,74.50282,4.0
Leandro Lozano,Arg Juniors,2024-2025,liga-profesional-argentina,DF,26.0,87.7,74.07841,5.0
Elías Báez,San Lorenzo,2024-2025,liga-profesional-argentina,DF,21.0,86.0,73.638794,6.0
Gastón Martirena,Racing Club,2024-2025,liga-profesional-argentina,DF,25.0,82.3,71.844406,7.0
Sasha Marcich,Lanús,2024-2025,liga-profesional-argentina,DF,27.0,86.8,71.517006,8.0
Giuliano Cerato,Aldosivi,2024-2025,liga-profesional-argentina,DF,27.0,84.1,71.37674,9.0
Enzo Giménez,Rosario Central,2024-2025,liga-profesional-argentina,DF,27.0,82.0,71.320274,10.0
Rodrigo Insúa,Barracas Central,2024-2025,liga-profesional-argentina,DF,27.0,83.9,71.096695,11.0
Diego Sosa,Tigre,2024-2025,liga-profesional-argentina,DF,28.0,75.0,70.993835,12.0
Nahuel Banegas,Tigre,2024-2025,liga-profesional-argentina,DF,29.0,70.0,69.69809,13.0
Gabriel Díaz,Sarmiento,2024-2025,liga-profesional-argentina,DF,25.0,78.0,69.51792,14.0
Kevin Jappert,Barracas Central,2024-2025,liga-profesional-argentina,DF,21.0,82.5,69.296906,15.0
Agustín Sández,Rosario Central,2024-2025,liga-profesional-argentina,DF,24.0,83.5,69.11154,16.0
Pedro Silva Torrejón,Gimnasia–LP,2024-2025,liga-profesional-argentina,DF,28.0,83.6,68.5679,17.0
Pedro Ramírez,Deportivo Riestra,2024-2025,liga-profesional-argentina,DF,25.0,81.1,68.31152,18.0
Augusto Schott,Talleres,2024-2025,liga-profesional-argentina,DF,25.0,80.5,68.281235,19.0
Alex Vigo,Sarmiento,2024-2025,liga-profesional-argentina,DF,26.0,78.8,68.17668,20.0
Ezequiel Cannavo,Defensa y Just,2024-2025,liga-profesional-argentina,DF,23.0,80.6,68.1036,21.0
Santiago Arzamendia,Estudiantes–LP,2024-2025,liga-profesional-argentina,DF,27.0,81.6,68.02832,22.0
Tomás Guidara,Huracán,2024-2025,liga-profesional-argentina,DF,29.0,81.7,67.84859,23.0
Santiago López,Banfield,2024-2025,liga-profesional-argentina,DF,27.0,74.9,67.79106,24.0
Alejo Montero,Newell's OB,2024-2025,liga-profesional-argentina,DF,27.0,80.0,67.73589,25.0
Álvaro Angulo,Independiente,2024-2025,liga-profesional-argentina,DF,28.0,69.3,67.52679,26.0
Sebastián Prieto,Arg Juniors,2024-2025,liga-profesional-argentina,DF,32.0,80.8,67.48008,27.0
Lautaro Vargas,Unión,2024-2025,liga-profesional-argentina,DF,20.0,77.5,66.97234,28.0
Luciano Gómez,Ind. Rivadavia,2024-2025,liga-profesional-argentina,DF,29.0,78.9,66.92841,29.0
Leandro Lescano,Huracán,2024-2025,liga-profesional-argentina,DF,22.0,69.3,66.77686,30.0
Oscar Salomón,Platense,2024-2025,liga-profesional-argentina,DF,26.0,84.2,66.74479,31.0
Lautaro Blanco,Boca Juniors,2024-2025,liga-profesional-argentina,DF,26.0,79.1,66.68894,32.0
Marcos Acuña,River Plate,2024-2025,liga-profesional-argentina,DF,34.0,73.5,66.56434,33.0
Emanuel Coronel,Rosario Central,2024-2025,liga-profesional-argentina,DF,28.0,81.8,66.55468,34.0
Lautaro Rivero,Cen. Córdoba–SdE,2024-2025,liga-profesional-argentina,DF,22.0,66.7,66.509224,35.0
Juan Saborido,Platense,2024-2025,liga-profesional-argentina,DF,27.0,78.0,66.158104,36.0
Ayrton Costa,Boca Juniors,2024-2025,liga-profesional-argentina,DF,26.0,77.3,66.154,37.0
Gabriel Rojas,Racing Club,2024-2025,liga-profesional-argentina,DF,28.0,71.5,65.9947,38.0
Santiago Núñez,Estudiantes–LP,2024-2025,liga-profesional-argentina,DF,25.0,79.6,65.948296,39.0
Leonardo Morales,Belgrano,2024-2025,liga-profesional-argentina,DF,34.0,66.5,65.93989,40.0
César Ibáñez,Huracán,2024-2025,liga-profesional-argentina,DF,26.0,79.5,65.6994,41.0
Eric Meza,Estudiantes–LP,2024-2025,liga-profesional-argentina,DF,26.0,70.5,65.63569,42.0
Cristian Paz,Deportivo Riestra,2024-2025,liga-profesional-argentina,DF,30.0,76.7,65.61075,43.0
Gastón Hernández,San Lorenzo,2024-2025,liga-profesional-argentina,DF,27.0,75.4,65.60177,44.0
Gastón Benavídez,Talleres,2024-2025,liga-profesional-argentina,DF,30.0,67.0,65.57268,45.0
Lucas Abascia,Cen. Córdoba–SdE,2024-2025,liga-profesional-argentina,DF,29.0,79.0,65.55647,46.0
Jose Domínguez,Lanús,2024-2025,liga-profesional-argentina,DF,29.0,66.7,65.530846,47.0
Santiago Sosa,Racing Club,2024-2025,liga-profesional-argentina,DF,26.0,77.0,65.53054,48.0
Braian Cufré,Cen. Córdoba–SdE,2024-2025,liga-profesional-argentina,DF,28.0,70.8,65.48742,49.0
Ignacio Vázquez,Platense,2024-2025,liga-profesional-argentina,DF,28.0,80.7,65.47343,50.0
Fernando Alarcón,Instituto,2024-2025,liga-profesional-argentina,DF,31.0,78.8,65.33285,51.0
Jano Gordon,Vélez Sarsfield,2024-2025,liga-profesional-argentina,DF,21.0,72.4,65.18576,52.0
Ignacio Guerrico,Aldosivi,2024-2025,liga-profesional-argentina,DF,27.0,79.6,65.06105,53.0
Nazareno Colombo,Racing Club,2024-2025,liga-profesional-argentina,DF,26.0,74.8,65.0539,54.0
Elías Gómez,Vélez Sarsfield,2024-2025,liga-profesional-argentina,DF,31.0,75.5,64.899796,55.0
Jhohan Romaña,San Lorenzo,2024-2025,liga-profesional-argentina,DF,27.0,78.3,64.70268,56.0
Lucas Ferreira,Defensa y Just,2024-2025,liga-profesional-argentina,DF,25.0,79.0,64.69966,57.0
Lautaro Di Lollo,Boca Juniors,2024-2025,liga-profesional-argentina,DF,21.0,72.3,64.67837,58.0
Rodrigo González,Aldosivi,2024-2025,liga-profesional-argentina,DF,25.0,70.1,64.615555,59.0
Francisco Álvarez,Arg Juniors,2024-2025,liga-profesional-argentina,DF,25.0,75.5,64.58414,60.0
Sheyko Studer,Ind. Rivadavia,2024-2025,liga-profesional-argentina,DF,23.0,79.5,64.28452,61.0
Kevin Lomónaco,Independiente,2024-2025,liga-profesional-argentina,DF,23.0,74.3,64.24914,62.0
Lucas Arce,Godoy Cruz,2024-2025,liga-profesional-argentina,DF,28.0,69.8,64.052055,63.0
Juan Barinaga,Boca Juniors,2024-2025,liga-profesional-argentina,DF,25.0,66.0,63.821796,64.0
Mateo Mendoza,Godoy Cruz,2024-2025,liga-profesional-argentina,DF,21.0,73.7,63.76982,65.0
Víctor Cuesta,Newell's OB,2024-2025,liga-profesional-argentina,DF,37.0,73.7,63.74299,66.0
Joaquín Laso,Tigre,2024-2025,liga-profesional-argentina,DF,35.0,73.8,63.544106,67.0
Rodrigo Cáseres,San Martín de San Juan,2024-2025,liga-profesional-argentina,DF,28.0,66.3,63.495174,68.0
Joel Godoy,Sarmiento,2024-2025,liga-profesional-argentina,DF,20.0,66.5,63.43578,69.0
Lucas Martínez Quarta,River Plate,2024-2025,liga-profesional-argentina,DF,29.0,74.7,63.418953,70.0
Román Vega,Arg Juniors,2024-2025,liga-profesional-argentina,DF,21.0,64.6,63.382347,71.0
Yonatthan Rak,Barracas Central,2024-2025,liga-profesional-argentina,DF,32.0,70.2,63.194893,72.0
Rafael Marcelo Delgado,Defensa y Just,2024-2025,liga-profesional-argentina,DF,35.0,72.3,63.190582,73.0
Román Gómez,Estudiantes–LP,2024-2025,liga-profesional-argentina,DF,21.0,63.3,63.183315,74.0
Renzo Giampaoli,Gimnasia–LP,2024-2025,liga-profesional-argentina,DF,25.0,60.1,63.117893,75.0
Rodrigo Battaglia,Boca Juniors,2024-2025,liga-profesional-argentina,DF,34.0,75.8,63.066635,76.0
Carlos Izquierdoz,Lanús,2024-2025,liga-profesional-argentina,DF,37.0,75.7,62.992813,77.0
Leandro González Pirez,Estudiantes–LP,2024-2025,liga-profesional-argentina,DF,33.0,65.5,62.91134,78.0
Fabio Pereyra,Huracán,2024-2025,liga-profesional-argentina,DF,35.0,73.2,62.84109,79.0
Miguel Brizuela,Atlé Tucumán,2024-2025,liga-profesional-argentina,DF,28.0,70.9,62.70038,80.0
Erik Godoy,Arg Juniors,2024-2025,liga-profesional-argentina,DF,32.0,71.0,62.627872,81.0
 Franco Pardo,Unión,2024-2025,liga-profesional-argentina,DF,28.0,65.9,62.483307,82.0
Adrián Sporle,Belgrano,2024-2025,liga-profesional-argentina,DF,30.0,64.3,62.47934,83.0
Marco Di Cesare,Racing Club,2024-2025,liga-profesional-argentina,DF,23.0,64.4,62.439682,84.0
Gastón Suso,Gimnasia–LP,2024-2025,liga-profesional-argentina,DF,34.0,72.4,62.26626,85.0
Ramiro Di Luciano,Banfield,2024-2025,liga-profesional-argentina,DF,21.0,63.2,62.190907,86.0
Juan Manuel Insaurralde,Sarmiento,2024-2025,liga-profesional-argentina,DF,41.0,75.6,62.167686,87.0
Gastón Benedetti,Estudiantes–LP,2024-2025,liga-profesional-argentina,DF,24.0,63.1,62.07417,88.0
Facundo Mura,Racing Club,2024-2025,liga-profesional-argentina,DF,26.0,62.0,62.025368,89.0
Gonzalo Mottes,Aldosivi,2024-2025,liga-profesional-argentina,DF,27.0,68.8,61.996086,90.0
Tomás Silva,Platense,2024-2025,liga-profesional-argentina,DF,22.0,60.2,61.83678,91.0
Agustín Lagos,Vélez Sarsfield,2024-2025,liga-profesional-argentina,DF,24.0,59.7,61.826412,92.0
Nicolás Zalazar,Instituto,2024-2025,liga-profesional-argentina,DF,28.0,68.3,61.64727,93.0
Ezequiel Herrera,San Lorenzo,2024-2025,liga-profesional-argentina,DF,22.0,65.8,61.36923,94.0
Gianluca Ferrari,Atlé Tucumán,2024-2025,liga-profesional-argentina,DF,28.0,65.7,61.296307,95.0
Santiago Moya,Aldosivi,2024-2025,liga-profesional-argentina,DF,22.0,61.8,61.291595,96.0
Jonathan Galván,Cen. Córdoba–SdE,2024-2025,liga-profesional-argentina,DF,33.0,74.1,61.136036,97.0
Juan Cruz Komar,Rosario Central,2024-2025,liga-profesional-argentina,DF,29.0,63.5,61.11843,98.0
Juan Morán,Godoy Cruz,2024-2025,liga-profesional-argentina,DF,19.0,62.7,61.079098,99.0
Sebastián Valdez,Independiente,2024-2025,liga-profesional-argentina,DF,30.0,67.2,60.97084,100.0
Nicolás Sansotre,Deportivo Riestra,2024-2025,liga-profesional-argentina,DF,32.0,71.6,60.93572,101.0
Juan Franco Arrellaga,Instituto,2024-2025,liga-profesional-argentina,DF,33.0,70.7,60.871906,102.0
Facundo Mater,Barracas Central,2024-2025,liga-profesional-argentina,DF,27.0,63.7,60.77674,103.0
Sergio Vittor,Banfield,2024-2025,liga-profesional-argentina,DF,36.0,60.9,60.634678,104.0
Ignacio Abraham,Banfield,2024-2025,liga-profesional-argentina,DF,27.0,59.6,60.522015,105.0
Ayrton Portillo,San Martín de San Juan,2024-2025,liga-profesional-argentina,DF,25.0,62.1,60.521374,106.0
Federico Rasmussen,Godoy Cruz,2024-2025,liga-profesional-argentina,DF,33.0,68.7,60.357754,107.0
Nicolás Demartini,Barracas Central,2024-2025,liga-profesional-argentina,DF,26.0,71.0,60.35642,108.0
Agustín García Basso,Racing Club,2024-2025,liga-profesional-argentina,DF,33.0,62.6,60.275234,109.0
Luciano Lollo,Newell's OB,2024-2025,liga-profesional-argentina,DF,38.0,67.8,60.221546,110.0
Federico Vera,Independiente,2024-2025,liga-profesional-argentina,DF,27.0,63.4,60.123257,111.0
Mariano Troilo,Belgrano,2024-2025,liga-profesional-argentina,DF,22.0,60.2,59.96472,112.0
Milton Casco,River Plate,2024-2025,liga-profesional-argentina,DF,37.0,59.5,59.926308,113.0
Ignacio Galván,Atlé Tucumán,2024-2025,liga-profesional-argentina,DF,23.0,59.3,59.764027,114.0
Gabriel Compagnucci,Belgrano,2024-2025,liga-profesional-argentina,DF,34.0,66.0,59.750126,115.0
Saúl Salcedo,Newell's OB,2024-2025,liga-profesional-argentina,DF,28.0,59.9,59.558773,116.0
Leonardo Morales,Gimnasia–LP,2024-2025,liga-profesional-argentina,DF,34.0,60.4,59.43008,117.0
Mathías De Ritis,Banfield,2024-2025,liga-profesional-argentina,DF,22.0,56.2,59.418907,118.0
Marcelo Ortiz,Atlé Tucumán,2024-2025,liga-profesional-argentina,DF,31.0,63.6,59.252872,119.0
Santiago Moyano,Cen. Córdoba–SdE,2024-2025,liga-profesional-argentina,DF,28.0,59.9,59.17425,120.0
Paulo Díaz,River Plate,2024-2025,liga-profesional-argentina,DF,31.0,60.1,59.13468,121.0
Nehuén Paz,Tigre,2024-2025,liga-profesional-argentina,DF,32.0,57.7,58.936214,122.0
Guillermo Soto,Tigre,2024-2025,liga-profesional-argentina,DF,31.0,58.0,58.889442,123.0
Gonzalo Pérez,Lanús,2024-2025,liga-profesional-argentina,DF,24.0,60.7,58.882023,124.0
Fabricio López,San Lorenzo,2024-2025,liga-profesional-argentina,DF,23.0,55.9,58.63878,125.0
Clever Ferreira,Atlé Tucumán,2024-2025,liga-profesional-argentina,DF,22.0,56.4,58.57519,126.0
Lucas Diarte,San Martín de San Juan,2024-2025,liga-profesional-argentina,DF,32.0,62.8,58.54584,127.0
Fernando Martínez,Cen. Córdoba–SdE,2024-2025,liga-profesional-argentina,DF,25.0,56.1,58.41665,128.0
Adrián Sporle,Independiente,2024-2025,liga-profesional-argentina,DF,30.0,58.4,58.381092,129.0
Juan Rodríguez,Talleres,2024-2025,liga-profesional-argentina,DF,31.0,56.9,58.36573,130.0
Ronaldo Dejesús,Lanús,2024-2025,liga-profesional-argentina,DF,24.0,55.9,58.277718,131.0
Iván Villalba,Ind. Rivadavia,2024-2025,liga-profesional-argentina,DF,30.0,65.9,58.256752,132.0
Carlos Quintana,Rosario Central,2024-2025,liga-profesional-argentina,DF,37.0,64.0,58.25541,133.0
Miguel Navarro,Talleres,2024-2025,liga-profesional-argentina,DF,26.0,57.8,58.251026,134.0
Valentín Fascendini,Unión,2024-2025,liga-profesional-argentina,DF,22.0,57.2,57.76222,135.0
Tomás Lecanda,San Martín de San Juan,2024-2025,liga-profesional-argentina,DF,23.0,56.3,57.706547,136.0
Iván Pillud,Cen. Córdoba–SdE,2024-2025,liga-profesional-argentina,DF,39.0,55.6,57.684086,137.0
Renzo Orihuela,Sarmiento,2024-2025,liga-profesional-argentina,DF,24.0,58.7,57.650887,138.0
Armando Méndez,Lanús,2024-2025,liga-profesional-argentina,DF,29.0,54.6,57.533497,139.0
Elías Pereyra,Instituto,2024-2025,liga-profesional-argentina,DF,26.0,53.2,57.15873,140.0
Damián Martínez,Atlé Tucumán,2024-2025,liga-profesional-argentina,DF,35.0,66.1,56.959038,141.0
Facundo Rodríguez,Estudiantes–LP,2024-2025,liga-profesional-argentina,DF,25.0,54.3,56.93928,142.0
Juan Portillo,Talleres,2024-2025,liga-profesional-argentina,DF,25.0,52.2,56.78122,143.0
Ezequiel Muñoz,Lanús,2024-2025,liga-profesional-argentina,DF,35.0,62.1,56.731087,144.0
Pedro Souto,Ind. Rivadavia,2024-2025,liga-profesional-argentina,DF,25.0,55.5,56.659126,145.0
Facundo Miño,Deportivo Riestra,2024-2025,liga-profesional-argentina,DF,26.0,58.1,56.49291,146.0
Tomás Jacob,Newell's OB,2024-2025,liga-profesional-argentina,DF,21.0,53.6,56.389454,147.0
Juan Meli,Godoy Cruz,2024-2025,liga-profesional-argentina,DF,25.0,55.1,55.97708,148.0
Aaron Quirós,Vélez Sarsfield,2024-2025,liga-profesional-argentina,DF,24.0,53.8,55.976585,149.0
Daniel Herrera,San Lorenzo,2024-2025,liga-profesional-argentina,DF,21.0,52.0,55.939144,150.0
Miguel Barbieri,Deportivo Riestra,2024-2025,liga-profesional-argentina,DF,32.0,53.8,55.824738,151.0
Luis Advíncula,Boca Juniors,2024-2025,liga-profesional-argentina,DF,35.0,56.9,55.75678,152.0
Martín Ortega,Tigre,2024-2025,liga-profesional-argentina,DF,26.0,53.6,55.5194,153.0
Facundo Mallo,Rosario Central,2024-2025,liga-profesional-argentina,DF,30.0,56.3,55.464653,154.0
Damián Fernández,Defensa y Just,2024-2025,liga-profesional-argentina,DF,24.0,50.6,55.376072,155.0
Marco Pellegrino,Huracán,2024-2025,liga-profesional-argentina,DF,23.0,50.6,55.123795,156.0
Rafael Barrios,Barracas Central,2024-2025,liga-profesional-argentina,DF,32.0,54.1,55.10453,157.0
Yonathan Cabral,Aldosivi,2024-2025,liga-profesional-argentina,DF,33.0,55.6,54.863308,158.0
Claudio Corvalán,Unión,2024-2025,liga-profesional-argentina,DF,36.0,51.3,54.716732,159.0
Emanuel Mammana,Vélez Sarsfield,2024-2025,liga-profesional-argentina,DF,29.0,50.9,54.665226,160.0
Ignacio Rodríguez,Racing Club,2024-2025,liga-profesional-argentina,DF,23.0,48.8,54.65341,161.0
Alexis Maldonado,Banfield,2024-2025,liga-profesional-argentina,DF,28.0,52.8,54.58585,162.0
Blas Riveros,Talleres,2024-2025,liga-profesional-argentina,DF,27.0,51.5,54.470062,163.0
Lisandro López,Belgrano,2024-2025,liga-profesional-argentina,DF,36.0,50.2,54.13179,164.0
Leonardo Godoy,Independiente,2024-2025,liga-profesional-argentina,DF,30.0,51.1,53.925117,165.0
Rodrigo Gallo,Deportivo Riestra,2024-2025,liga-profesional-argentina,DF,25.0,49.8,53.164745,166.0
Leonard Costa,Ind. Rivadavia,2024-2025,liga-profesional-argentina,DF,27.0,48.5,53.099342,167.0
Emanuel Beltrán,Instituto,2024-2025,liga-profesional-argentina,DF,27.0,49.0,53.000896,168.0
Yair Ezequiel Arismendi,Sarmiento,2024-2025,liga-profesional-argentina,DF,27.0,49.3,52.99513,169.0
Santiago Fernández,Talleres,2024-2025,liga-profesional-argentina,DF,20.0,47.1,52.975822,170.0
Alejandro Molina,San Martín de San Juan,2024-2025,liga-profesional-argentina,DF,28.0,49.3,52.890938,171.0
Alejo Osella,Ind. Rivadavia,2024-2025,liga-profesional-argentina,DF,25.0,48.9,52.55505,172.0
Sebastián Boselli,Estudiantes–LP,2024-2025,liga-profesional-argentina,DF,21.0,47.4,52.504498,173.0
Lisandro Magallán,Vélez Sarsfield,2024-2025,liga-profesional-argentina,DF,32.0,49.7,52.07609,174.0
Facundo Roncaglia,Sarmiento,2024-2025,liga-profesional-argentina,DF,38.0,52.5,51.957596,175.0
Fabricio Bustos,River Plate,2024-2025,liga-profesional-argentina,DF,29.0,46.6,51.868546,176.0
Germán Pezzella,River Plate,2024-2025,liga-profesional-argentina,DF,34.0,47.1,51.47744,177.0
Néstor Breitenbruch,Aldosivi,2024-2025,liga-profesional-argentina,DF,30.0,47.7,51.46557,178.0
Martín Garay,Tigre,2024-2025,liga-profesional-argentina,DF,26.0,47.1,51.387123,179.0
Lucas Rodríguez,Instituto,2024-2025,liga-profesional-argentina,DF,32.0,47.3,51.270138,180.0
Fernando Tobio,Barracas Central,2024-2025,liga-profesional-argentina,DF,36.0,54.9,51.254707,181.0
Facundo Zabala,Independiente,2024-2025,liga-profesional-argentina,DF,26.0,47.2,51.215595,182.0
Marcos Rojo,Boca Juniors,2024-2025,liga-profesional-argentina,DF,35.0,49.5,51.150127,183.0
Damián Fernández,Vélez Sarsfield,2024-2025,liga-profesional-argentina,DF,24.0,45.6,51.11179,184.0
Alejo Tabares,Newell's OB,2024-2025,liga-profesional-argentina,DF,24.0,45.8,50.840126,185.0
Ángelo Martino,Newell's OB,2024-2025,liga-profesional-argentina,DF,27.0,47.6,50.723408,186.0
Matías Catalán,Talleres,2024-2025,liga-profesional-argentina,DF,33.0,48.4,50.71568,187.0
Luciano Recalde,San Martín de San Juan,2024-2025,liga-profesional-argentina,DF,30.0,48.0,50.489502,188.0
Nehuén Paz,Huracán,2024-2025,liga-profesional-argentina,DF,32.0,46.2,50.450806,189.0
Lucas Blondel,Boca Juniors,2024-2025,liga-profesional-argentina,DF,29.0,48.3,50.344696,190.0
Mauro Peinipil,Ind. Rivadavia,2024-2025,liga-profesional-argentina,DF,26.0,44.9,50.324986,191.0
Leonardo Marchi,Cen. Córdoba–SdE,2024-2025,liga-profesional-argentina,DF,29.0,44.7,50.025864,192.0
Jherson Mosquera,Newell's OB,2024-2025,liga-profesional-argentina,DF,26.0,45.9,49.42876,193.0
Tobías Ostchega,Belgrano,2024-2025,liga-profesional-argentina,DF,27.0,44.4,48.446346,194.0
Fabricio Corbalan,Gimnasia–LP,2024-2025,liga-profesional-argentina,DF,22.0,42.7,48.028954,195.0
Nicolás Meriano,Banfield,2024-2025,liga-profesional-argentina,DF,25.0,43.7,47.824867,196.0
Juan Randazzo,Deportivo Riestra,2024-2025,liga-profesional-argentina,DF,31.0,44.0,47.811134,197.0
Maizon Rodríguez,Unión,2024-2025,liga-profesional-argentina,DF,22.0,43.0,47.63536,198.0
Mariano Bracamonte,Deportivo Riestra,2024-2025,liga-profesional-argentina,DF,26.0,41.9,47.555897,199.0
Gabriel Báez,Talleres,2024-2025,liga-profesional-argentina,DF,30.0,44.4,47.212185,200.0
Lautaro Rivero,River Plate,2024-2025,liga-profesional-argentina,DF,22.0,41.9,47.15494,201.0
Gonzalo Requena,Instituto,2024-2025,liga-profesional-argentina,DF,22.0,41.3,46.74228,202.0
Leonel Mosevich,Instituto,2024-2025,liga-profesional-argentina,DF,28.0,42.2,46.71152,203.0
José Luis Palomino,Talleres,2024-2025,liga-profesional-argentina,DF,35.0,43.7,46.66108,204.0
Alexis Maldonado,Belgrano,2024-2025,liga-profesional-argentina,DF,28.0,41.6,46.426258,205.0
Esteban Burgos,San Martín de San Juan,2024-2025,liga-profesional-argentina,DF,33.0,42.7,45.839424,206.0
Federico Ricca,Belgrano,2024-2025,liga-profesional-argentina,DF,30.0,41.4,45.754086,207.0
Alan Barrionuevo,Tigre,2024-2025,liga-profesional-argentina,DF,28.0,41.6,45.7202,208.0
Matías De los Santos,Atlé Tucumán,2024-2025,liga-profesional-argentina,DF,33.0,42.9,45.655132,209.0
Joaquín Pombo,Banfield,2024-2025,liga-profesional-argentina,DF,24.0,39.1,44.610874,210.0
Santiago Morales,Sarmiento,2024-2025,liga-profesional-argentina,DF,0.0,38.2,44.53759,211.0
Juan Infante,Atlé Tucumán,2024-2025,liga-profesional-argentina,DF,29.0,39.9,44.51492,212.0
Santiago Quiros,Racing Club,2024-2025,liga-profesional-argentina,DF,22.0,35.8,44.30827,213.0
Yuri Casermeiro,Cen. Córdoba–SdE,2024-2025,liga-profesional-argentina,DF,23.0,40.7,44.20259,214.0
Leonel Dante Álvarez,San Martín de San Juan,2024-2025,liga-profesional-argentina,DF,29.0,39.1,44.017723,215.0
Nicolás Freire,Independiente,2024-2025,liga-profesional-argentina,DF,31.0,41.1,43.910934,216.0
Francisco Gerometta,Unión,2024-2025,liga-profesional-argentina,DF,26.0,39.3,43.824795,217.0
Fernando Román,Aldosivi,2024-2025,liga-profesional-argentina,DF,27.0,39.7,43.721775,218.0
Fausto Grillo,Belgrano,2024-2025,liga-profesional-argentina,DF,32.0,39.2,42.84591,219.0
Emanuel Aguilera,Defensa y Just,2024-2025,liga-profesional-argentina,DF,36.0,37.3,42.58091,220.0
Bruno Pittón,Unión,2024-2025,liga-profesional-argentina,DF,32.0,37.6,42.44149,221.0
Leonardo Jara,Godoy Cruz,2024-2025,liga-profesional-argentina,DF,34.0,39.3,42.060776,222.0
Tomás Rossi,Godoy Cruz,2024-2025,liga-profesional-argentina,DF,26.0,36.0,41.925106,223.0
Gerónimo Heredia,Belgrano,2024-2025,liga-profesional-argentina,DF,20.0,34.2,41.68665,224.0
Matías Orihuela,Atlé Tucumán,2024-2025,liga-profesional-argentina,DF,33.0,39.3,41.651394,225.0
Valentín Gómez,Vélez Sarsfield,2024-2025,liga-profesional-argentina,DF,22.0,34.7,41.637554,226.0
Federico Álvarez,Tigre,2024-2025,liga-profesional-argentina,DF,31.0,38.1,41.62801,227.0
Juan Escobar,Godoy Cruz,2024-2025,liga-profesional-argentina,DF,30.0,38.8,41.6061,228.0
Ramón Arias,Tigre,2024-2025,liga-profesional-argentina,DF,33.0,38.2,41.52611,229.0
Marco Pellegrino,Boca Juniors,2024-2025,liga-profesional-argentina,DF,23.0,39.2,41.460503,230.0
Juan Ludueña,Unión,2024-2025,liga-profesional-argentina,DF,22.0,34.5,41.360687,231.0
Luca Sosa,Newell's OB,2024-2025,liga-profesional-argentina,DF,31.0,37.2,41.270237,232.0
Tomás Cardona,Tigre,2024-2025,liga-profesional-argentina,DF,30.0,35.6,41.204082,233.0
Raúl Lozano,Platense,2024-2025,liga-profesional-argentina,DF,28.0,36.7,41.027653,234.0
Elías López,Belgrano,2024-2025,liga-profesional-argentina,DF,25.0,33.1,40.843067,235.0
Anibal Leguizamón,Belgrano,2024-2025,liga-profesional-argentina,DF,33.0,35.0,40.799202,236.0
Hernán De La Fuente,Huracán,2024-2025,liga-profesional-argentina,DF,28.0,36.5,40.524044,237.0
Jeremías Vallejos,Sarmiento,2024-2025,liga-profesional-argentina,DF,22.0,34.5,40.273407,238.0
Matías Valenti,Ind. Rivadavia,2024-2025,liga-profesional-argentina,DF,23.0,35.4,40.180458,239.0
Franco Paredes,Independiente,2024-2025,liga-profesional-argentina,DF,26.0,30.6,39.96325,240.0
Hugo Nervo,Huracán,2024-2025,liga-profesional-argentina,DF,34.0,36.1,39.648655,241.0
Ramiro Funes Mori,Estudiantes–LP,2024-2025,liga-profesional-argentina,DF,34.0,35.2,39.628963,242.0
Ezequiel Bonifacio,Ind. Rivadavia,2024-2025,liga-profesional-argentina,DF,31.0,31.4,39.36613,243.0
Facundo Mansilla,Cen. Córdoba–SdE,2024-2025,liga-profesional-argentina,DF,26.0,33.3,39.084442,244.0
Bautista Barros Schelotto,Platense,2024-2025,liga-profesional-argentina,DF,25.0,33.3,39.044106,245.0
Nicolás Meriano,Belgrano,2024-2025,liga-profesional-argentina,DF,25.0,32.5,38.732784,246.0
Jonathan Bay,Platense,2024-2025,liga-profesional-argentina,DF,32.0,37.0,38.703533,247.0
Nicolás Caro,Deportivo Riestra,2024-2025,liga-profesional-argentina,DF,30.0,32.4,38.616043,248.0
Rodrigo Sayavedra,Deportivo Riestra,2024-2025,liga-profesional-argentina,DF,30.0,32.4,38.216496,249.0
Juan Pignani,Cen. Córdoba–SdE,2024-2025,liga-profesional-argentina,DF,24.0,31.3,37.53384,250.0
Paul Riveros,Banfield,2024-2025,liga-profesional-argentina,DF,28.0,30.2,35.523586,251.0
Franco Mastantuono,River Plate,2024-2025,liga-profesional-argentina,FW,18.0,82.7,80.39335,1.0
Ángel Di María,Rosario Central,2024-2025,liga-profesional-argentina,FW,37.0,80.5,78.37015,2.0
Miguel Merentiel,Boca Juniors,2024-2025,liga-profesional-argentina,FW,29.0,86.1,76.37706,3.0
Hernán López Muñoz,Arg Juniors,2024-2025,liga-profesional-argentina,FW,25.0,76.7,74.60307,4.0
Luis Angulo,Cen. Córdoba–SdE,2024-2025,liga-profesional-argentina,FW,21.0,79.1,73.96295,5.0
Rodrigo Castillo,Lanús,2024-2025,liga-profesional-argentina,FW,26.0,79.0,73.672455,6.0
Elías Torres,Aldosivi,2024-2025,liga-profesional-argentina,FW,24.0,74.6,72.89708,7.0
Tomás Molina,Arg Juniors,2024-2025,liga-profesional-argentina,FW,30.0,84.0,72.15012,8.0
Matías Perelló,Cen. Córdoba–SdE,2024-2025,liga-profesional-argentina,FW,24.0,82.1,71.77694,9.0
Sebastián Villa,Ind. Rivadavia,2024-2025,liga-profesional-argentina,FW,29.0,80.5,71.769646,10.0
Mateo Coronel,Atlé Tucumán,2024-2025,liga-profesional-argentina,FW,27.0,81.0,71.49763,11.0
Milton Giménez,Boca Juniors,2024-2025,liga-profesional-argentina,FW,29.0,81.9,71.069016,12.0
Alex Luna,Instituto,2024-2025,liga-profesional-argentina,FW,21.0,74.9,70.03567,13.0
Edwuin Cetré,Estudiantes–LP,2024-2025,liga-profesional-argentina,FW,27.0,78.1,70.014206,14.0
Facundo Colidio,River Plate,2024-2025,liga-profesional-argentina,FW,25.0,78.1,69.94587,15.0
Juan Miritello,Defensa y Just,2024-2025,liga-profesional-argentina,FW,26.0,79.9,69.39369,16.0
Rodrigo Auzmendi,Banfield,2024-2025,liga-profesional-argentina,FW,24.0,74.2,69.38929,17.0
Joaquín Burgos,Estudiantes–LP,2024-2025,liga-profesional-argentina,FW,20.0,71.1,69.291466,18.0
Miguel Borja,River Plate,2024-2025,liga-profesional-argentina,FW,32.0,79.2,69.27592,19.0
Marcelo Torres,Gimnasia–LP,2024-2025,liga-profesional-argentina,FW,28.0,73.9,69.249084,20.0
Valentín Depietri,Talleres,2024-2025,liga-profesional-argentina,FW,25.0,77.2,68.820206,21.0
Alexis Cuello,San Lorenzo,2024-2025,liga-profesional-argentina,FW,25.0,76.0,68.52855,22.0
Facundo Bruera,Barracas Central,2024-2025,liga-profesional-argentina,FW,27.0,81.1,68.52365,23.0
Jhonatan Candia,Barracas Central,2024-2025,liga-profesional-argentina,FW,30.0,79.3,68.330215,24.0
Ronaldo Martínez,Platense,2024-2025,liga-profesional-argentina,FW,29.0,79.2,68.220474,25.0
Vicente Taborda,Platense,2024-2025,liga-profesional-argentina,FW,24.0,70.8,68.12823,26.0
Ignacio Russo,Tigre,2024-2025,liga-profesional-argentina,FW,24.0,75.8,67.14582,27.0
José Romero,Tigre,2024-2025,liga-profesional-argentina,FW,22.0,78.0,66.97035,28.0
José Herrera,Arg Juniors,2024-2025,liga-profesional-argentina,FW,22.0,67.5,66.94224,29.0
Gastón Verón,Cen. Córdoba–SdE,2024-2025,liga-profesional-argentina,FW,24.0,72.7,66.7942,30.0
Tiago Palacios,Estudiantes–LP,2024-2025,liga-profesional-argentina,FW,24.0,68.6,66.650826,31.0
Alejo Véliz,Rosario Central,2024-2025,liga-profesional-argentina,FW,22.0,70.3,66.56744,32.0
Tomás Fernández,San Martín de San Juan,2024-2025,liga-profesional-argentina,FW,27.0,75.9,66.45975,33.0
Joaquín Ardaiz,Sarmiento,2024-2025,liga-profesional-argentina,FW,26.0,71.2,66.31936,34.0
Alex Arce,Ind. Rivadavia,2024-2025,liga-profesional-argentina,FW,30.0,67.6,66.27081,35.0
Cristian Tarragona,Unión,2024-2025,liga-profesional-argentina,FW,34.0,68.9,66.21179,36.0
Tomás Nasif,Banfield,2024-2025,liga-profesional-argentina,FW,21.0,71.0,66.081955,37.0
Alexis Canelo,Lanús,2024-2025,liga-profesional-argentina,FW,33.0,75.5,65.870605,38.0
Mauro Méndez,Banfield,2024-2025,liga-profesional-argentina,FW,26.0,68.3,65.543236,39.0
Walter Bou,Lanús,2024-2025,liga-profesional-argentina,FW,32.0,73.5,65.29548,40.0
Braian Romero,Vélez Sarsfield,2024-2025,liga-profesional-argentina,FW,34.0,77.0,65.00673,41.0
Gabriel Ávalos,Independiente,2024-2025,liga-profesional-argentina,FW,35.0,76.1,64.657646,42.0
Diego Barrera,Cen. Córdoba–SdE,2024-2025,liga-profesional-argentina,FW,21.0,68.5,64.57781,43.0
Nicolás Fernández,Belgrano,2024-2025,liga-profesional-argentina,FW,29.0,71.8,64.506996,44.0
Lucas Gamba,Unión,2024-2025,liga-profesional-argentina,FW,38.0,68.6,64.441,45.0
Gastón Togni,Defensa y Just,2024-2025,liga-profesional-argentina,FW,28.0,64.2,64.3716,46.0
Enzo Copetti,Rosario Central,2024-2025,liga-profesional-argentina,FW,29.0,73.1,64.29273,47.0
Sebastián Driussi,River Plate,2024-2025,liga-profesional-argentina,FW,29.0,70.9,64.07906,48.0
Leonardo Heredia,Cen. Córdoba–SdE,2024-2025,liga-profesional-argentina,FW,29.0,71.4,64.00381,49.0
Fabrizio Sartori,Ind. Rivadavia,2024-2025,liga-profesional-argentina,FW,23.0,68.5,63.555332,50.0
Mateo Silvetti,Newell's OB,2024-2025,liga-profesional-argentina,FW,19.0,61.7,63.552002,51.0
Luciano Ramón Herrera,Newell's OB,2024-2025,liga-profesional-argentina,FW,29.0,66.0,63.509834,52.0
Jonathan Herrera,Deportivo Riestra,2024-2025,liga-profesional-argentina,FW,34.0,73.6,63.44641,53.0
Gaspar Duarte,Rosario Central,2024-2025,liga-profesional-argentina,FW,22.0,69.2,63.391605,54.0
Ignacio Schor,Platense,2024-2025,liga-profesional-argentina,FW,25.0,65.5,63.3201,55.0
Eduardo Salvio,Lanús,2024-2025,liga-profesional-argentina,FW,35.0,68.2,63.279446,56.0
Santiago López,Rosario Central,2024-2025,liga-profesional-argentina,FW,19.0,67.8,63.21986,57.0
Lucas Besozzi,Cen. Córdoba–SdE,2024-2025,liga-profesional-argentina,FW,22.0,62.0,63.1265,58.0
Walter Mazzantti,Huracán,2024-2025,liga-profesional-argentina,FW,29.0,63.6,63.007504,59.0
Adrián Martínez,Racing Club,2024-2025,liga-profesional-argentina,FW,33.0,74.3,62.980022,60.0
Jeremias Merlo,Gimnasia–LP,2024-2025,liga-profesional-argentina,FW,0.0,62.9,62.672974,61.0
Abiel Osorio,Defensa y Just,2024-2025,liga-profesional-argentina,FW,23.0,64.1,62.468132,62.0
Santiago Montiel,Independiente,2024-2025,liga-profesional-argentina,FW,25.0,60.4,62.45448,63.0
Malcom Braida,San Lorenzo,2024-2025,liga-profesional-argentina,FW,28.0,60.5,62.34168,64.0
Maher Carrizo,Vélez Sarsfield,2024-2025,liga-profesional-argentina,FW,19.0,60.3,61.977203,65.0
Dylan Aquino,Lanús,2024-2025,liga-profesional-argentina,FW,20.0,59.9,61.65439,66.0
Nicolás Benegas,Deportivo Riestra,2024-2025,liga-profesional-argentina,FW,29.0,64.2,61.631798,67.0
Matías Tissera,Huracán,2024-2025,liga-profesional-argentina,FW,29.0,72.7,61.629593,68.0
Jerónimo Domina,Unión,2024-2025,liga-profesional-argentina,FW,20.0,60.5,61.5102,69.0
Agustín Colazo,Unión,2024-2025,liga-profesional-argentina,FW,25.0,65.9,60.973343,70.0
Tiago Serrago,Aldosivi,2024-2025,liga-profesional-argentina,FW,21.0,55.9,60.934265,71.0
Edinson Cavani,Boca Juniors,2024-2025,liga-profesional-argentina,FW,38.0,66.6,60.9009,72.0
Adrián Balboa,Racing Club,2024-2025,liga-profesional-argentina,FW,31.0,64.9,60.541264,73.0
Pablo Magnín,Sarmiento,2024-2025,liga-profesional-argentina,FW,35.0,60.7,60.447556,74.0
Marcelo Estigarribia,Unión,2024-2025,liga-profesional-argentina,FW,30.0,64.5,60.199837,75.0
Ayrton Preciado,Aldosivi,2024-2025,liga-profesional-argentina,FW,31.0,58.9,60.0945,76.0
Alexander Díaz,Deportivo Riestra,2024-2025,liga-profesional-argentina,FW,25.0,59.4,59.85676,77.0
Franco Jara,Belgrano,2024-2025,liga-profesional-argentina,FW,37.0,63.3,59.672577,78.0
Rick,Talleres,2024-2025,liga-profesional-argentina,FW,26.0,55.5,59.65892,79.0
Carlos González Espínola,Newell's OB,2024-2025,liga-profesional-argentina,FW,32.0,61.8,59.39852,80.0
Luciano Giménez,Huracán,2024-2025,liga-profesional-argentina,FW,25.0,59.6,59.329502,81.0
Rodrigo Castillo,Gimnasia–LP,2024-2025,liga-profesional-argentina,FW,26.0,57.7,59.177376,82.0
Guido Carrillo,Estudiantes–LP,2024-2025,liga-profesional-argentina,FW,34.0,64.9,59.01961,83.0
Mateo Bajamich,Atlé Tucumán,2024-2025,liga-profesional-argentina,FW,26.0,58.9,58.831646,84.0
Alfio Oviedo,Tigre,2024-2025,liga-profesional-argentina,FW,29.0,58.2,58.753235,85.0
Gonzalo Morales,Barracas Central,2024-2025,liga-profesional-argentina,FW,22.0,57.5,58.71999,86.0
Laurtaro Giaccone,Rosario Central,2024-2025,liga-profesional-argentina,FW,24.0,59.4,58.70918,87.0
Iván Morales Bravo,Sarmiento,2024-2025,liga-profesional-argentina,FW,26.0,57.7,58.537994,88.0
Maximiliano Salas,River Plate,2024-2025,liga-profesional-argentina,FW,27.0,58.8,58.530743,89.0
Agustín Alaniz,Banfield,2024-2025,liga-profesional-argentina,FW,23.0,57.3,58.260307,90.0
Franco Frías,Sarmiento,2024-2025,liga-profesional-argentina,FW,23.0,59.5,58.09515,91.0
Imanol Machuca,Vélez Sarsfield,2024-2025,liga-profesional-argentina,FW,25.0,51.4,58.020927,92.0
Matías Reali,San Lorenzo,2024-2025,liga-profesional-argentina,FW,28.0,54.6,57.713566,93.0
Luca Klimowicz,Instituto,2024-2025,liga-profesional-argentina,FW,21.0,54.7,57.69035,94.0
Guido Mainero,Platense,2024-2025,liga-profesional-argentina,FW,30.0,54.2,56.7776,95.0
Daniel Barrea,Godoy Cruz,2024-2025,liga-profesional-argentina,FW,24.0,51.4,56.572746,96.0
Ismael Sosa,Arg Juniors,2024-2025,liga-profesional-argentina,FW,38.0,53.9,56.502743,97.0
Leandro Díaz,Atlé Tucumán,2024-2025,liga-profesional-argentina,FW,33.0,57.8,56.31226,98.0
Franco Rami,Aldosivi,2024-2025,liga-profesional-argentina,FW,22.0,53.8,56.15517,99.0
Eric Ramírez,Huracán,2024-2025,liga-profesional-argentina,FW,29.0,55.9,56.083668,100.0
Juan Barbieri,Ind. Rivadavia,2024-2025,liga-profesional-argentina,FW,29.0,55.7,56.042183,101.0
Emiliano Viveros,Arg Juniors,2024-2025,liga-profesional-argentina,FW,23.0,46.3,55.459763,102.0
Agustín Auzmendi,Godoy Cruz,2024-2025,liga-profesional-argentina,FW,28.0,53.6,55.427387,103.0
Matías Pellegrini,Vélez Sarsfield,2024-2025,liga-profesional-argentina,FW,25.0,48.0,54.5941,104.0
Juan Bisanz,Huracán,2024-2025,liga-profesional-argentina,FW,24.0,47.9,54.390793,105.0
Fabricio Pérez,Estudiantes–LP,2024-2025,liga-profesional-argentina,FW,19.0,49.6,54.364067,106.0
Federico Girotti,Talleres,2024-2025,liga-profesional-argentina,FW,26.0,51.3,54.047615,107.0
Matias Fonseca,Instituto,2024-2025,liga-profesional-argentina,FW,24.0,50.9,53.936573,108.0
Nicolás Cordero,Instituto,2024-2025,liga-profesional-argentina,FW,26.0,48.1,53.89315,109.0
Ezequiel Cerutti,San Lorenzo,2024-2025,liga-profesional-argentina,FW,33.0,46.1,53.809326,110.0
Manuel Panaro Miramon,Gimnasia–LP,2024-2025,liga-profesional-argentina,FW,23.0,47.7,53.782017,111.0
Andrés Vombergar,San Lorenzo,2024-2025,liga-profesional-argentina,FW,31.0,52.2,53.739304,112.0
Rodrigo Cabral,Huracán,2024-2025,liga-profesional-argentina,FW,25.0,50.3,53.71081,113.0
Bruno Sepúlveda,Banfield,2024-2025,liga-profesional-argentina,FW,33.0,49.8,53.681984,114.0
Alejandro Piedrahita,Gimnasia–LP,2024-2025,liga-profesional-argentina,FW,23.0,48.5,53.302647,115.0
Agustín Palavecino,Aldosivi,2024-2025,liga-profesional-argentina,FW,22.0,48.0,53.26423,116.0
Laurtaro Giaccone,Arg Juniors,2024-2025,liga-profesional-argentina,FW,24.0,46.6,53.094738,117.0
Alan Sosa,Gimnasia–LP,2024-2025,liga-profesional-argentina,FW,22.0,44.7,52.961506,118.0
Santiago Salle,San Martín de San Juan,2024-2025,liga-profesional-argentina,FW,21.0,47.7,52.445606,119.0
Leonardo Sequeira,Huracán,2024-2025,liga-profesional-argentina,FW,30.0,49.3,52.315876,120.0
Marcos Arturia,Banfield,2024-2025,liga-profesional-argentina,FW,27.0,45.3,52.13979,121.0
Nahuel Bustos,Talleres,2024-2025,liga-profesional-argentina,FW,27.0,47.1,52.011543,122.0
Matías Giménez,Independiente,2024-2025,liga-profesional-argentina,FW,26.0,49.1,51.88825,123.0
Lisandro Cabrera,Atlé Tucumán,2024-2025,liga-profesional-argentina,FW,27.0,48.5,50.61648,124.0
Lucas Passerini,Belgrano,2024-2025,liga-profesional-argentina,FW,31.0,46.8,50.418533,125.0
Matías Galarza,Talleres,2024-2025,liga-profesional-argentina,FW,23.0,43.2,50.160046,126.0
Francisco Pizzini,Vélez Sarsfield,2024-2025,liga-profesional-argentina,FW,32.0,42.5,49.623833,127.0
Agustín Urzi,Huracán,2024-2025,liga-profesional-argentina,FW,25.0,44.3,49.515575,128.0
Jeremías Lázaro,Instituto,2024-2025,liga-profesional-argentina,FW,21.0,41.3,49.30232,129.0
Norberto Briasco,Gimnasia–LP,2024-2025,liga-profesional-argentina,FW,29.0,45.7,49.219166,130.0
Nicolás Orsini,Platense,2024-2025,liga-profesional-argentina,FW,31.0,43.5,48.600067,131.0
Horacio Tijanovich,San Martín de San Juan,2024-2025,liga-profesional-argentina,FW,29.0,41.4,48.1577,132.0
Luca Martínez,Godoy Cruz,2024-2025,liga-profesional-argentina,FW,24.0,43.6,47.80712,133.0
Francisco González,Defensa y Just,2024-2025,liga-profesional-argentina,FW,24.0,41.6,47.632725,134.0
Augusto Lotti,Platense,2024-2025,liga-profesional-argentina,FW,29.0,44.6,47.63009,135.0
Alexis Segovia,Lanús,2024-2025,liga-profesional-argentina,FW,21.0,39.1,47.582657,136.0
Santiago Rodriguez,Sarmiento,2024-2025,liga-profesional-argentina,FW,28.0,44.4,47.29587,137.0
Santiago Hidalgo,Independiente,2024-2025,liga-profesional-argentina,FW,20.0,37.0,47.086143,138.0
Federico Anselmo,San Martín de San Juan,2024-2025,liga-profesional-argentina,FW,31.0,42.9,47.00966,139.0
Ignacio Maestro Puch,San Martín de San Juan,2024-2025,liga-profesional-argentina,FW,22.0,41.4,46.310074,140.0
Tobías Cervera,Aldosivi,2024-2025,liga-profesional-argentina,FW,23.0,41.1,45.502327,141.0
Jan Carlos Hurtado,Gimnasia–LP,2024-2025,liga-profesional-argentina,FW,25.0,40.8,45.41718,142.0
Álvaro Montoro,Vélez Sarsfield,2024-2025,liga-profesional-argentina,FW,18.0,37.0,45.273243,143.0
Agustín Ladstatter,San Lorenzo,2024-2025,liga-profesional-argentina,FW,20.0,39.2,45.24251,144.0
Matías Abaldo,Independiente,2024-2025,liga-profesional-argentina,FW,21.0,39.8,44.781715,145.0
Diego Tarzia,Independiente,2024-2025,liga-profesional-argentina,FW,22.0,40.2,44.650192,146.0
Facundo Farías,Estudiantes–LP,2024-2025,liga-profesional-argentina,FW,23.0,39.9,44.390984,147.0
Michael Santos,Vélez Sarsfield,2024-2025,liga-profesional-argentina,FW,32.0,34.5,44.13724,148.0
Juan Bisanz,Banfield,2024-2025,liga-profesional-argentina,FW,24.0,33.1,43.867386,149.0
Facundo De La Vega,Aldosivi,2024-2025,liga-profesional-argentina,FW,22.0,40.6,43.70935,150.0
Franco Toloza,San Martín de San Juan,2024-2025,liga-profesional-argentina,FW,31.0,36.9,43.70157,151.0
Ignacio Pussetto,Independiente,2024-2025,liga-profesional-argentina,FW,29.0,37.6,43.52926,152.0
Juan Manuel García,Newell's OB,2024-2025,liga-profesional-argentina,FW,33.0,35.7,43.062977,153.0
Walter Mazzantti,Independiente,2024-2025,liga-profesional-argentina,FW,29.0,33.9,42.805283,154.0
Matías Miranda,Defensa y Just,2024-2025,liga-profesional-argentina,FW,25.0,40.2,42.417797,155.0
Gabriel Alanís,Huracán,2024-2025,liga-profesional-argentina,FW,31.0,36.9,42.299725,156.0
Lucas Alario,Estudiantes–LP,2024-2025,liga-profesional-argentina,FW,33.0,36.9,42.220676,157.0
Juan Romero,Instituto,2024-2025,liga-profesional-argentina,FW,24.0,34.2,42.20362,158.0
Kevin Parzajuk,Godoy Cruz,2024-2025,liga-profesional-argentina,FW,23.0,31.5,39.484955,159.0
Victorio Ramis,Ind. Rivadavia,2024-2025,liga-profesional-argentina,FW,31.0,30.9,36.01928,160.0
Facundo Cambeses,Racing Club,2024-2025,liga-profesional-argentina,GK,28.0,78.7,74.62368,1.0
Ignacio Arce,Deportivo Riestra,2024-2025,liga-profesional-argentina,GK,33.0,86.6,73.42295,2.0
Nahuel Losada,Lanús,2024-2025,liga-profesional-argentina,GK,32.0,84.4,70.573074,3.0
Rodrigo Rey,Independiente,2024-2025,liga-profesional-argentina,GK,34.0,80.3,67.532974,4.0
Thiago Cardozo,Belgrano,2024-2025,liga-profesional-argentina,GK,29.0,69.1,67.45653,5.0
Diego Matías Rodríguez,Arg Juniors,2024-2025,liga-profesional-argentina,GK,36.0,80.9,67.39697,6.0
Keylor Navas,Newell's OB,2024-2025,liga-profesional-argentina,GK,38.0,66.7,66.48634,7.0
Franco Armani,River Plate,2024-2025,liga-profesional-argentina,GK,39.0,83.9,66.48561,8.0
Orlando Gill,San Lorenzo,2024-2025,liga-profesional-argentina,GK,25.0,76.3,66.05771,9.0
Nelson Insfrán,Gimnasia–LP,2024-2025,liga-profesional-argentina,GK,30.0,76.2,65.63852,10.0
Agustín Marchesín,Boca Juniors,2024-2025,liga-profesional-argentina,GK,37.0,75.0,65.44162,11.0
Felipe Zenobio,Tigre,2024-2025,liga-profesional-argentina,GK,25.0,71.4,65.31886,12.0
Lucas Acosta,Sarmiento,2024-2025,liga-profesional-argentina,GK,30.0,71.8,64.88311,13.0
Hernán Galíndez,Huracán,2024-2025,liga-profesional-argentina,GK,38.0,72.7,64.631676,14.0
Jorge Broun,Rosario Central,2024-2025,liga-profesional-argentina,GK,39.0,80.3,64.525986,15.0
Guido Herrera,Talleres,2024-2025,liga-profesional-argentina,GK,33.0,70.5,64.11664,16.0
Ezequiel Centurión,Ind. Rivadavia,2024-2025,liga-profesional-argentina,GK,28.0,64.9,62.326622,17.0
Matías Borgogno,San Martín de San Juan,2024-2025,liga-profesional-argentina,GK,27.0,63.2,62.169403,18.0
Manuel Roffo,Instituto,2024-2025,liga-profesional-argentina,GK,25.0,61.3,62.0896,19.0
Juan Cozzani,Platense,2024-2025,liga-profesional-argentina,GK,27.0,64.3,61.668957,20.0
Franco Petroli,Godoy Cruz,2024-2025,liga-profesional-argentina,GK,27.0,62.6,61.584633,21.0
Alan Aguerre,Cen. Córdoba–SdE,2024-2025,liga-profesional-argentina,GK,35.0,62.1,59.7728,22.0
Matías Tagliamonte,Unión,2024-2025,liga-profesional-argentina,GK,27.0,57.7,58.783905,23.0
Tomás Marchiori,Vélez Sarsfield,2024-2025,liga-profesional-argentina,GK,30.0,56.7,57.20234,24.0
Facundo Sanguinetti,Banfield,2024-2025,liga-profesional-argentina,GK,24.0,54.7,56.854095,25.0
Enrique Bologna,Defensa y Just,2024-2025,liga-profesional-argentina,GK,43.0,58.9,55.73141,26.0
Juan González,Atlé Tucumán,2024-2025,liga-profesional-argentina,GK,32.0,47.4,53.930763,27.0
Marcos Ignacio Ledesma,Barracas Central,2024-2025,liga-profesional-argentina,GK,29.0,49.2,51.97132,28.0
Gabriel Arias,Racing Club,2024-2025,liga-profesional-argentina,GK,38.0,45.7,50.99633,29.0
Manuel Vicentini,Belgrano,2024-2025,liga-profesional-argentina,GK,35.0,49.9,50.348545,30.0
Thiago Cardozo,Unión,2024-2025,liga-profesional-argentina,GK,29.0,42.2,49.583027,31.0
Matías Mansilla,Atlé Tucumán,2024-2025,liga-profesional-argentina,GK,29.0,42.7,49.207443,32.0
Jorge Carranza,Aldosivi,2024-2025,liga-profesional-argentina,GK,44.0,48.4,49.00789,33.0
Fernando Muslera,Estudiantes–LP,2024-2025,liga-profesional-argentina,GK,39.0,41.8,47.755154,34.0
Matías Mansilla,Estudiantes–LP,2024-2025,liga-profesional-argentina,GK,29.0,39.1,45.247066,35.0
Juan Espínola,Newell's OB,2024-2025,liga-profesional-argentina,GK,31.0,35.8,43.947464,36.0
Tomás Durso,Atlé Tucumán,2024-2025,liga-profesional-argentina,GK,26.0,36.4,42.14975,37.0
Juan Espínola,Belgrano,2024-2025,liga-profesional-argentina,GK,31.0,31.9,40.151257,38.0
Sebastián Meza,Huracán,2024-2025,liga-profesional-argentina,GK,25.0,33.2,39.80538,39.0
Andrés Desábato,Platense,2024-2025,liga-profesional-argentina,GK,35.0,28.6,36.68657,40.0
Federico Losas,Platense,2024-2025,liga-profesional-argentina,GK,23.0,29.5,35.000347,41.0
Marcelino Moreno,Lanús,2024-2025,liga-profesional-argentina,MF,31.0,85.1,79.0417,1.0
Ignacio Fernández,River Plate,2024-2025,liga-profesional-argentina,MF,35.0,81.5,78.15669,2.0
Luciano Vietto,Racing Club,2024-2025,liga-profesional-argentina,MF,31.0,82.7,77.02578,3.0
Justo Giani,Aldosivi,2024-2025,liga-profesional-argentina,MF,26.0,87.1,76.16914,4.0
Exequiel Zeballos,Boca Juniors,2024-2025,liga-profesional-argentina,MF,23.0,84.1,76.12171,5.0
Javier Ruiz,Barracas Central,2024-2025,liga-profesional-argentina,MF,21.0,85.7,75.782135,6.0
Facundo Gulli,San Lorenzo,2024-2025,liga-profesional-argentina,MF,20.0,77.9,75.22076,7.0
Lucas Zelarayán,Belgrano,2024-2025,liga-profesional-argentina,MF,33.0,82.4,74.98727,8.0
Manuel Lanzini,Vélez Sarsfield,2024-2025,liga-profesional-argentina,MF,32.0,77.4,74.96977,9.0
Matko Miljevic,Huracán,2024-2025,liga-profesional-argentina,MF,24.0,81.6,74.75547,10.0
Leandro Paredes,Boca Juniors,2024-2025,liga-profesional-argentina,MF,31.0,76.6,74.683044,11.0
Nicolás Laméndola,Atlé Tucumán,2024-2025,liga-profesional-argentina,MF,26.0,83.1,74.38856,12.0
Ramiro Ruiz,Atlé Tucumán,2024-2025,liga-profesional-argentina,MF,25.0,82.5,73.34223,13.0
Maximiliano Salas,Racing Club,2024-2025,liga-profesional-argentina,MF,27.0,77.5,73.293594,14.0
Luis Sequeira,Ind. Rivadavia,2024-2025,liga-profesional-argentina,MF,22.0,73.5,72.583206,15.0
Alan Lescano,Arg Juniors,2024-2025,liga-profesional-argentina,MF,24.0,85.1,72.55761,16.0
Kevin Retamar,Ind. Rivadavia,2024-2025,liga-profesional-argentina,MF,26.0,82.7,72.471825,17.0
Matías Fernández,Ind. Rivadavia,2024-2025,liga-profesional-argentina,MF,24.0,81.9,72.274025,18.0
Jaminton Campaz,Rosario Central,2024-2025,liga-profesional-argentina,MF,25.0,82.4,71.81074,19.0
Alan Rodríguez,Arg Juniors,2024-2025,liga-profesional-argentina,MF,25.0,72.9,71.806404,20.0
Felipe Loyola,Independiente,2024-2025,liga-profesional-argentina,MF,25.0,82.6,71.51414,21.0
Duván Vergara,Racing Club,2024-2025,liga-profesional-argentina,MF,29.0,74.7,71.42577,22.0
Éver Banega,Newell's OB,2024-2025,liga-profesional-argentina,MF,37.0,81.5,71.204414,23.0
Santino Andino,Godoy Cruz,2024-2025,liga-profesional-argentina,MF,20.0,77.6,71.06969,24.0
Gonzalo Ríos,Banfield,2024-2025,liga-profesional-argentina,MF,26.0,79.1,70.92805,25.0
Gonzalo Maroni,Newell's OB,2024-2025,liga-profesional-argentina,MF,26.0,80.8,70.51066,26.0
Facundo Guch,Newell's OB,2024-2025,liga-profesional-argentina,MF,18.0,72.3,70.38003,27.0
Geronimo Rivera,Banfield,2024-2025,liga-profesional-argentina,MF,22.0,72.7,70.23822,28.0
Elías Cabrera,Tigre,2024-2025,liga-profesional-argentina,MF,22.0,78.1,70.02618,29.0
Franco Nicola,Atlé Tucumán,2024-2025,liga-profesional-argentina,MF,23.0,77.3,69.99081,30.0
Santiago Solari,Racing Club,2024-2025,liga-profesional-argentina,MF,27.0,80.5,69.95056,31.0
Gastón Lodico,Instituto,2024-2025,liga-profesional-argentina,MF,27.0,78.7,69.753815,32.0
Brian Aguirre,Boca Juniors,2024-2025,liga-profesional-argentina,MF,22.0,74.1,69.19294,33.0
Marco Iacobellis,San Martín de San Juan,2024-2025,liga-profesional-argentina,MF,24.0,75.9,69.182655,34.0
Víctor Malcorra,Rosario Central,2024-2025,liga-profesional-argentina,MF,38.0,78.6,68.92222,35.0
Maximiliano Meza,River Plate,2024-2025,liga-profesional-argentina,MF,32.0,69.7,68.85057,36.0
Franco Zapiola,Platense,2024-2025,liga-profesional-argentina,MF,24.0,74.6,68.62055,37.0
Jhon Córdoba,Instituto,2024-2025,liga-profesional-argentina,MF,25.0,74.4,68.410614,38.0
Giovani Chiaverano,Newell's OB,2024-2025,liga-profesional-argentina,MF,20.0,72.1,68.02628,39.0
Giuliano Galoppo,River Plate,2024-2025,liga-profesional-argentina,MF,26.0,76.7,67.83511,40.0
Franco Watson,Lanús,2024-2025,liga-profesional-argentina,MF,25.0,71.8,67.68372,41.0
Carlos Palacios,Boca Juniors,2024-2025,liga-profesional-argentina,MF,25.0,73.8,67.56871,42.0
Kevin Zenon,Boca Juniors,2024-2025,liga-profesional-argentina,MF,24.0,73.9,67.54471,43.0
Alan Velasco,Boca Juniors,2024-2025,liga-profesional-argentina,MF,23.0,71.2,66.970634,44.0
Bruno Zuculini,Racing Club,2024-2025,liga-profesional-argentina,MF,32.0,79.5,66.87421,45.0
Luciano Cabral,Independiente,2024-2025,liga-profesional-argentina,MF,30.0,76.3,66.81607,46.0
Julián Palacios,Unión,2024-2025,liga-profesional-argentina,MF,26.0,73.3,66.77656,47.0
Juan Quintero,River Plate,2024-2025,liga-profesional-argentina,MF,32.0,66.4,66.72476,48.0
Rodrigo Aliendro,River Plate,2024-2025,liga-profesional-argentina,MF,34.0,68.2,66.57914,49.0
Ezequiel Ham,Unión,2024-2025,liga-profesional-argentina,MF,31.0,66.5,66.42141,50.0
Lionel Verde,Unión,2024-2025,liga-profesional-argentina,MF,21.0,66.4,66.40866,51.0
Facundo Altamira,Godoy Cruz,2024-2025,liga-profesional-argentina,MF,0.0,71.3,66.40277,52.0
Gaston Gonzalez,Sarmiento,2024-2025,liga-profesional-argentina,MF,24.0,69.8,66.33664,53.0
Aaron Nicolás Molinas,Defensa y Just,2024-2025,liga-profesional-argentina,MF,25.0,70.6,66.15346,54.0
Federico Zaracho,Racing Club,2024-2025,liga-profesional-argentina,MF,27.0,71.4,66.11881,55.0
Tomás Conechny,Racing Club,2024-2025,liga-profesional-argentina,MF,27.0,68.0,65.9157,56.0
David Barbona,Defensa y Just,2024-2025,liga-profesional-argentina,MF,30.0,67.4,65.691246,57.0
Santiago Ascacíbar,Estudiantes–LP,2024-2025,liga-profesional-argentina,MF,28.0,76.0,65.64098,58.0
Jabes Saralegui,Tigre,2024-2025,liga-profesional-argentina,MF,22.0,71.2,65.13867,59.0
Cristian Medina,Estudiantes–LP,2024-2025,liga-profesional-argentina,MF,23.0,65.1,64.96946,60.0
Santiago Lencina,River Plate,2024-2025,liga-profesional-argentina,MF,20.0,63.5,64.79724,61.0
Roberto Nicolás Fernández,Godoy Cruz,2024-2025,liga-profesional-argentina,MF,27.0,74.7,64.67385,62.0
Lautaro Millán,Independiente,2024-2025,liga-profesional-argentina,MF,20.0,65.4,64.65165,63.0
Nicolás Oróz,Arg Juniors,2024-2025,liga-profesional-argentina,MF,31.0,70.6,64.48303,64.0
Emanuel Reynoso,Talleres,2024-2025,liga-profesional-argentina,MF,30.0,65.4,64.4536,65.0
Tomás Galván,Vélez Sarsfield,2024-2025,liga-profesional-argentina,MF,25.0,67.3,64.451035,66.0
Damián Batallini,Instituto,2024-2025,liga-profesional-argentina,MF,29.0,66.3,64.34405,67.0
Franco Fragapane,Unión,2024-2025,liga-profesional-argentina,MF,32.0,67.5,64.328835,68.0
Natanael Guzmán,Aldosivi,2024-2025,liga-profesional-argentina,MF,26.0,70.5,64.32787,69.0
Iker Muniain,San Lorenzo,2024-2025,liga-profesional-argentina,MF,32.0,66.5,64.07736,70.0
Tomás Adoryán,Banfield,2024-2025,liga-profesional-argentina,MF,24.0,66.2,64.04501,71.0
Gabriel Carabajal,Sarmiento,2024-2025,liga-profesional-argentina,MF,33.0,64.3,63.887257,72.0
Leonardo Gil,Huracán,2024-2025,liga-profesional-argentina,MF,34.0,64.7,63.354645,73.0
Rubén Botta,Talleres,2024-2025,liga-profesional-argentina,MF,35.0,69.6,63.273205,74.0
Lautaro Godoy,Atlé Tucumán,2024-2025,liga-profesional-argentina,MF,22.0,61.5,63.145847,75.0
Diego Ortegoza,Talleres,2024-2025,liga-profesional-argentina,MF,28.0,70.1,63.006092,76.0
Bautista Merlini,Gimnasia–LP,2024-2025,liga-profesional-argentina,MF,30.0,67.5,62.913857,77.0
Lucas Castro,Gimnasia–LP,2024-2025,liga-profesional-argentina,MF,36.0,68.3,62.801186,78.0
Antony Alonso,Deportivo Riestra,2024-2025,liga-profesional-argentina,MF,27.0,68.2,62.42202,79.0
Alexis Castro,Estudiantes–LP,2024-2025,liga-profesional-argentina,MF,31.0,69.2,62.37984,80.0
Pablo Galdames Millán,Independiente,2024-2025,liga-profesional-argentina,MF,28.0,68.6,62.240246,81.0
Juan Gutierrez,Defensa y Just,2024-2025,liga-profesional-argentina,MF,23.0,64.1,61.958508,82.0
Lucas González,Defensa y Just,2024-2025,liga-profesional-argentina,MF,25.0,66.4,61.924118,83.0
Pedro Ojeda,Huracán,2024-2025,liga-profesional-argentina,MF,28.0,67.1,61.825874,84.0
Jonás Acevedo,Instituto,2024-2025,liga-profesional-argentina,MF,28.0,61.8,61.70968,85.0
Valentín Burgoa,Sarmiento,2024-2025,liga-profesional-argentina,MF,25.0,61.4,61.548553,86.0
Damián Puebla,Instituto,2024-2025,liga-profesional-argentina,MF,23.0,61.0,61.480953,87.0
Sebastián Jaurena,San Martín de San Juan,2024-2025,liga-profesional-argentina,MF,26.0,63.8,61.4119,88.0
Tobías Leiva,Aldosivi,2024-2025,liga-profesional-argentina,MF,21.0,61.9,61.37951,89.0
Iván Gómez,Cen. Córdoba–SdE,2024-2025,liga-profesional-argentina,MF,28.0,65.8,61.30974,90.0
César Pérez,Defensa y Just,2024-2025,liga-profesional-argentina,MF,22.0,60.1,60.967743,91.0
Jose Florentín,Cen. Córdoba–SdE,2024-2025,liga-profesional-argentina,MF,29.0,68.6,60.913273,92.0
Mateo Caceres,Talleres,2024-2025,liga-profesional-argentina,MF,23.0,55.4,60.88956,93.0
Sebastián Medina,Tigre,2024-2025,liga-profesional-argentina,MF,25.0,64.9,60.675495,94.0
David Sotelo,Newell's OB,2024-2025,liga-profesional-argentina,MF,22.0,62.7,60.229595,95.0
Mauricio Martínez,Unión,2024-2025,liga-profesional-argentina,MF,32.0,62.6,60.038067,96.0
Lautaro Ríos,Banfield,2024-2025,liga-profesional-argentina,MF,25.0,60.8,60.004078,97.0
Iván Tapia,Barracas Central,2024-2025,liga-profesional-argentina,MF,27.0,62.7,59.959778,98.0
Ramiro Carrera,Lanús,2024-2025,liga-profesional-argentina,MF,32.0,63.4,59.516735,99.0
Mauricio Cardillo,Ind. Rivadavia,2024-2025,liga-profesional-argentina,MF,22.0,59.3,59.43594,100.0
Kevin Lopez,Atlé Tucumán,2024-2025,liga-profesional-argentina,MF,23.0,57.1,58.87145,101.0
Martín Río,Banfield,2024-2025,liga-profesional-argentina,MF,24.0,66.1,58.78214,102.0
Francisco González,Belgrano,2024-2025,liga-profesional-argentina,MF,28.0,63.0,58.529778,103.0
Manuel Agustín Duarte,Barracas Central,2024-2025,liga-profesional-argentina,MF,24.0,57.8,58.4987,104.0
Héctor Fértoli,Tigre,2024-2025,liga-profesional-argentina,MF,30.0,58.6,58.42736,105.0
Gonzalo Abrego,Godoy Cruz,2024-2025,liga-profesional-argentina,MF,25.0,56.1,58.355,106.0
Vicente Poggi,Godoy Cruz,2024-2025,liga-profesional-argentina,MF,23.0,60.1,58.107956,107.0
Tomás Porra,Barracas Central,2024-2025,liga-profesional-argentina,MF,21.0,56.4,57.90669,108.0
Valentino Acuña,Newell's OB,2024-2025,liga-profesional-argentina,MF,19.0,57.0,57.77065,109.0
Julián Contrera,Sarmiento,2024-2025,liga-profesional-argentina,MF,22.0,58.0,57.576702,110.0
Joaquín Gho,Sarmiento,2024-2025,liga-profesional-argentina,MF,22.0,55.6,57.375473,111.0
Julián López,Tigre,2024-2025,liga-profesional-argentina,MF,25.0,56.0,57.372707,112.0
Leandro Suhr,Sarmiento,2024-2025,liga-profesional-argentina,MF,28.0,57.1,57.18313,113.0
Matías Galarza,River Plate,2024-2025,liga-profesional-argentina,MF,23.0,55.5,56.761395,114.0
Nahuel Barrios,Barracas Central,2024-2025,liga-profesional-argentina,MF,27.0,51.6,56.66305,115.0
Lucas Gómez,Arg Juniors,2024-2025,liga-profesional-argentina,MF,21.0,56.8,56.397213,116.0
Diego González,San Martín de San Juan,2024-2025,liga-profesional-argentina,MF,37.0,58.7,56.0422,117.0
Adrián Guillermo Sánchez,Atlé Tucumán,2024-2025,liga-profesional-argentina,MF,26.0,55.9,55.938374,118.0
Elián Giménez,Sarmiento,2024-2025,liga-profesional-argentina,MF,21.0,55.9,55.87787,119.0
Carlos Auzqui,Atlé Tucumán,2024-2025,liga-profesional-argentina,MF,34.0,57.7,55.866165,120.0
Julián Mavilla,Belgrano,2024-2025,liga-profesional-argentina,MF,25.0,55.0,55.642677,121.0
Siro Rosane,Barracas Central,2024-2025,liga-profesional-argentina,MF,25.0,55.5,55.557854,122.0
Franco Amarfil,Ind. Rivadavia,2024-2025,liga-profesional-argentina,MF,24.0,59.3,55.49482,123.0
William Alarcón,Boca Juniors,2024-2025,liga-profesional-argentina,MF,25.0,54.0,55.075493,124.0
Nicolás Tripichio,San Lorenzo,2024-2025,liga-profesional-argentina,MF,29.0,59.0,54.7999,125.0
Rafael Profini,Unión,2024-2025,liga-profesional-argentina,MF,22.0,52.5,54.581696,126.0
Ulises Sánchez,Belgrano,2024-2025,liga-profesional-argentina,MF,27.0,54.3,54.354095,127.0
Mauro Pittón,Unión,2024-2025,liga-profesional-argentina,MF,31.0,60.7,54.21163,128.0
Sebastián González,San Martín de San Juan,2024-2025,liga-profesional-argentina,MF,33.0,52.4,54.130573,129.0
Juan Cavallaro,San Martín de San Juan,2024-2025,liga-profesional-argentina,MF,31.0,55.1,53.644543,130.0
Juan Nardoni,Racing Club,2024-2025,liga-profesional-argentina,MF,23.0,52.2,53.455696,131.0
José Sosa,Estudiantes–LP,2024-2025,liga-profesional-argentina,MF,40.0,52.8,53.23392,132.0
Benjamín Schamine,Defensa y Just,2024-2025,liga-profesional-argentina,MF,22.0,52.6,53.022713,133.0
Kevin Facundo Gutiérrez,Defensa y Just,2024-2025,liga-profesional-argentina,MF,28.0,55.5,52.968513,134.0
Santiago Simón,River Plate,2024-2025,liga-profesional-argentina,MF,23.0,48.3,52.78765,135.0
Pablo Monje,Deportivo Riestra,2024-2025,liga-profesional-argentina,MF,28.0,54.8,52.61808,136.0
Mikel Amondarain,Estudiantes–LP,2024-2025,liga-profesional-argentina,MF,20.0,49.8,52.523678,137.0
Thomas Ortega,Ind. Rivadavia,2024-2025,liga-profesional-argentina,MF,24.0,48.5,52.32362,138.0
Milton Céliz,Deportivo Riestra,2024-2025,liga-profesional-argentina,MF,33.0,57.8,52.18743,139.0
Brían Sánchez,Deportivo Riestra,2024-2025,liga-profesional-argentina,MF,32.0,49.1,51.666557,140.0
Juan Camilo Portilla,Talleres,2024-2025,liga-profesional-argentina,MF,27.0,52.3,51.570354,141.0
Gabriel Neves,Estudiantes–LP,2024-2025,liga-profesional-argentina,MF,28.0,52.0,51.454277,142.0
Bastián Yañez,Godoy Cruz,2024-2025,liga-profesional-argentina,MF,24.0,49.4,51.43543,143.0
Agustín Bouzat,Vélez Sarsfield,2024-2025,liga-profesional-argentina,MF,31.0,56.2,51.3557,144.0
Lucas Menossi,Belgrano,2024-2025,liga-profesional-argentina,MF,33.0,50.5,51.253643,145.0
Rodrigo Herrera,Platense,2024-2025,liga-profesional-argentina,MF,25.0,51.0,51.23374,146.0
Santiago González,Tigre,2024-2025,liga-profesional-argentina,MF,22.0,49.0,50.491226,147.0
Nicolás Garayalde,Gimnasia–LP,2024-2025,liga-profesional-argentina,MF,26.0,49.4,50.137077,148.0
Jonathan David Gómez,Sarmiento,2024-2025,liga-profesional-argentina,MF,35.0,45.3,49.980366,149.0
Agustín Almendra,Racing Club,2024-2025,liga-profesional-argentina,MF,25.0,48.1,49.932266,150.0
Fernando David Cardozo,Newell's OB,2024-2025,liga-profesional-argentina,MF,24.0,46.5,49.732376,151.0
Christian Ordoñez,Vélez Sarsfield,2024-2025,liga-profesional-argentina,MF,21.0,45.7,49.42692,152.0
Lorenzo Scipioni,Tigre,2024-2025,liga-profesional-argentina,MF,21.0,48.6,49.35456,153.0
Felipe Peña,Lanús,2024-2025,liga-profesional-argentina,MF,24.0,46.6,49.07425,154.0
Franco Baldassarra,Platense,2024-2025,liga-profesional-argentina,MF,27.0,46.2,48.80484,155.0
Martín Barrios,Racing Club,2024-2025,liga-profesional-argentina,MF,26.0,45.3,48.60994,156.0
Stéfano Moreyra,Instituto,2024-2025,liga-profesional-argentina,MF,24.0,47.9,48.46006,157.0
Agustín Medina,Lanús,2024-2025,liga-profesional-argentina,MF,0.0,43.8,48.225296,158.0
Rodrigo Aliendro,Vélez Sarsfield,2024-2025,liga-profesional-argentina,MF,34.0,47.5,48.082993,159.0
Franco Ibarra,Rosario Central,2024-2025,liga-profesional-argentina,MF,24.0,51.9,47.949696,160.0
Kevin Ortíz,Atlé Tucumán,2024-2025,liga-profesional-argentina,MF,25.0,46.0,47.94285,161.0
Leonel Picco,Platense,2024-2025,liga-profesional-argentina,MF,26.0,48.2,47.876293,162.0
Bryan Reyna,Belgrano,2024-2025,liga-profesional-argentina,MF,27.0,43.0,47.87552,163.0
Manuel García,Sarmiento,2024-2025,liga-profesional-argentina,MF,26.0,44.9,47.545036,164.0
Jonatan Goitía,Deportivo Riestra,2024-2025,liga-profesional-argentina,MF,31.0,50.9,47.393944,165.0
Federico Gino,Aldosivi,2024-2025,liga-profesional-argentina,MF,32.0,45.2,47.39182,166.0
Guillermo Acosta,Atlé Tucumán,2024-2025,liga-profesional-argentina,MF,37.0,46.8,46.73805,167.0
Carlos Villalba,Sarmiento,2024-2025,liga-profesional-argentina,MF,27.0,46.6,46.48321,168.0
Milton Delgado,Boca Juniors,2024-2025,liga-profesional-argentina,MF,20.0,44.0,46.302193,169.0
Claudio Baeza,Vélez Sarsfield,2024-2025,liga-profesional-argentina,MF,31.0,44.7,45.961292,170.0
Emanuel Cecchini,San Lorenzo,2024-2025,liga-profesional-argentina,MF,28.0,42.5,45.833195,171.0
Marcelo Esponda,Aldosivi,2024-2025,liga-profesional-argentina,MF,22.0,42.2,45.821213,172.0
Juan Ramírez,Lanús,2024-2025,liga-profesional-argentina,MF,32.0,40.6,45.419388,173.0
Santiago Esquivel,Banfield,2024-2025,liga-profesional-argentina,MF,21.0,42.5,45.388107,174.0
Kevin Castaño,River Plate,2024-2025,liga-profesional-argentina,MF,25.0,41.7,45.2827,175.0
Joaquín Mosqueira,Talleres,2024-2025,liga-profesional-argentina,MF,21.0,41.2,45.0716,176.0
Leonel Pérez,Huracán,2024-2025,liga-profesional-argentina,MF,21.0,42.7,44.986626,177.0
Juan Portillo,River Plate,2024-2025,liga-profesional-argentina,MF,25.0,41.8,44.82003,178.0
Pablo de Blasis,Gimnasia–LP,2024-2025,liga-profesional-argentina,MF,37.0,43.2,44.223377,179.0
Lucas Piovi,Estudiantes–LP,2024-2025,liga-profesional-argentina,MF,33.0,42.4,43.557655,180.0
Elian Irala,San Lorenzo,2024-2025,liga-profesional-argentina,MF,21.0,41.2,43.544777,181.0
Mateo Seoane,Gimnasia–LP,2024-2025,liga-profesional-argentina,MF,21.0,40.6,42.847794,182.0
Guillermo Matías Fernández,Godoy Cruz,2024-2025,liga-profesional-argentina,MF,34.0,38.7,42.595676,183.0
Facundo Di Biasi,Gimnasia–LP,2024-2025,liga-profesional-argentina,MF,20.0,38.3,42.507477,184.0
Rodrigo Fernández,Independiente,2024-2025,liga-profesional-argentina,MF,29.0,38.8,42.131794,185.0
Martín Fernández,Newell's OB,2024-2025,liga-profesional-argentina,MF,24.0,36.1,41.94509,186.0
Nicólas Watson,San Martín de San Juan,2024-2025,liga-profesional-argentina,MF,27.0,41.0,41.75261,187.0
Facundo Quignon,Belgrano,2024-2025,liga-profesional-argentina,MF,32.0,39.6,41.696774,188.0
Federico Navarro,Rosario Central,2024-2025,liga-profesional-argentina,MF,25.0,39.7,41.574776,189.0
Tomás Belmonte,Boca Juniors,2024-2025,liga-profesional-argentina,MF,27.0,39.0,41.29924,190.0
Iván Marcone,Independiente,2024-2025,liga-profesional-argentina,MF,35.0,43.7,41.145172,191.0
Augusto Max,Gimnasia–LP,2024-2025,liga-profesional-argentina,MF,33.0,39.4,40.857964,192.0
Bruno Leyes,Godoy Cruz,2024-2025,liga-profesional-argentina,MF,24.0,36.0,40.80367,193.0
Agustín Cardozo,Lanús,2024-2025,liga-profesional-argentina,MF,28.0,40.8,40.379093,194.0
Ignacio Perruzzi,San Lorenzo,2024-2025,liga-profesional-argentina,MF,20.0,36.7,39.618523,195.0
Martín Fernández,Gimnasia–LP,2024-2025,liga-profesional-argentina,MF,24.0,33.9,39.272762,196.0
Francis Mac Allister,Instituto,2024-2025,liga-profesional-argentina,MF,30.0,38.9,39.157536,197.0
Tomás Bottari,Ind. Rivadavia,2024-2025,liga-profesional-argentina,MF,24.0,36.2,38.742165,198.0
Fernando Juárez,Cen. Córdoba–SdE,2024-2025,liga-profesional-argentina,MF,27.0,33.3,38.58796,199.0
Luca Regiardo,Newell's OB,2024-2025,liga-profesional-argentina,MF,19.0,34.2,38.55327,200.0
Federico Fattori,Arg Juniors,2024-2025,liga-profesional-argentina,MF,33.0,39.6,38.210945,201.0
Jalil Elías,Tigre,2024-2025,liga-profesional-argentina,MF,29.0,32.3,38.0726,202.0
Bruno Leyes,Tigre,2024-2025,liga-profesional-argentina,MF,24.0,31.4,37.88053,203.0
Santiago Longo,Belgrano,2024-2025,liga-profesional-argentina,MF,27.0,35.5,37.591263,204.0
Roberto Bochi,Aldosivi,2024-2025,liga-profesional-argentina,MF,35.0,40.2,36.947853,205.0
Enzo Pérez,River Plate,2024-2025,liga-profesional-argentina,MF,39.0,35.3,36.46471,206.0
Rodrigo Saravia,Belgrano,2024-2025,liga-profesional-argentina,MF,25.0,32.0,36.276882,207.0
Matías Vera,Cen. Córdoba–SdE,2024-2025,liga-profesional-argentina,MF,30.0,32.6,36.246178,208.0
Dylan Glaby,Cen. Córdoba–SdE,2024-2025,liga-profesional-argentina,MF,29.0,32.2,36.207653,209.0
Dardo Miloc,Barracas Central,2024-2025,liga-profesional-argentina,MF,35.0,38.1,36.137375,210.0
Fernando Juárez,Platense,2024-2025,liga-profesional-argentina,MF,27.0,30.9,35.438107,211.0
Nicolás Pelaitay,San Martín de San Juan,2024-2025,liga-profesional-argentina,MF,32.0,31.3,34.291687,212.0
Quentin Merlin,Rennes,2025-2026,ligue-1,DF,24.0,86.6,75.82091,1.0
Nuno Mendes,Paris Saint-Germain,2025-2026,ligue-1,DF,23.0,85.3,75.28847,2.0
Guela Doué,Strasbourg,2025-2026,ligue-1,DF,23.0,87.1,74.061,3.0
Romain Perraud,Lille,2025-2026,ligue-1,DF,28.0,83.8,72.910774,4.0
Malang Sarr,Lens,2025-2026,ligue-1,DF,27.0,86.5,72.9105,5.0
Ainsley Maitland-Niles,Lyon,2025-2026,ligue-1,DF,28.0,85.0,72.10879,6.0
Koffi Kouao,Metz,2025-2026,ligue-1,DF,28.0,85.3,71.71831,7.0
Warren Zaïre-Emery,Paris Saint-Germain,2025-2026,ligue-1,DF,20.0,83.3,70.13024,8.0
Jean-Philippe Gbamin,Metz,2025-2026,ligue-1,DF,30.0,83.1,69.93413,9.0
Brendan Chardonnet,Brest,2025-2026,ligue-1,DF,31.0,78.3,69.56535,10.0
Melvin Bard,Nice,2025-2026,ligue-1,DF,25.0,83.0,69.547844,11.0
Vanderson,Monaco,2025-2026,ligue-1,DF,24.0,74.6,69.11642,12.0
Jordan Lefort,Angers,2025-2026,ligue-1,DF,32.0,83.7,69.08081,13.0
Charlie Cresswell,Toulouse,2025-2026,ligue-1,DF,23.0,79.4,68.74026,14.0
Denis Zakaria,Monaco,2025-2026,ligue-1,DF,29.0,81.5,67.9619,15.0
Ismaëlo Ganiou,Lens,2025-2026,ligue-1,DF,21.0,79.2,67.56515,16.0
Yanis Zouaoui,Le Havre,2025-2026,ligue-1,DF,28.0,76.9,66.99579,17.0
Nathan Ngoy,Lille,2025-2026,ligue-1,DF,22.0,75.5,66.88413,18.0
Leonardo Balerdi,Marseille,2025-2026,ligue-1,DF,27.0,78.8,66.605835,19.0
Samson Baidoo,Lens,2025-2026,ligue-1,DF,22.0,72.8,66.05181,20.0
Ousmane Camara,Angers,2025-2026,ligue-1,DF,23.0,74.6,66.05061,21.0
Kojo Peprah Oppong,Nice,2025-2026,ligue-1,DF,21.0,74.9,65.407845,22.0
Antoine Mendy,Nice,2025-2026,ligue-1,DF,21.0,74.8,65.1672,23.0
Sinaly Diomande,Auxerre,2025-2026,ligue-1,DF,25.0,76.9,64.94424,24.0
Moussa Niakhate,Lyon,2025-2026,ligue-1,DF,30.0,71.4,64.54768,25.0
Gautier Lloris,Le Havre,2025-2026,ligue-1,DF,30.0,77.5,64.38835,26.0
Bryan Okoh,Auxerre,2025-2026,ligue-1,DF,23.0,75.5,64.23948,27.0
Lucas Beraldo,Paris Saint-Germain,2025-2026,ligue-1,DF,22.0,70.3,64.23632,28.0
Marvin Senaya,Auxerre,2025-2026,ligue-1,DF,25.0,71.8,64.21254,29.0
Lamine Sy,Auxerre,2025-2026,ligue-1,DF,23.0,63.0,64.154625,30.0
Frederic Guilbert,Nantes,2025-2026,ligue-1,DF,31.0,74.6,63.551563,31.0
Ruben Kluivert,Lyon,2025-2026,ligue-1,DF,25.0,70.0,63.384254,32.0
Thilo Kehrer,Monaco,2025-2026,ligue-1,DF,29.0,75.0,63.090717,33.0
Abdelhamid Ait Boudlal,Rennes,2025-2026,ligue-1,DF,20.0,65.0,63.05929,34.0
Jacques Ekomie,Angers,2025-2026,ligue-1,DF,22.0,69.8,62.85106,35.0
Sadibou Sané,Metz,2025-2026,ligue-1,DF,21.0,76.4,62.645973,36.0
Abner,Lyon,2025-2026,ligue-1,DF,25.0,65.8,62.44526,37.0
Michael Amir Murillo,Marseille,2025-2026,ligue-1,DF,30.0,67.2,62.395855,38.0
Montassar Talbi,Lorient,2025-2026,ligue-1,DF,27.0,62.9,62.03125,39.0
Lilian Brassier,Rennes,2025-2026,ligue-1,DF,26.0,67.2,61.90859,40.0
Loïc Nego,Le Havre,2025-2026,ligue-1,DF,35.0,73.3,61.619835,41.0
Thomas Meunier,Lille,2025-2026,ligue-1,DF,34.0,70.0,61.45745,42.0
Arouna Sangante,Le Havre,2025-2026,ligue-1,DF,24.0,69.5,61.419125,43.0
Kenny Lala,Brest,2025-2026,ligue-1,DF,34.0,73.7,61.280308,44.0
Marius Louer,Angers,2025-2026,ligue-1,DF,19.0,32.8,61.20779,45.0
Anthony Rouault,Rennes,2025-2026,ligue-1,DF,24.0,61.1,61.03509,46.0
Achraf Hakimi,Paris Saint-Germain,2025-2026,ligue-1,DF,27.0,66.7,60.828938,47.0
Chidozie Awaziem,Nantes,2025-2026,ligue-1,DF,29.0,67.5,60.8014,48.0
Aïssa Mandi,Lille,2025-2026,ligue-1,DF,34.0,71.6,60.534355,49.0
Gideon Mensah,Auxerre,2025-2026,ligue-1,DF,27.0,70.0,60.523323,50.0
Mark McKenzie,Toulouse,2025-2026,ligue-1,DF,27.0,66.5,60.277847,51.0
Rasmus Nicolaisen,Toulouse,2025-2026,ligue-1,DF,29.0,66.4,60.107563,52.0
Daouda Guindo,Brest,2025-2026,ligue-1,DF,23.0,62.4,60.099304,53.0
Mohammed Salisu,Monaco,2025-2026,ligue-1,DF,27.0,58.8,60.00568,54.0
Bradley Locko,Brest,2025-2026,ligue-1,DF,24.0,60.7,59.714283,55.0
Emerson Palmieri,Marseille,2025-2026,ligue-1,DF,31.0,64.5,59.575035,56.0
Nicolas Cozza,Nantes,2025-2026,ligue-1,DF,27.0,63.9,59.369045,57.0
Samir Chergui,Paris FC,2025-2026,ligue-1,DF,27.0,58.4,59.340187,58.0
Alidu Seidu,Rennes,2025-2026,ligue-1,DF,25.0,56.8,59.30226,59.0
Willian Pacho,Paris Saint-Germain,2025-2026,ligue-1,DF,24.0,60.0,59.239403,60.0
Diego Coppola,Paris FC,2025-2026,ligue-1,DF,22.0,55.6,59.14359,61.0
Otavio Ataide,Paris FC,2025-2026,ligue-1,DF,24.0,53.8,58.87191,62.0
Nicolás Tagliafico,Lyon,2025-2026,ligue-1,DF,33.0,65.8,58.839203,63.0
Darlin Yongwa,Lorient,2025-2026,ligue-1,DF,25.0,51.8,58.828327,64.0
Ismaël Doukouré,Strasbourg,2025-2026,ligue-1,DF,22.0,57.2,58.8218,65.0
Tiago Santos,Lille,2025-2026,ligue-1,DF,23.0,46.0,58.78274,66.0
Nhoa Sangui,Paris FC,2025-2026,ligue-1,DF,20.0,50.3,58.553616,67.0
Moustapha Mbow,Paris FC,2025-2026,ligue-1,DF,26.0,55.8,58.551563,68.0
Caio Henrique Oliveira Silva,Monaco,2025-2026,ligue-1,DF,28.0,56.2,58.48834,69.0
Christian Mawissa,Monaco,2025-2026,ligue-1,DF,21.0,51.2,58.46938,70.0
Abdulai Juma Bah,Nice,2025-2026,ligue-1,DF,20.0,47.5,58.313175,71.0
Nayef Aguerd,Marseille,2025-2026,ligue-1,DF,30.0,55.1,58.147823,72.0
Jérémy Jacquet,Rennes,2025-2026,ligue-1,DF,20.0,52.0,58.104404,73.0
Deiver Machado,Nantes,2025-2026,ligue-1,DF,32.0,56.9,58.06861,74.0
Illia Zabarnyi,Paris Saint-Germain,2025-2026,ligue-1,DF,23.0,47.3,57.962856,75.0
Francisco Sierralta,Auxerre,2025-2026,ligue-1,DF,29.0,52.9,57.89587,76.0
Eric Dier,Monaco,2025-2026,ligue-1,DF,32.0,53.2,57.847935,77.0
Carlens Arcus,Angers,2025-2026,ligue-1,DF,29.0,65.3,57.832584,78.0
Abdoulaye Faye,Lorient,2025-2026,ligue-1,DF,21.0,53.2,57.824413,79.0
Benjamin Pavard,Marseille,2025-2026,ligue-1,DF,30.0,63.2,57.69342,80.0
Bamo Meïté,Lorient,2025-2026,ligue-1,DF,24.0,57.7,57.687016,81.0
Soumaïla Coulibaly,Brest,2025-2026,ligue-1,DF,22.0,41.5,57.45915,82.0
Ben Chilwell,Strasbourg,2025-2026,ligue-1,DF,29.0,57.1,57.285034,83.0
Facundo Medina,Marseille,2025-2026,ligue-1,DF,26.0,53.3,57.188904,84.0
Mahamadou Nagida,Rennes,2025-2026,ligue-1,DF,20.0,46.7,57.1799,85.0
Clément Akpa,Auxerre,2025-2026,ligue-1,DF,24.0,51.2,57.134502,86.0
Igor Carioca,Lorient,2025-2026,ligue-1,DF,29.0,48.3,57.05126,87.0
Lucas Hernández,Paris Saint-Germain,2025-2026,ligue-1,DF,30.0,59.7,57.012527,88.0
Stephan Zagadou,Le Havre,2025-2026,ligue-1,DF,17.0,44.1,56.843414,89.0
Nathaniel Adjei,Lorient,2025-2026,ligue-1,DF,23.0,37.3,56.640427,90.0
Wout Faes,Monaco,2025-2026,ligue-1,DF,28.0,41.6,56.639816,91.0
Chancel Mbemba,Lille,2025-2026,ligue-1,DF,31.0,44.8,56.467743,92.0
Terry Yegbe,Metz,2025-2026,ligue-1,DF,25.0,53.9,56.319153,93.0
Mamadou Sarr,Strasbourg,2025-2026,ligue-1,DF,20.0,39.7,56.05264,94.0
Andrew Omobamidele,Strasbourg,2025-2026,ligue-1,DF,23.0,46.6,55.9564,95.0
CJ Egan-Riley,Marseille,2025-2026,ligue-1,DF,23.0,38.1,55.93909,96.0
Alexsandro Ribeiro,Lille,2025-2026,ligue-1,DF,26.0,41.4,55.90527,97.0
Junior Diaz,Brest,2025-2026,ligue-1,DF,22.0,39.3,55.81364,98.0
Clinton Mata,Lyon,2025-2026,ligue-1,DF,33.0,62.8,55.565712,99.0
Fodé Ballo-Touré,Metz,2025-2026,ligue-1,DF,29.0,41.5,55.493153,100.0
Lucas Høgsberg,Strasbourg,2025-2026,ligue-1,DF,19.0,43.6,55.142963,101.0
Michel Mboula,Metz,2025-2026,ligue-1,DF,23.0,36.6,55.11559,102.0
Tylel Tati,Nantes,2025-2026,ligue-1,DF,18.0,43.4,55.02398,103.0
Ali Yousuf,Nantes,2025-2026,ligue-1,DF,24.0,34.5,54.977398,104.0
Nidal Celik,Lens,2025-2026,ligue-1,DF,19.0,37.3,54.840744,105.0
Jonathan Gradit,Lens,2025-2026,ligue-1,DF,33.0,41.0,54.217255,106.0
Kelvin Amian,Nantes,2025-2026,ligue-1,DF,28.0,46.9,54.054676,107.0
Hans Hateboer,Lyon,2025-2026,ligue-1,DF,32.0,36.8,53.88097,108.0
Maxime Colin,Metz,2025-2026,ligue-1,DF,34.0,53.0,53.701523,109.0
Dante,Nice,2025-2026,ligue-1,DF,42.0,42.5,53.661472,110.0
Thibault De Smet,Paris FC,2025-2026,ligue-1,DF,27.0,41.0,53.612263,111.0
Marquinhos,Paris Saint-Germain,2025-2026,ligue-1,DF,32.0,36.1,53.058105,112.0
Hamari Traoré,Paris FC,2025-2026,ligue-1,DF,34.0,48.3,52.776527,113.0
Calvin Verdonk,Lille,2025-2026,ligue-1,DF,29.0,38.3,52.140743,114.0
Timothée Kolodziejczak,Paris FC,2025-2026,ligue-1,DF,34.0,34.4,50.419067,115.0
Florent Hanin,Angers,2025-2026,ligue-1,DF,36.0,37.5,49.518353,116.0
Ousmane Dembélé,Paris Saint-Germain,2025-2026,ligue-1,FW,29.0,87.1,79.01204,1.0
Khvicha Kvaratskhelia,Paris Saint-Germain,2025-2026,ligue-1,FW,25.0,87.9,77.9584,2.0
Pierre-Emerick Aubameyang,Marseille,2025-2026,ligue-1,FW,36.0,85.2,76.585236,3.0
Bradley Barcola,Paris Saint-Germain,2025-2026,ligue-1,FW,23.0,85.5,75.935844,4.0
Désiré Doué,Paris Saint-Germain,2025-2026,ligue-1,FW,20.0,85.5,75.66352,5.0
Amine Gouiri,Marseille,2025-2026,ligue-1,FW,26.0,80.3,71.33395,6.0
Odsonne Édouard,Lens,2025-2026,ligue-1,FW,28.0,81.4,71.17929,7.0
Pavel Šulc,Lyon,2025-2026,ligue-1,FW,25.0,78.8,70.97503,8.0
Bamba Dieng,Lorient,2025-2026,ligue-1,FW,26.0,76.1,69.937035,9.0
Matias Fernandez-Pardo,Lille,2025-2026,ligue-1,FW,21.0,74.2,69.84824,10.0
Joaquín Panichelli,Strasbourg,2025-2026,ligue-1,FW,23.0,78.7,69.818695,11.0
Folarin Balogun,Monaco,2025-2026,ligue-1,FW,24.0,75.2,69.028336,12.0
Lassine Sinayoko,Auxerre,2025-2026,ligue-1,FW,26.0,74.0,68.2368,13.0
Issa Soumaré,Le Havre,2025-2026,ligue-1,FW,25.0,70.5,67.17561,14.0
Matthis Abline,Nantes,2025-2026,ligue-1,FW,23.0,64.5,66.72832,15.0
Elye Wahi,Nice,2025-2026,ligue-1,FW,23.0,72.5,66.659744,16.0
Gonçalo Ramos,Paris Saint-Germain,2025-2026,ligue-1,FW,24.0,73.1,66.52381,17.0
Endrick,Lyon,2025-2026,ligue-1,FW,19.0,75.4,66.447876,18.0
Rayan Fofana,Lens,2025-2026,ligue-1,FW,20.0,70.4,66.33345,19.0
Esteban Lepaul,Rennes,2025-2026,ligue-1,FW,26.0,69.7,65.63797,20.0
Roman Yaremchuk,Lyon,2025-2026,ligue-1,FW,30.0,73.1,63.72205,21.0
Ibrahim Mbaye,Paris Saint-Germain,2025-2026,ligue-1,FW,18.0,66.1,63.2177,22.0
Terem Moffi,Nice,2025-2026,ligue-1,FW,26.0,61.5,63.14847,23.0
Breel Embolo,Rennes,2025-2026,ligue-1,FW,29.0,68.6,63.04767,24.0
Emersonn,Toulouse,2025-2026,ligue-1,FW,21.0,64.8,62.673695,25.0
Prosper Peter,Angers,2025-2026,ligue-1,FW,18.0,62.9,62.540405,26.0
Sambou Soumano,Lorient,2025-2026,ligue-1,FW,25.0,68.8,62.49933,27.0
Ludovic Ajorque,Brest,2025-2026,ligue-1,FW,32.0,62.2,60.71684,28.0
Mohamed Ali Cho,Nice,2025-2026,ligue-1,FW,22.0,45.6,60.283474,29.0
Willem Geubbels,Paris FC,2025-2026,ligue-1,FW,24.0,56.7,59.968815,30.0
Kader Meïté,Rennes,2025-2026,ligue-1,FW,18.0,65.6,59.881527,31.0
Sidiki Cherif,Angers,2025-2026,ligue-1,FW,19.0,45.4,59.6594,32.0
Jean-Philippe Krasso,Paris FC,2025-2026,ligue-1,FW,28.0,58.4,59.546032,33.0
Tosin Aiyegun,Lorient,2025-2026,ligue-1,FW,27.0,54.4,59.50042,34.0
Olivier Giroud,Lille,2025-2026,ligue-1,FW,39.0,61.3,59.18571,35.0
Isak Jansson,Nice,2025-2026,ligue-1,FW,24.0,46.9,58.7157,36.0
Martin Satriano,Lyon,2025-2026,ligue-1,FW,25.0,52.2,58.548603,37.0
Ciro Immobile,Paris FC,2025-2026,ligue-1,FW,36.0,59.1,58.31134,38.0
Bahereba Guirassy,Nantes,2025-2026,ligue-1,FW,19.0,49.5,57.96779,39.0
Ibou Sané,Metz,2025-2026,ligue-1,FW,21.0,36.8,57.65185,40.0
Goduine Koyalipou,Angers,2025-2026,ligue-1,FW,26.0,52.6,57.517033,41.0
Mika Biereth,Monaco,2025-2026,ligue-1,FW,23.0,47.1,57.199932,42.0
Frank Magri,Toulouse,2025-2026,ligue-1,FW,26.0,50.8,57.196228,43.0
Arnaud Nordin,Rennes,2025-2026,ligue-1,FW,27.0,53.4,57.19078,44.0
Mohamed Bamba,Lorient,2025-2026,ligue-1,FW,24.0,53.2,57.0612,45.0
Youssef El-Arabi,Nantes,2025-2026,ligue-1,FW,39.0,50.6,57.043037,46.0
Ignatius Ganago,Nantes,2025-2026,ligue-1,FW,27.0,43.6,56.954044,47.0
Mama Samba Baldé,Brest,2025-2026,ligue-1,FW,30.0,50.9,56.847008,48.0
Giorgi Kvilitaia,Metz,2025-2026,ligue-1,FW,32.0,46.6,56.601185,49.0
Sekou Mara,Auxerre,2025-2026,ligue-1,FW,23.0,48.1,56.32559,50.0
Jacen Russell-Rowe,Toulouse,2025-2026,ligue-1,FW,23.0,38.7,56.280975,51.0
Felix Mambimbi,Le Havre,2025-2026,ligue-1,FW,25.0,35.6,54.67986,52.0
Lanroy Machine,Angers,2025-2026,ligue-1,FW,20.0,37.4,54.54413,53.0
Kevin Carlos,Nice,2025-2026,ligue-1,FW,25.0,32.4,53.80544,54.0
Mbwana Samatta,Le Havre,2025-2026,ligue-1,FW,33.0,47.7,53.79398,55.0
Mostafa Mohamed,Nantes,2025-2026,ligue-1,FW,28.0,39.1,53.556133,56.0
Habib Diallo,Metz,2025-2026,ligue-1,FW,30.0,39.3,52.552742,57.0
Hervé Koffi,Angers,2025-2026,ligue-1,GK,29.0,88.6,74.81119,1.0
Berke Özer,Lille,2025-2026,ligue-1,GK,25.0,87.7,74.34001,2.0
Robin Risser,Lens,2025-2026,ligue-1,GK,21.0,84.3,72.36657,3.0
Mike Penders,Strasbourg,2025-2026,ligue-1,GK,20.0,76.2,68.875534,4.0
Brice Samba,Rennes,2025-2026,ligue-1,GK,32.0,71.3,65.56487,5.0
Donovan Léon,Auxerre,2025-2026,ligue-1,GK,33.0,78.2,65.43496,6.0
Dominik Greif,Lyon,2025-2026,ligue-1,GK,29.0,73.6,64.58333,7.0
Lucas Chevalier,Paris Saint-Germain,2025-2026,ligue-1,GK,24.0,75.5,64.33673,8.0
Gerónimo Rulli,Marseille,2025-2026,ligue-1,GK,34.0,71.8,64.218216,9.0
Guillaume Restes,Toulouse,2025-2026,ligue-1,GK,21.0,62.9,62.86887,10.0
Anthony Lopes,Nantes,2025-2026,ligue-1,GK,35.0,61.9,60.80709,11.0
Matvei Safonov,Paris Saint-Germain,2025-2026,ligue-1,GK,27.0,57.9,60.790577,12.0
Yehvann Diouf,Nice,2025-2026,ligue-1,GK,26.0,58.8,60.786705,13.0
Maxime Dupé,Nice,2025-2026,ligue-1,GK,33.0,67.4,60.3077,14.0
Kevin Trapp,Paris FC,2025-2026,ligue-1,GK,35.0,64.7,59.750206,15.0
Mory Diaw,Le Havre,2025-2026,ligue-1,GK,32.0,60.9,59.592453,16.0
Grégoire Coudert,Brest,2025-2026,ligue-1,GK,27.0,52.8,57.874264,17.0
Radosław Majecki,Brest,2025-2026,ligue-1,GK,26.0,43.6,57.553894,18.0
Rémy Descamps,Lyon,2025-2026,ligue-1,GK,29.0,70.6,57.380283,19.0
Yvon Mvogo,Lorient,2025-2026,ligue-1,GK,31.0,53.7,57.327038,20.0
Jeffrey De Lange,Marseille,2025-2026,ligue-1,GK,28.0,49.5,56.945175,21.0
Jonathan Fischer,Metz,2025-2026,ligue-1,GK,24.0,45.4,56.06349,22.0
Obed Nkambadio,Paris FC,2025-2026,ligue-1,GK,23.0,37.0,55.70712,23.0
Philipp Köhn,Monaco,2025-2026,ligue-1,GK,28.0,46.6,55.582714,24.0
Théo De Percin,Auxerre,2025-2026,ligue-1,GK,25.0,35.4,54.838425,25.0
Pape Mamadou Sy,Metz,2025-2026,ligue-1,GK,29.0,36.9,54.417866,26.0
Lukáš Hrádecký,Monaco,2025-2026,ligue-1,GK,36.0,42.4,52.806847,27.0
Mason Greenwood,Marseille,2025-2026,ligue-1,MF,24.0,87.9,81.60958,1.0
Florian Thauvin,Lens,2025-2026,ligue-1,MF,33.0,87.3,79.15215,2.0
Pablo Pagis,Lorient,2025-2026,ligue-1,MF,23.0,86.5,77.50872,3.0
Afonso Moreira,Lyon,2025-2026,ligue-1,MF,21.0,82.9,76.700386,4.0
Ludovic Blas,Rennes,2025-2026,ligue-1,MF,28.0,84.5,76.619774,5.0
Julio Enciso,Strasbourg,2025-2026,ligue-1,MF,22.0,85.0,76.52329,6.0
Wesley Saïd,Lens,2025-2026,ligue-1,MF,31.0,85.6,76.37156,7.0
Ilan Kebbal,Paris FC,2025-2026,ligue-1,MF,27.0,84.2,76.25992,8.0
Maghnes Akliouche,Monaco,2025-2026,ligue-1,MF,24.0,83.5,75.63241,9.0
Yann Gboho,Toulouse,2025-2026,ligue-1,MF,25.0,82.3,75.61622,10.0
Martial Godo,Strasbourg,2025-2026,ligue-1,MF,23.0,82.4,74.30443,11.0
Aleksandr Golovin,Monaco,2025-2026,ligue-1,MF,29.0,83.0,73.009575,12.0
Jeremie Boga,Nice,2025-2026,ligue-1,MF,29.0,78.6,72.868164,13.0
Sofiane Diop,Nice,2025-2026,ligue-1,MF,25.0,80.5,72.83962,14.0
Ansu Fati,Monaco,2025-2026,ligue-1,MF,23.0,81.7,72.58604,15.0
Sebastian Nanasi,Strasbourg,2025-2026,ligue-1,MF,24.0,81.1,72.58261,16.0
Igor Paixão,Marseille,2025-2026,ligue-1,MF,25.0,81.8,72.31949,17.0
Corentin Tolisso,Lyon,2025-2026,ligue-1,MF,31.0,83.8,72.27424,18.0
Romain Del Castillo,Brest,2025-2026,ligue-1,MF,30.0,79.3,71.21863,19.0
Félix Correia,Lille,2025-2026,ligue-1,MF,25.0,78.4,71.10689,20.0
Adrien Thomasson,Lens,2025-2026,ligue-1,MF,32.0,81.2,70.270584,21.0
Malick Fofana,Lyon,2025-2026,ligue-1,MF,21.0,76.7,70.2585,22.0
Diego Moreira,Strasbourg,2025-2026,ligue-1,MF,21.0,79.7,69.89326,23.0
Luca Koleosho,Paris FC,2025-2026,ligue-1,MF,21.0,80.8,69.84307,24.0
Kamory Doumbia,Brest,2025-2026,ligue-1,MF,23.0,81.1,69.72238,25.0
Santiago Hidalgo,Toulouse,2025-2026,ligue-1,MF,21.0,81.1,69.23979,26.0
Lee Kang-in,Paris Saint-Germain,2025-2026,ligue-1,MF,25.0,77.9,68.51862,27.0
Gauthier Hein,Metz,2025-2026,ligue-1,MF,29.0,75.6,68.48066,28.0
Valentín Barco,Strasbourg,2025-2026,ligue-1,MF,21.0,72.1,68.183525,29.0
Aron Dønnum,Toulouse,2025-2026,ligue-1,MF,28.0,74.3,67.84861,30.0
Ethan Mbappé,Lille,2025-2026,ligue-1,MF,19.0,77.4,67.81785,31.0
Jean-Victor Makengo,Lorient,2025-2026,ligue-1,MF,27.0,72.9,67.373474,32.0
Simon Adingra,Monaco,2025-2026,ligue-1,MF,24.0,78.9,67.251686,33.0
Hákon Haraldsson,Lille,2025-2026,ligue-1,MF,23.0,73.8,67.21697,34.0
Senny Mayulu,Paris Saint-Germain,2025-2026,ligue-1,MF,20.0,80.2,67.14309,35.0
Tom Louchet,Nice,2025-2026,ligue-1,MF,23.0,71.1,66.84563,36.0
Rémy Labeau Lascary,Brest,2025-2026,ligue-1,MF,23.0,73.2,66.69026,37.0
Takumi Minamino,Monaco,2025-2026,ligue-1,MF,31.0,73.2,66.14492,38.0
Osame Sahraoui,Lille,2025-2026,ligue-1,MF,24.0,71.3,65.88088,39.0
Mamadou Sangare,Lens,2025-2026,ligue-1,MF,23.0,73.4,65.82802,40.0
Rémy Cabella,Nantes,2025-2026,ligue-1,MF,36.0,69.3,65.26552,41.0
Kévin Danois,Auxerre,2025-2026,ligue-1,MF,21.0,66.3,65.25797,42.0
Fodé Doucouré,Le Havre,2025-2026,ligue-1,MF,25.0,67.8,65.180565,43.0
Samuel Amo-Ameyaw,Strasbourg,2025-2026,ligue-1,MF,19.0,66.6,64.85846,44.0
João Neves,Paris Saint-Germain,2025-2026,ligue-1,MF,21.0,72.1,64.80466,45.0
Pathé Mboup,Brest,2025-2026,ligue-1,MF,22.0,70.5,64.62775,46.0
Matt O'Riley,Marseille,2025-2026,ligue-1,MF,25.0,67.7,64.61305,47.0
Ibrahim Osman,Auxerre,2025-2026,ligue-1,MF,21.0,69.2,64.399765,48.0
Musa Al-Taamari,Rennes,2025-2026,ligue-1,MF,28.0,68.7,64.32817,49.0
Arsène Kouassi,Lorient,2025-2026,ligue-1,MF,21.0,68.2,64.27391,50.0
Jonathan Ikone,Paris FC,2025-2026,ligue-1,MF,28.0,72.6,64.10212,51.0
Rassoul Ndiaye,Le Havre,2025-2026,ligue-1,MF,24.0,70.1,63.972054,52.0
Mamadou Coulibaly,Monaco,2025-2026,ligue-1,MF,22.0,68.2,63.932022,53.0
Lamine Camara,Monaco,2025-2026,ligue-1,MF,22.0,68.8,63.8634,54.0
Hamed Junior Traorè,Marseille,2025-2026,ligue-1,MF,26.0,67.6,63.595238,55.0
Angel Gomes,Marseille,2025-2026,ligue-1,MF,25.0,62.3,63.56389,56.0
Abdallah Sima,Lens,2025-2026,ligue-1,MF,24.0,74.4,63.445614,57.0
Fabián Ruiz Peña,Paris Saint-Germain,2025-2026,ligue-1,MF,30.0,72.9,63.404396,58.0
Moses Simon,Paris FC,2025-2026,ligue-1,MF,30.0,71.1,63.384697,59.0
Matthieu Udol,Lens,2025-2026,ligue-1,MF,30.0,74.7,63.359085,60.0
Dermane Karim,Lorient,2025-2026,ligue-1,MF,22.0,60.6,63.34274,61.0
Morgan Guilavogui,Lens,2025-2026,ligue-1,MF,28.0,63.0,62.945488,62.0
Marshall Munetsi,Paris FC,2025-2026,ligue-1,MF,29.0,72.0,62.58906,63.0
Bilal Nadir,Marseille,2025-2026,ligue-1,MF,22.0,64.0,62.56723,64.0
Kassoum Ouattara,Monaco,2025-2026,ligue-1,MF,21.0,63.6,62.523434,65.0
Kaïl Boudache,Nice,2025-2026,ligue-1,MF,19.0,70.0,62.514744,66.0
Jonathan Clauss,Nice,2025-2026,ligue-1,MF,33.0,71.0,62.327824,67.0
Alimami Gory,Paris FC,2025-2026,ligue-1,MF,29.0,71.7,62.295193,68.0
Adam Karabec,Lyon,2025-2026,ligue-1,MF,22.0,60.7,62.157734,69.0
Vincent Marchetti,Paris FC,2025-2026,ligue-1,MF,28.0,67.7,61.772915,70.0
Félix Lemaréchal,Strasbourg,2025-2026,ligue-1,MF,22.0,63.6,61.685055,71.0
Andrija Bulatović,Lens,2025-2026,ligue-1,MF,19.0,70.9,61.508884,72.0
Giorgi Abuashvili,Metz,2025-2026,ligue-1,MF,23.0,63.7,61.39544,73.0
Danny Loader,Auxerre,2025-2026,ligue-1,MF,25.0,61.3,61.2322,74.0
Junior Dina Ebimbe,Brest,2025-2026,ligue-1,MF,25.0,62.7,61.094326,75.0
Louis Mouton,Angers,2025-2026,ligue-1,MF,23.0,61.4,60.8249,76.0
Timothy Weah,Marseille,2025-2026,ligue-1,MF,26.0,63.5,60.79195,77.0
Pape Demba Diop,Toulouse,2025-2026,ligue-1,MF,22.0,60.6,60.728973,78.0
Yassine Kechta,Le Havre,2025-2026,ligue-1,MF,24.0,60.8,60.61536,79.0
Mohamed Kaba,Nantes,2025-2026,ligue-1,MF,24.0,60.8,60.533543,80.0
Sofiane Boufal,Le Havre,2025-2026,ligue-1,MF,32.0,72.4,60.467068,81.0
Hicham Boudaoui,Nice,2025-2026,ligue-1,MF,26.0,58.9,60.358337,82.0
Pierre Højbjerg,Marseille,2025-2026,ligue-1,MF,30.0,64.5,60.310192,83.0
Cheikh Tidiane Sabaly,Metz,2025-2026,ligue-1,MF,27.0,62.7,60.11588,84.0
Sebastian Szymański,Rennes,2025-2026,ligue-1,MF,27.0,65.5,60.018246,85.0
Vitinha,Paris Saint-Germain,2025-2026,ligue-1,MF,26.0,66.1,60.00456,86.0
Himad Abdelli,Angers,2025-2026,ligue-1,MF,26.0,57.9,59.97779,87.0
Noah Nartey,Lyon,2025-2026,ligue-1,MF,20.0,58.8,59.977432,88.0
Saud Abdulhamid,Lens,2025-2026,ligue-1,MF,26.0,63.2,59.867325,89.0
Mohamed Amine Sbai,Angers,2025-2026,ligue-1,MF,25.0,57.9,59.776337,90.0
Rudy Matondo,Paris FC,2025-2026,ligue-1,MF,18.0,57.8,59.498386,91.0
Ali Abdi,Nice,2025-2026,ligue-1,MF,32.0,63.6,59.44677,92.0
Maxime Lopez,Paris FC,2025-2026,ligue-1,MF,28.0,57.3,59.288708,93.0
Panos Katseris,Lorient,2025-2026,ligue-1,MF,24.0,59.2,59.125614,94.0
Mahdi Camara,Rennes,2025-2026,ligue-1,MF,27.0,62.6,59.045406,95.0
Gessime Yassine,Strasbourg,2025-2026,ligue-1,MF,20.0,58.5,58.985703,96.0
Arthur Avom,Lorient,2025-2026,ligue-1,MF,21.0,56.4,58.95151,97.0
Josué Casimir,Auxerre,2025-2026,ligue-1,MF,24.0,55.9,58.68193,98.0
Warren Kamanzi,Toulouse,2025-2026,ligue-1,MF,25.0,57.2,58.409138,99.0
Abdoul Ouattara,Strasbourg,2025-2026,ligue-1,MF,20.0,55.8,58.00832,100.0
Seko Fofana,Rennes,2025-2026,ligue-1,MF,31.0,54.7,57.65648,101.0
Théo Le Bris,Lorient,2025-2026,ligue-1,MF,23.0,56.0,57.647552,102.0
Dro Fernández,Paris Saint-Germain,2025-2026,ligue-1,MF,18.0,50.4,57.64369,103.0
Khalis Merah,Lyon,2025-2026,ligue-1,MF,19.0,50.4,57.56904,104.0
Tiago Gouveia,Nice,2025-2026,ligue-1,MF,24.0,50.0,57.401035,105.0
Fabien Centonze,Nantes,2025-2026,ligue-1,MF,30.0,52.6,56.695225,106.0
Djibril Sidibé,Toulouse,2025-2026,ligue-1,MF,33.0,62.2,56.6571,107.0
Noah Cadiou,Lorient,2025-2026,ligue-1,MF,27.0,57.6,56.651577,108.0
Dehmaine Assoumani,Nantes,2025-2026,ligue-1,MF,21.0,49.8,56.58708,109.0
Valentin Rongier,Rennes,2025-2026,ligue-1,MF,31.0,61.6,56.521557,110.0
Djaoui Cissé,Rennes,2025-2026,ligue-1,MF,22.0,45.2,56.438225,111.0
Dayann Methalie,Toulouse,2025-2026,ligue-1,MF,20.0,58.0,56.31391,112.0
Abdoulaye Touré,Le Havre,2025-2026,ligue-1,MF,32.0,52.6,55.926826,113.0
Nabil Bentaleb,Lille,2025-2026,ligue-1,MF,31.0,57.2,55.92533,114.0
Romain Faivre,Auxerre,2025-2026,ligue-1,MF,27.0,53.5,55.90082,115.0
Tyler Morton,Lyon,2025-2026,ligue-1,MF,23.0,53.7,55.732986,116.0
Rudy Matondo,Auxerre,2025-2026,ligue-1,MF,18.0,44.8,55.636288,117.0
Cristian Cásseres Jr.,Toulouse,2025-2026,ligue-1,MF,26.0,52.9,55.613865,118.0
Lilian Raolisoa,Angers,2025-2026,ligue-1,MF,25.0,54.1,55.49884,119.0
Ruben Aguilar,Lens,2025-2026,ligue-1,MF,33.0,56.1,54.77948,120.0
Junior Mwanga,Nantes,2025-2026,ligue-1,MF,23.0,47.4,54.776688,121.0
Yassin Belkhdim,Angers,2025-2026,ligue-1,MF,24.0,56.4,54.541267,122.0
Przemysław Frankowski,Rennes,2025-2026,ligue-1,MF,31.0,50.2,54.45039,123.0
Mario Sauer,Toulouse,2025-2026,ligue-1,MF,22.0,48.0,54.318275,124.0
Samir El Mourabet,Strasbourg,2025-2026,ligue-1,MF,20.0,51.0,54.27318,125.0
Ayyoub Bouaddi,Lille,2025-2026,ligue-1,MF,18.0,51.6,54.176147,126.0
Joel Mvuka,Lorient,2025-2026,ligue-1,MF,23.0,42.5,54.07126,127.0
Heorhii Tsitaishvili,Metz,2025-2026,ligue-1,MF,25.0,49.9,54.004322,128.0
Aladji Bamba,Monaco,2025-2026,ligue-1,MF,19.0,51.3,53.96388,129.0
Tanner Tessmann,Lyon,2025-2026,ligue-1,MF,24.0,50.0,53.928314,130.0
Simon Ebonog,Le Havre,2025-2026,ligue-1,MF,21.0,47.3,53.221684,131.0
Pierre Lees-Melou,Paris FC,2025-2026,ligue-1,MF,32.0,51.8,53.16364,132.0
Louis Leroux,Nantes,2025-2026,ligue-1,MF,20.0,48.1,53.062035,133.0
Yassine Benhattab,Nantes,2025-2026,ligue-1,MF,23.0,38.0,52.88025,134.0
Bouna Sarr,Metz,2025-2026,ligue-1,MF,34.0,47.2,52.795364,135.0
Morgan Sanson,Nice,2025-2026,ligue-1,MF,31.0,54.3,52.75086,136.0
Oussama El Azzouzi,Auxerre,2025-2026,ligue-1,MF,24.0,41.6,52.67029,137.0
Florian Sotoca,Lens,2025-2026,ligue-1,MF,35.0,47.2,51.569374,138.0
Boubacar Traoré,Metz,2025-2026,ligue-1,MF,24.0,46.1,51.555878,139.0
Johann Lepenant,Nantes,2025-2026,ligue-1,MF,23.0,47.5,51.55279,140.0
Krépin Diatta,Monaco,2025-2026,ligue-1,MF,27.0,46.4,51.46468,141.0
Arthur Vermeeren,Marseille,2025-2026,ligue-1,MF,21.0,43.6,51.40567,142.0
Benjamin André,Lille,2025-2026,ligue-1,MF,35.0,55.6,51.277016,143.0
Pierrick Capelle,Angers,2025-2026,ligue-1,MF,39.0,38.6,50.98679,144.0
Rafael Gonçalves,Strasbourg,2025-2026,ligue-1,MF,21.0,38.4,50.725185,145.0
Fredrik Oppegard,Auxerre,2025-2026,ligue-1,MF,23.0,37.0,50.438652,146.0
Alpha Touré,Metz,2025-2026,ligue-1,MF,20.0,43.0,50.15679,147.0
Naouirou Ahamada,Auxerre,2025-2026,ligue-1,MF,24.0,39.3,50.128693,148.0
Quinten Timber,Marseille,2025-2026,ligue-1,MF,24.0,35.1,50.126965,149.0
Jordan Teze,Monaco,2025-2026,ligue-1,MF,26.0,48.4,49.9961,150.0
Ngal'Ayel Mukau,Lille,2025-2026,ligue-1,MF,21.0,34.7,49.90925,151.0
Alexis Vossah,Toulouse,2025-2026,ligue-1,MF,18.0,39.9,49.832394,152.0
Branco van den Boomen,Angers,2025-2026,ligue-1,MF,30.0,44.1,49.707912,153.0
Jessy Deminguet,Metz,2025-2026,ligue-1,MF,28.0,45.6,49.341545,154.0
Lucas Tousart,Brest,2025-2026,ligue-1,MF,29.0,43.3,49.114353,155.0
Hugo Magnetti,Brest,2025-2026,ligue-1,MF,27.0,47.8,48.431293,156.0
Joris Chotard,Brest,2025-2026,ligue-1,MF,24.0,44.2,48.19811,157.0
Adama Camara,Paris FC,2025-2026,ligue-1,MF,29.0,46.7,47.979385,158.0
Rafik Messali,Toulouse,2025-2026,ligue-1,MF,23.0,33.6,47.30563,159.0
Charles Vanhoutte,Nice,2025-2026,ligue-1,MF,27.0,43.5,47.12032,160.0
Ibrahima Sissoko,Nantes,2025-2026,ligue-1,MF,28.0,33.8,46.94982,161.0
Lucas Gourna-Douath,Le Havre,2025-2026,ligue-1,MF,22.0,31.8,46.542137,162.0
Kwon Hyeokkyu,Nantes,2025-2026,ligue-1,MF,25.0,32.0,46.332993,163.0
Francis Coquelin,Nantes,2025-2026,ligue-1,MF,35.0,36.6,46.234253,164.0
Salis Abdul Samed,Nice,2025-2026,ligue-1,MF,26.0,32.8,46.195175,165.0
Francis Abu,Toulouse,2025-2026,ligue-1,MF,25.0,34.0,45.980785,166.0
Geoffrey Kondogbia,Marseille,2025-2026,ligue-1,MF,33.0,35.4,45.609104,167.0
Laurent Abergel,Lorient,2025-2026,ligue-1,MF,33.0,42.2,45.162247,168.0
Ayumu Seko,Le Havre,2025-2026,ligue-1,MF,25.0,39.0,45.049572,169.0
Benjamin Stambouli,Metz,2025-2026,ligue-1,MF,35.0,38.9,44.627254,170.0
Haris Belkebla,Angers,2025-2026,ligue-1,MF,32.0,42.4,44.61275,171.0
Elisha Owusu,Auxerre,2025-2026,ligue-1,MF,28.0,38.7,43.455227,172.0
Cristian Espinoza,SJ Earthquakes,2025-2026,major-league,DF,29.0,82.7,74.1765,1.0
Kai Wagner,Philadelphia Union,2025-2026,major-league,DF,28.0,84.8,73.64935,2.0
Jordi Alba,Inter Miami,2025-2026,major-league,DF,35.0,82.9,73.4433,3.0
Anthony Markanich,Minnesota Utd,2025-2026,major-league,DF,25.0,82.6,71.172264,4.0
Cameron Harper,NY Red Bulls,2025-2026,major-league,DF,23.0,72.9,70.9481,5.0
Tomas Totland,St. Louis,2025-2026,major-league,DF,26.0,73.4,70.789894,6.0
Andrew Gutman,Chicago Fire,2025-2026,major-league,DF,28.0,84.2,69.48033,7.0
Tyrese Spicer,Toronto FC,2025-2026,major-league,DF,24.0,71.4,69.47646,8.0
Mathías Laborda,Vancouver W'caps,2025-2026,major-league,DF,25.0,82.9,69.37414,9.0
Kye Rowles,D.C. United,2025-2026,major-league,DF,26.0,78.7,68.79351,10.0
Andy Najar,Nashville SC,2025-2026,major-league,DF,31.0,84.0,68.69741,11.0
Raheem Edwards,NY Red Bulls,2025-2026,major-league,DF,29.0,69.1,68.1707,12.0
Lukas Engel,FC Cincinnati,2025-2026,major-league,DF,26.0,82.0,67.96272,13.0
David Schnegg,D.C. United,2025-2026,major-league,DF,26.0,80.8,67.84697,14.0
Kalani Rienzi,Seattle Sounders,2025-2026,major-league,DF,22.0,70.0,67.841156,15.0
Édier Ocampo,Vancouver W'caps,2025-2026,major-league,DF,21.0,78.0,67.81779,16.0
Finn Surman,Portland Timbers,2025-2026,major-league,DF,21.0,76.7,67.66473,17.0
Sergi Palencia,LAFC,2025-2026,major-league,DF,28.0,81.5,67.40155,18.0
Ryan Hollingshead,LAFC,2025-2026,major-league,DF,33.0,79.9,67.329094,19.0
Alex Roldan,Seattle Sounders,2025-2026,major-league,DF,28.0,75.1,66.59804,20.0
Adilson Malanda,Charlotte,2025-2026,major-league,DF,23.0,71.2,66.536194,21.0
Lucas Bartlett,D.C. United,2025-2026,major-league,DF,27.0,74.1,66.38316,22.0
Thiago Martins,NYCFC,2025-2026,major-league,DF,29.0,73.1,66.11945,23.0
Bongokuhle Hlongwane,Minnesota Utd,2025-2026,major-league,DF,24.0,76.7,66.10328,24.0
Olwethu Makhanya,Philadelphia Union,2025-2026,major-league,DF,20.0,79.8,66.0885,25.0
Christopher McVey,San Diego FC,2025-2026,major-league,DF,27.0,80.9,65.96692,26.0
Guilherme Biro,Austin,2025-2026,major-league,DF,24.0,77.0,65.88702,27.0
Jack Elliott,Chicago Fire,2025-2026,major-league,DF,29.0,80.5,65.05452,28.0
Rodrigues,SJ Earthquakes,2025-2026,major-league,DF,27.0,68.1,64.98163,29.0
Shaq Moore,FC Dallas,2025-2026,major-league,DF,28.0,77.7,64.7132,30.0
Franco Escobar,Houston Dynamo,2025-2026,major-league,DF,30.0,74.5,64.61357,31.0
Noah Eile,NY Red Bulls,2025-2026,major-league,DF,22.0,76.2,64.46241,32.0
Joseph Rosales,Minnesota Utd,2025-2026,major-league,DF,24.0,66.6,64.33238,33.0
Dylan Nealis,NY Red Bulls,2025-2026,major-league,DF,26.0,65.2,64.29172,34.0
Jakob Glesnes,Philadelphia Union,2025-2026,major-league,DF,30.0,76.0,64.05094,35.0
David Brekalo,Orlando City,2025-2026,major-league,DF,26.0,73.2,63.73242,36.0
Jimer Fory,Portland Timbers,2025-2026,major-league,DF,22.0,73.0,63.720234,37.0
Tayvon Gray,NYCFC,2025-2026,major-league,DF,22.0,70.4,63.553425,38.0
Carlos Harvey,Minnesota Utd,2025-2026,major-league,DF,25.0,70.3,63.492077,39.0
Ilay Feingold,NE Revolution,2025-2026,major-league,DF,20.0,66.5,62.952003,40.0
Osaze Urhoghide,FC Dallas,2025-2026,major-league,DF,24.0,74.3,62.88311,41.0
Reggie Cannon,Colorado Rapids,2025-2026,major-league,DF,26.0,71.7,62.7601,42.0
Mamadou Fofana,NE Revolution,2025-2026,major-league,DF,27.0,75.9,62.74526,43.0
Brayan Ceballos,NE Revolution,2025-2026,major-league,DF,23.0,74.5,62.584038,44.0
Miles Robinson,FC Cincinnati,2025-2026,major-league,DF,27.0,72.7,62.468937,45.0
Griffin Dorsey,Houston Dynamo,2025-2026,major-league,DF,26.0,70.0,62.454956,46.0
George Campbell,CF Montréal,2025-2026,major-league,DF,23.0,65.1,62.43356,47.0
Justen Glad,Real Salt Lake,2025-2026,major-league,DF,28.0,69.9,62.400543,48.0
Keegan Rosenberry,Colorado Rapids,2025-2026,major-league,DF,31.0,64.7,62.167175,49.0
Alexander Hack,NY Red Bulls,2025-2026,major-league,DF,31.0,64.1,62.16238,50.0
Miki Yamane,LA Galaxy,2025-2026,major-league,DF,31.0,76.3,62.092876,51.0
Luca Petrasso,CF Montréal,2025-2026,major-league,DF,24.0,66.4,61.953243,52.0
Daniel Lovitz,Nashville SC,2025-2026,major-league,DF,33.0,77.5,61.922558,53.0
Conrad Wallem,St. Louis,2025-2026,major-league,DF,24.0,69.6,61.899,54.0
Logan Ndenbe,Sporting KC,2025-2026,major-league,DF,25.0,63.3,60.804047,55.0
Jefferson Díaz,Minnesota Utd,2025-2026,major-league,DF,24.0,63.8,60.749065,56.0
Jasper Löffelsend,San Diego FC,2025-2026,major-league,DF,27.0,60.8,60.426502,57.0
Eddie Segura,LAFC,2025-2026,major-league,DF,28.0,69.7,60.349747,58.0
Aaron Long,LAFC,2025-2026,major-league,DF,32.0,62.5,60.349422,59.0
Harbor Miller,LA Galaxy,2025-2026,major-league,DF,17.0,57.5,60.28785,60.0
Nouhou Tolo,Seattle Sounders,2025-2026,major-league,DF,27.0,62.9,60.24966,61.0
Maya Yoshida,LA Galaxy,2025-2026,major-league,DF,36.0,68.0,60.220303,62.0
Ian Fray,Inter Miami,2025-2026,major-league,DF,22.0,60.9,59.559326,63.0
DeAndre Yedlin,FC Cincinnati,2025-2026,major-league,DF,31.0,68.3,59.307693,64.0
Jonathan Dean,Chicago Fire,2025-2026,major-league,DF,27.0,69.5,58.988655,65.0
Noah Allen,Inter Miami,2025-2026,major-league,DF,20.0,61.5,58.727566,66.0
Mikkel Desler,Austin,2025-2026,major-league,DF,30.0,60.3,58.520336,67.0
Kevin O'Toole,NYCFC,2025-2026,major-league,DF,26.0,63.9,58.19588,68.0
Malte Amundsen,Columbus Crew,2025-2026,major-league,DF,27.0,60.5,57.933384,69.0
Tristan Blackmon,Vancouver W'caps,2025-2026,major-league,DF,28.0,60.5,57.772835,70.0
Derek Dodson,D.C. United,2025-2026,major-league,DF,26.0,58.7,57.55824,71.0
Oleksandr Svatok,Austin,2025-2026,major-league,DF,30.0,62.7,57.17745,72.0
Walker Zimmerman,Nashville SC,2025-2026,major-league,DF,31.0,60.4,56.423904,73.0
Francis Westfield,Philadelphia Union,2025-2026,major-league,DF,19.0,58.8,56.337276,74.0
Jonathan Shore,NYCFC,2025-2026,major-league,DF,17.0,57.7,56.316677,75.0
Alexandros Katranis,Real Salt Lake,2025-2026,major-league,DF,26.0,55.4,56.30524,76.0
Mohamed Farsi,Columbus Crew,2025-2026,major-league,DF,25.0,55.7,56.252563,77.0
David Romney,SJ Earthquakes,2025-2026,major-league,DF,31.0,57.1,55.992916,78.0
Franco Negri,San Diego FC,2025-2026,major-league,DF,30.0,53.0,55.94571,79.0
Steven Moreira,Columbus Crew,2025-2026,major-league,DF,30.0,57.2,55.615845,80.0
Derrick Williams,Atlanta Utd,2025-2026,major-league,DF,32.0,54.8,55.473923,81.0
Sebastien Ibeagha,FC Dallas,2025-2026,major-league,DF,33.0,57.5,55.22908,82.0
Sam Rogers,Chicago Fire,2025-2026,major-league,DF,25.0,52.8,54.987484,83.0
Sean Nealis,NY Red Bulls,2025-2026,major-league,DF,28.0,55.9,54.712444,84.0
Omar Valencia,NY Red Bulls,2025-2026,major-league,DF,20.0,55.1,54.401093,85.0
Jackson Ragen,Seattle Sounders,2025-2026,major-league,DF,26.0,55.2,54.2842,86.0
Brayan Vera,Real Salt Lake,2025-2026,major-league,DF,26.0,52.7,54.165436,87.0
Joel Waterman,CF Montréal,2025-2026,major-league,DF,29.0,58.8,54.123302,88.0
Matthew Longstaff,Toronto FC,2025-2026,major-league,DF,24.0,50.8,54.091858,89.0
Sigurd Rosted,Toronto FC,2025-2026,major-league,DF,30.0,58.4,53.990124,90.0
Chidozie Awaziem,Colorado Rapids,2025-2026,major-league,DF,28.0,53.4,53.84857,91.0
Marcelo Weigandt,Inter Miami,2025-2026,major-league,DF,25.0,51.4,53.433517,92.0
Kamal Miller,Portland Timbers,2025-2026,major-league,DF,27.0,53.1,53.40449,93.0
Marco Farfan,FC Dallas,2025-2026,major-league,DF,26.0,51.5,53.379654,94.0
Michael Boxall,Minnesota Utd,2025-2026,major-league,DF,36.0,52.7,53.262356,95.0
Tim Ream,Charlotte,2025-2026,major-league,DF,37.0,56.0,53.24164,96.0
Jon Gallagher,Austin,2025-2026,major-league,DF,29.0,52.7,53.143093,97.0
Raoul Petretta,Toronto FC,2025-2026,major-league,DF,27.0,53.2,52.97815,98.0
Nkosi Tafari,LAFC,2025-2026,major-league,DF,27.0,51.0,52.781994,99.0
Tomás Avilés,Inter Miami,2025-2026,major-league,DF,21.0,48.6,52.026924,100.0
Brendan Hines-Ike,Austin,2025-2026,major-league,DF,30.0,49.4,51.64403,101.0
Tim Leibold,Sporting KC,2025-2026,major-league,DF,31.0,49.9,51.54378,102.0
Kevin Long,Toronto FC,2025-2026,major-league,DF,34.0,53.0,51.409325,103.0
Gonzalo Luján,Inter Miami,2025-2026,major-league,DF,23.0,49.4,51.401234,104.0
Julián Aude,LA Galaxy,2025-2026,major-league,DF,21.0,45.5,51.392963,105.0
Ranko Veselinović,Vancouver W'caps,2025-2026,major-league,DF,25.0,46.0,50.98254,106.0
Mitja Ilenič,NYCFC,2025-2026,major-league,DF,20.0,48.5,50.764866,107.0
Ronald Hernández,Atlanta Utd,2025-2026,major-league,DF,27.0,48.3,50.72607,108.0
Andrew Brody,Sporting KC,2025-2026,major-league,DF,29.0,44.3,50.451744,109.0
Robert Voloder,Sporting KC,2025-2026,major-league,DF,23.0,47.0,50.112057,110.0
Rafael Santos,Orlando City,2025-2026,major-league,DF,27.0,47.4,49.797688,111.0
Mathias Jørgensen,LA Galaxy,2025-2026,major-league,DF,34.0,41.9,49.70548,112.0
John Nelson,LA Galaxy,2025-2026,major-league,DF,26.0,46.0,49.514896,113.0
Jamar Ricketts,SJ Earthquakes,2025-2026,major-league,DF,23.0,47.3,49.513515,114.0
Erik Sviatchenko,Houston Dynamo,2025-2026,major-league,DF,33.0,46.8,49.466476,115.0
Kyle Smith,Orlando City,2025-2026,major-league,DF,33.0,44.7,48.374718,116.0
Andrew Privett,Charlotte,2025-2026,major-league,DF,24.0,43.7,47.6287,117.0
Tom Pearce,CF Montréal,2025-2026,major-league,DF,26.0,44.6,47.61453,118.0
Paddy McNair,San Diego FC,2025-2026,major-league,DF,29.0,43.3,47.590916,119.0
Gilberto Flores,FC Cincinnati,2025-2026,major-league,DF,21.0,36.8,47.5544,120.0
Ethan Bartlow,Houston Dynamo,2025-2026,major-league,DF,25.0,43.3,47.440624,121.0
Jack Maher,Nashville SC,2025-2026,major-league,DF,25.0,44.3,47.094547,122.0
Devin Padelford,Minnesota Utd,2025-2026,major-league,DF,22.0,44.4,46.823055,123.0
Jacob Murrell,D.C. United,2025-2026,major-league,DF,20.0,43.8,46.230927,124.0
Ian Murphy,Colorado Rapids,2025-2026,major-league,DF,25.0,34.9,45.804504,125.0
Sam Junqua,Real Salt Lake,2025-2026,major-league,DF,28.0,42.1,45.494522,126.0
Carlos Terán,Chicago Fire,2025-2026,major-league,DF,24.0,42.2,45.263626,127.0
Morris Duggan,Minnesota Utd,2025-2026,major-league,DF,24.0,42.3,45.258087,128.0
Birk Risa,NYCFC,2025-2026,major-league,DF,27.0,40.9,44.79926,129.0
Kyle Hiebert,St. Louis,2025-2026,major-league,DF,27.0,41.1,44.596973,130.0
Bruno Wilson,SJ Earthquakes,2025-2026,major-league,DF,28.0,39.2,42.931835,131.0
Julio Cascante,Austin,2025-2026,major-league,DF,31.0,39.9,42.341316,132.0
Fernando Álvarez,CF Montréal,2025-2026,major-league,DF,21.0,36.1,42.152283,133.0
Brandon Bye,NE Revolution,2025-2026,major-league,DF,29.0,40.2,42.13358,134.0
Jon Bell,Seattle Sounders,2025-2026,major-league,DF,27.0,38.0,42.115833,135.0
Zane Monlouis,Toronto FC,2025-2026,major-league,DF,21.0,32.9,41.988228,136.0
Nathan Byrne,Charlotte,2025-2026,major-league,DF,32.0,40.6,41.95014,137.0
Matthew Edwards,Atlanta Utd,2025-2026,major-league,DF,22.0,38.3,41.74875,138.0
Ian Pilcher,San Diego FC,2025-2026,major-league,DF,21.0,38.9,41.53743,139.0
Ian Smith,Portland Timbers,2025-2026,major-league,DF,22.0,39.2,41.175816,140.0
Richie Laryea,Toronto FC,2025-2026,major-league,DF,30.0,35.3,40.497765,141.0
Noah Cobb,Atlanta Utd,2025-2026,major-league,DF,19.0,35.1,39.86615,142.0
Luis Abram,Atlanta Utd,2025-2026,major-league,DF,29.0,33.3,39.236816,143.0
Joshua Yaro,St. Louis,2025-2026,major-league,DF,30.0,34.2,38.694496,144.0
Philip Quinton,Real Salt Lake,2025-2026,major-league,DF,25.0,34.7,38.132275,145.0
Olivier Mbaizo,Philadelphia Union,2025-2026,major-league,DF,27.0,34.6,38.11561,146.0
Henry Kessler,St. Louis,2025-2026,major-league,DF,26.0,32.7,38.012524,147.0
Strahinja Tanasijević,NYCFC,2025-2026,major-league,DF,27.0,31.2,36.673706,148.0
Joaquín Fernández,Sporting KC,2025-2026,major-league,DF,28.0,31.1,36.651222,149.0
Lionel Messi,Inter Miami,2025-2026,major-league,FW,37.0,88.3,80.51168,1.0
Denis Bouanga,LAFC,2025-2026,major-league,FW,30.0,86.9,76.88682,2.0
Anders Dreyer,San Diego FC,2025-2026,major-league,FW,26.0,85.4,76.5134,3.0
Hirving Lozano,San Diego FC,2025-2026,major-league,FW,29.0,81.3,72.55974,4.0
Hany Mukhtar,Nashville SC,2025-2026,major-league,FW,29.0,81.3,71.789024,5.0
Petar Musa,FC Dallas,2025-2026,major-league,FW,27.0,81.2,71.07688,6.0
Sam Surridge,Nashville SC,2025-2026,major-league,FW,26.0,79.7,70.60862,7.0
Preston Judd,SJ Earthquakes,2025-2026,major-league,FW,25.0,75.1,69.055695,8.0
Tai Baribo,Philadelphia Union,2025-2026,major-league,FW,27.0,75.4,68.531494,9.0
Olivier Giroud,LAFC,2025-2026,major-league,FW,38.0,71.0,68.02448,10.0
Djordje Mihailovic,Colorado Rapids,2025-2026,major-league,FW,26.0,73.1,67.84557,11.0
Tadeo Allende,Inter Miami,2025-2026,major-league,FW,26.0,75.4,67.785645,12.0
Diego Rossi,Columbus Crew,2025-2026,major-league,FW,27.0,74.9,67.69359,13.0
Jordan Morris,Seattle Sounders,2025-2026,major-league,FW,30.0,69.3,67.22552,14.0
Ramiro Enrique,Orlando City,2025-2026,major-league,FW,23.0,72.9,67.14028,15.0
Philip Zinckernagel,Chicago Fire,2025-2026,major-league,FW,30.0,79.2,67.00272,16.0
Eric Maxim Choupo-Moting,NY Red Bulls,2025-2026,major-league,FW,35.0,77.1,66.72274,17.0
Luis Suárez,Inter Miami,2025-2026,major-league,FW,38.0,75.3,66.623695,18.0
Alonso Martínez,NYCFC,2025-2026,major-league,FW,26.0,74.8,66.24798,19.0
Pep Biel,Charlotte,2025-2026,major-league,FW,28.0,74.0,66.16429,20.0
Hugo Cuypers,Chicago Fire,2025-2026,major-league,FW,28.0,74.4,66.017075,21.0
Patrick Agyemang,Charlotte,2025-2026,major-league,FW,24.0,68.5,65.71428,22.0
Dejan Joveljić,Sporting KC,2025-2026,major-league,FW,25.0,71.4,65.309166,23.0
Cristian Arango,SJ Earthquakes,2025-2026,major-league,FW,29.0,71.3,65.02103,24.0
Prince Osei Owusu,CF Montréal,2025-2026,major-league,FW,28.0,70.7,64.83494,25.0
Federico Bernardeschi,Toronto FC,2025-2026,major-league,FW,31.0,62.9,64.721176,26.0
Marco Pašalić,Orlando City,2025-2026,major-league,FW,24.0,69.5,64.59142,27.0
Jamal Thiaré,Atlanta Utd,2025-2026,major-league,FW,31.0,65.5,64.53088,28.0
Luis Muriel,Orlando City,2025-2026,major-league,FW,33.0,71.9,64.40224,29.0
Rafael Navarro,Colorado Rapids,2025-2026,major-league,FW,24.0,68.6,64.318214,30.0
Bruno Damiani,Philadelphia Union,2025-2026,major-league,FW,22.0,67.6,64.2401,31.0
Diego Luna,Real Salt Lake,2025-2026,major-league,FW,21.0,61.4,63.96622,32.0
Georgi Minoungou,Seattle Sounders,2025-2026,major-league,FW,22.0,65.1,63.925465,33.0
Josef Martínez,SJ Earthquakes,2025-2026,major-league,FW,31.0,72.8,63.891743,34.0
Tani Oluwaseyi,Minnesota Utd,2025-2026,major-league,FW,24.0,70.7,62.550713,35.0
Brian White,Vancouver W'caps,2025-2026,major-league,FW,29.0,74.8,62.479134,36.0
Julián Fernández,NYCFC,2025-2026,major-league,FW,21.0,61.6,62.423435,37.0
Kévin Denkey,FC Cincinnati,2025-2026,major-league,FW,24.0,63.9,62.009506,38.0
Miguel Berry,LA Galaxy,2025-2026,major-league,FW,27.0,60.8,61.64354,39.0
Simon Becher,St. Louis,2025-2026,major-league,FW,25.0,60.5,61.543106,40.0
Mikael Uhre,Philadelphia Union,2025-2026,major-league,FW,30.0,64.2,61.422928,41.0
David Martínez,LAFC,2025-2026,major-league,FW,19.0,60.3,61.166534,42.0
Jonathan Bamba,Chicago Fire,2025-2026,major-league,FW,28.0,61.5,61.07792,43.0
Jayden Nelson,Vancouver W'caps,2025-2026,major-league,FW,22.0,60.4,61.03931,44.0
Kelvin Yeboah,Minnesota Utd,2025-2026,major-league,FW,24.0,61.8,60.892433,45.0
Nathan Ordaz,LAFC,2025-2026,major-league,FW,21.0,64.3,60.19579,46.0
Miguel Almirón,Atlanta Utd,2025-2026,major-league,FW,31.0,62.2,59.88701,47.0
Myrto Uzuni,Austin,2025-2026,major-league,FW,29.0,61.0,59.52135,48.0
Brandon Vazquez,Austin,2025-2026,major-league,FW,26.0,56.9,59.44456,49.0
Hannes Wolf,NYCFC,2025-2026,major-league,FW,25.0,60.9,59.36494,50.0
Jacen Russell-Rowe,Columbus Crew,2025-2026,major-league,FW,22.0,59.8,59.141205,51.0
Christian Benteke,D.C. United,2025-2026,major-league,FW,34.0,63.6,58.801533,52.0
Jeremy Ebobisse,LAFC,2025-2026,major-league,FW,28.0,58.8,58.214027,53.0
Owen Wolff,Austin,2025-2026,major-league,FW,20.0,58.1,58.178795,54.0
Pedro De la Vega,Seattle Sounders,2025-2026,major-league,FW,24.0,57.4,58.034153,55.0
Dániel Sallói,Sporting KC,2025-2026,major-league,FW,28.0,57.5,56.87791,56.0
Deandre Kerr,Toronto FC,2025-2026,major-league,FW,22.0,54.7,56.73209,57.0
Pedrinho,FC Dallas,2025-2026,major-league,FW,21.0,56.0,56.51543,58.0
Felipe Mora,Portland Timbers,2025-2026,major-league,FW,31.0,58.1,56.437737,59.0
Jesús Ferreira,Seattle Sounders,2025-2026,major-league,FW,24.0,52.6,56.009014,60.0
Ousseni Bouda,SJ Earthquakes,2025-2026,major-league,FW,24.0,53.1,54.95335,61.0
Marcus Ingvartsen,San Diego FC,2025-2026,major-league,FW,29.0,51.7,54.63528,62.0
Aziel Jackson,Columbus Crew,2025-2026,major-league,FW,23.0,48.7,54.282738,63.0
Tomas Ángel,San Diego FC,2025-2026,major-league,FW,22.0,47.3,54.028057,64.0
Anderson Julio,FC Dallas,2025-2026,major-league,FW,28.0,50.5,54.0,65.0
Mohammed Sofo,NY Red Bulls,2025-2026,major-league,FW,20.0,50.5,53.77123,66.0
Diogo Gonçalves,Real Salt Lake,2025-2026,major-league,FW,28.0,51.5,53.517338,67.0
Calvin Harris,Colorado Rapids,2025-2026,major-league,FW,24.0,50.8,53.4733,68.0
Logan Farrington,FC Dallas,2025-2026,major-league,FW,23.0,50.7,53.04026,69.0
Paul Rothrock,Seattle Sounders,2025-2026,major-league,FW,26.0,50.0,52.58871,70.0
Iván Angulo,Orlando City,2025-2026,major-league,FW,25.0,49.7,52.427753,71.0
Leonardo Campana,NE Revolution,2025-2026,major-league,FW,24.0,49.5,52.17387,72.0
Ezequiel Ponce,Houston Dynamo,2025-2026,major-league,FW,27.0,48.4,51.90808,73.0
Christian Ramirez,LA Galaxy,2025-2026,major-league,FW,33.0,48.6,50.906555,74.0
Kevin Kelsy,Portland Timbers,2025-2026,major-league,FW,20.0,47.3,50.656303,75.0
Emmanuel Latte Lath,Atlanta Utd,2025-2026,major-league,FW,26.0,47.2,50.376934,76.0
Ignatius Ganago,NE Revolution,2025-2026,major-league,FW,26.0,46.2,50.365574,77.0
Fabian Herbers,CF Montréal,2025-2026,major-league,FW,31.0,35.7,49.931442,78.0
Bernard Kamungo,FC Dallas,2025-2026,major-league,FW,23.0,44.2,49.613052,79.0
Erik Thommy,Sporting KC,2025-2026,major-league,FW,30.0,47.0,49.207653,80.0
Nicolás Lodeiro,Houston Dynamo,2025-2026,major-league,FW,35.0,41.2,48.47852,81.0
Omari Glasgow,Chicago Fire,2025-2026,major-league,FW,21.0,31.9,47.827858,82.0
Amine Bassi,Houston Dynamo,2025-2026,major-league,FW,27.0,41.9,47.7816,83.0
Lucas Sanabria,LA Galaxy,2025-2026,major-league,FW,21.0,42.8,46.854008,84.0
Magomed-Shapi Suleymanov,Sporting KC,2025-2026,major-league,FW,25.0,41.7,46.419395,85.0
Ariel Lassiter,Portland Timbers,2025-2026,major-league,FW,30.0,41.7,46.10479,86.0
Jared Stroud,D.C. United,2025-2026,major-league,FW,28.0,41.9,45.76095,87.0
Cedric Teuchert,St. Louis,2025-2026,major-league,FW,28.0,42.3,45.234074,88.0
Monsef Bakrar,NYCFC,2025-2026,major-league,FW,24.0,39.1,44.03037,89.0
Diego Rubio,Austin,2025-2026,major-league,FW,31.0,40.6,43.438923,90.0
Caden Clark,CF Montréal,2025-2026,major-league,FW,21.0,40.8,42.940403,91.0
Yuya Kubo,FC Cincinnati,2025-2026,major-league,FW,31.0,38.0,42.89053,92.0
Dominik Marczuk,Real Salt Lake,2025-2026,major-league,FW,21.0,36.9,41.541504,93.0
Sebastian Kowalczyk,Houston Dynamo,2025-2026,major-league,FW,26.0,35.1,40.931507,94.0
William Agada,Sporting KC,2025-2026,major-league,FW,25.0,37.2,40.87521,95.0
Alejandro Bedoya,Philadelphia Union,2025-2026,major-league,FW,37.0,37.4,40.08924,96.0
Kevin Cabral,Colorado Rapids,2025-2026,major-league,FW,25.0,31.7,39.00862,97.0
Ariath Piol,Real Salt Lake,2025-2026,major-league,FW,20.0,30.4,38.20754,98.0
Dayne St. Clair,Minnesota Utd,2025-2026,major-league,GK,27.0,84.6,71.79747,1.0
Kristijan Kahlina,Charlotte,2025-2026,major-league,GK,32.0,83.7,70.086174,2.0
Brad Stuver,Austin,2025-2026,major-league,GK,33.0,83.5,69.139626,3.0
Sean Johnson,Toronto FC,2025-2026,major-league,GK,35.0,80.1,67.09535,4.0
Roman Celentano,FC Cincinnati,2025-2026,major-league,GK,24.0,72.7,66.1061,5.0
Carlos Coronel,NY Red Bulls,2025-2026,major-league,GK,28.0,77.3,65.976814,6.0
Matt Freese,NYCFC,2025-2026,major-league,GK,26.0,74.8,65.94716,7.0
Yohei Takaoka,Vancouver W'caps,2025-2026,major-league,GK,28.0,77.3,65.65598,8.0
Joe Willis,Nashville SC,2025-2026,major-league,GK,36.0,65.5,61.91349,9.0
Stefan Frei,Seattle Sounders,2025-2026,major-league,GK,38.0,64.9,60.92169,10.0
Hugo Lloris,LAFC,2025-2026,major-league,GK,38.0,64.3,60.314594,11.0
Rafael Cabral,Real Salt Lake,2025-2026,major-league,GK,34.0,61.6,59.80166,12.0
James Pantemis,Portland Timbers,2025-2026,major-league,GK,28.0,59.8,59.17614,13.0
Andre Blake,Philadelphia Union,2025-2026,major-league,GK,34.0,66.0,59.123283,14.0
Pedro Gallese,Orlando City,2025-2026,major-league,GK,35.0,62.5,58.62029,15.0
Zack Steffen,Colorado Rapids,2025-2026,major-league,GK,29.0,55.7,56.590088,16.0
Roman Bürki,St. Louis,2025-2026,major-league,GK,34.0,52.7,53.764565,17.0
Patrick Schulte,Columbus Crew,2025-2026,major-league,GK,23.0,50.4,53.53239,18.0
Aljaž Ivačič,NE Revolution,2025-2026,major-league,GK,31.0,50.3,52.86249,19.0
Daniel,SJ Earthquakes,2025-2026,major-league,GK,30.0,49.7,52.039703,20.0
Jonathan Sirois,CF Montréal,2025-2026,major-league,GK,23.0,43.7,47.770508,21.0
John Pulskamp,Sporting KC,2025-2026,major-league,GK,23.0,43.7,46.929512,22.0
Óscar Ustari,Inter Miami,2025-2026,major-league,GK,38.0,41.8,46.014744,23.0
Maxime Crépeau,Portland Timbers,2025-2026,major-league,GK,30.0,39.4,45.039917,24.0
Novak Mićović,LA Galaxy,2025-2026,major-league,GK,23.0,34.0,43.54302,25.0
Brad Guzan,Atlanta Utd,2025-2026,major-league,GK,40.0,36.8,40.79537,26.0
Maarten Paes,FC Dallas,2025-2026,major-league,GK,26.0,32.9,39.888294,27.0
Carles Gil,NE Revolution,2025-2026,major-league,MF,32.0,86.2,77.981445,1.0
Martín Ojeda,Orlando City,2025-2026,major-league,MF,26.0,85.4,77.21683,2.0
Albert Rusnák,Seattle Sounders,2025-2026,major-league,MF,30.0,81.8,75.20896,3.0
Brian Gutiérrez,Chicago Fire,2025-2026,major-league,MF,21.0,84.4,74.83562,4.0
Eduard Löwen,St. Louis,2025-2026,major-league,MF,28.0,77.2,73.305725,5.0
Amahl Pellegrino,SJ Earthquakes,2025-2026,major-league,MF,34.0,78.8,72.59413,6.0
Joaquín Pereyra,Minnesota Utd,2025-2026,major-league,MF,26.0,83.0,71.49561,7.0
Wilfried Zaha,Charlotte,2025-2026,major-league,MF,32.0,83.9,71.48687,8.0
Marco Reus,LA Galaxy,2025-2026,major-league,MF,35.0,80.3,71.11956,9.0
Antony,Portland Timbers,2025-2026,major-league,MF,23.0,82.4,70.54285,10.0
Marcel Hartel,St. Louis,2025-2026,major-league,MF,29.0,79.5,70.43831,11.0
DeJuan Jones,Columbus Crew,2025-2026,major-league,MF,27.0,73.7,70.41998,12.0
Jonathan Perez,Nashville SC,2025-2026,major-league,MF,22.0,75.1,69.99599,13.0
Jack McGlynn,Houston Dynamo,2025-2026,major-league,MF,21.0,78.3,69.87273,14.0
Pedro Vite,Vancouver W'caps,2025-2026,major-league,MF,22.0,71.8,69.83674,15.0
Kerwin Vargas,Charlotte,2025-2026,major-league,MF,23.0,75.3,69.76691,16.0
Ali Ahmed,Vancouver W'caps,2025-2026,major-league,MF,24.0,80.2,69.4701,17.0
Luciano Acosta,FC Dallas,2025-2026,major-league,MF,30.0,77.1,69.255,18.0
Telasco Segovia,Inter Miami,2025-2026,major-league,MF,21.0,77.7,69.20962,19.0
Emil Forsberg,NY Red Bulls,2025-2026,major-league,MF,33.0,80.6,69.09391,20.0
Quinn Sullivan,Philadelphia Union,2025-2026,major-league,MF,20.0,77.1,68.94769,21.0
Robert Taylor,Inter Miami,2025-2026,major-league,MF,30.0,71.8,68.42792,22.0
Dániel Gazdag,Philadelphia Union,2025-2026,major-league,MF,29.0,76.6,68.34248,23.0
Gabriel Pirani,D.C. United,2025-2026,major-league,MF,22.0,75.7,68.15817,24.0
Maximiliano Urruti,NE Revolution,2025-2026,major-league,MF,34.0,71.6,67.832405,25.0
Célio Pompeu,St. Louis,2025-2026,major-league,MF,25.0,69.0,66.608864,26.0
Sebastian Berhalter,Vancouver W'caps,2025-2026,major-league,MF,23.0,75.9,65.94777,27.0
Beau Leroux,SJ Earthquakes,2025-2026,major-league,MF,21.0,74.8,65.85711,28.0
Indiana Vassilev,Philadelphia Union,2025-2026,major-league,MF,24.0,72.8,65.70971,29.0
Osman Bukari,Austin,2025-2026,major-league,MF,26.0,71.7,65.56328,30.0
Onni Valakari,San Diego FC,2025-2026,major-league,MF,25.0,75.7,64.73039,31.0
Manu García,Sporting KC,2025-2026,major-league,MF,27.0,71.8,64.59168,32.0
Omir Fernandez,Colorado Rapids,2025-2026,major-league,MF,26.0,68.0,64.48973,33.0
Liel Abada,Charlotte,2025-2026,major-league,MF,23.0,71.8,64.13212,34.0
Dominique Badji,D.C. United,2025-2026,major-league,MF,32.0,63.2,63.599125,35.0
Robin Lod,Minnesota Utd,2025-2026,major-league,MF,31.0,73.6,63.466568,36.0
Eduard Atuesta,Orlando City,2025-2026,major-league,MF,27.0,70.2,63.459663,37.0
Cole Bassett,Colorado Rapids,2025-2026,major-league,MF,23.0,69.8,63.37657,38.0
Keaton Parks,NYCFC,2025-2026,major-league,MF,27.0,65.0,63.222656,39.0
Daniel Pereira,Austin,2025-2026,major-league,MF,24.0,65.8,63.09175,40.0
Corey Baird,FC Cincinnati,2025-2026,major-league,MF,29.0,62.5,62.794975,41.0
Braian Ojeda,Real Salt Lake,2025-2026,major-league,MF,24.0,68.9,62.712154,42.0
Luca Langoni,NE Revolution,2025-2026,major-league,MF,23.0,66.7,61.628315,43.0
Ola Brynhildsen,Toronto FC,2025-2026,major-league,MF,25.0,63.5,61.549603,44.0
Ahmed Qasem,Nashville SC,2025-2026,major-league,MF,21.0,63.8,61.36755,45.0
Obed Vargas,Seattle Sounders,2025-2026,major-league,MF,19.0,63.9,60.912178,46.0
Dylan Chambost,Columbus Crew,2025-2026,major-league,MF,27.0,66.9,60.846455,47.0
Jáder Obrian,Austin,2025-2026,major-league,MF,29.0,62.5,60.65437,48.0
Diego Fagúndez,LA Galaxy,2025-2026,major-league,MF,30.0,64.5,60.424793,49.0
Cristian Roldan,Seattle Sounders,2025-2026,major-league,MF,29.0,68.4,60.358685,50.0
Patrickson Delgado,FC Dallas,2025-2026,major-league,MF,21.0,66.1,60.217754,51.0
Alex Muyl,Nashville SC,2025-2026,major-league,MF,29.0,66.4,59.918465,52.0
Danny Leyva,Seattle Sounders,2025-2026,major-league,MF,21.0,57.6,59.66603,53.0
Andrés Perea,NYCFC,2025-2026,major-league,MF,24.0,65.9,59.445286,54.0
Pavel Bucha,FC Cincinnati,2025-2026,major-league,MF,26.0,62.8,59.376522,55.0
Jeevan Badwal,Vancouver W'caps,2025-2026,major-league,MF,18.0,60.4,59.26149,56.0
Luca de la Torre,San Diego FC,2025-2026,major-league,MF,26.0,60.2,59.244267,57.0
Tristan Muyumba,Atlanta Utd,2025-2026,major-league,MF,28.0,59.1,58.632374,58.0
Memo Rodriguez,Sporting KC,2025-2026,major-league,MF,29.0,57.2,58.60802,59.0
Randall Leal,D.C. United,2025-2026,major-league,MF,28.0,57.5,58.55533,60.0
Connor Ronan,Colorado Rapids,2025-2026,major-league,MF,27.0,57.0,57.950333,61.0
Jonathan Osorio,Toronto FC,2025-2026,major-league,MF,32.0,60.3,57.916653,62.0
Pablo Ruíz,Real Salt Lake,2025-2026,major-league,MF,26.0,57.7,57.61071,63.0
Victor Loturi,CF Montréal,2025-2026,major-league,MF,23.0,59.8,57.585617,64.0
Oliver Larraz,Colorado Rapids,2025-2026,major-league,MF,23.0,62.1,57.273556,65.0
Jeppe Tverskov,San Diego FC,2025-2026,major-league,MF,31.0,68.5,57.0808,66.0
Hosei Kijima,D.C. United,2025-2026,major-league,MF,22.0,58.0,57.064228,67.0
Bryce Duke,CF Montréal,2025-2026,major-league,MF,24.0,54.5,55.63468,68.0
Alhassan Yusuf,NE Revolution,2025-2026,major-league,MF,24.0,58.0,54.742336,69.0
Mark-Anthony Kaye,SJ Earthquakes,2025-2026,major-league,MF,30.0,50.5,54.67255,70.0
Elijah Wynder,LA Galaxy,2025-2026,major-league,MF,21.0,50.3,54.61615,71.0
Jovan Lukić,Philadelphia Union,2025-2026,major-league,MF,23.0,56.4,54.33355,72.0
Cristhian Paredes,Portland Timbers,2025-2026,major-league,MF,26.0,54.9,53.782875,73.0
Akil Watts,St. Louis,2025-2026,major-league,MF,25.0,52.9,53.775528,74.0
Brandt Bronico,Charlotte,2025-2026,major-league,MF,29.0,59.0,53.73975,75.0
Sergio Oregel,Chicago Fire,2025-2026,major-league,MF,19.0,53.6,53.53126,76.0
Besard Sabovic,Austin,2025-2026,major-league,MF,27.0,52.2,53.396877,77.0
Sebastian Lletget,FC Dallas,2025-2026,major-league,MF,32.0,54.2,53.26775,78.0
Felipe Carballo,NY Red Bulls,2025-2026,major-league,MF,28.0,49.9,53.232586,79.0
Ajani Fortune,Atlanta Utd,2025-2026,major-league,MF,22.0,51.9,53.031,80.0
Patrick Yazbek,Nashville SC,2025-2026,major-league,MF,22.0,53.9,52.728424,81.0
Ralph Priso-Mbongue,Vancouver W'caps,2025-2026,major-league,MF,22.0,51.4,51.845135,82.0
Ian Harkes,SJ Earthquakes,2025-2026,major-league,MF,29.0,55.2,51.83853,83.0
Alonso Coello,Toronto FC,2025-2026,major-league,MF,25.0,53.0,51.830822,84.0
David Ayala,Portland Timbers,2025-2026,major-league,MF,22.0,54.2,50.955933,85.0
Sergio Busquets,Inter Miami,2025-2026,major-league,MF,36.0,57.8,50.732796,86.0
Bartosz Slisz,Atlanta Utd,2025-2026,major-league,MF,25.0,51.7,50.52603,87.0
Peter Stroud,NY Red Bulls,2025-2026,major-league,MF,22.0,50.7,50.375145,88.0
Djibril Diani,Charlotte,2025-2026,major-league,MF,27.0,49.6,50.106728,89.0
Deybi Flores,Toronto FC,2025-2026,major-league,MF,28.0,50.2,49.75616,90.0
Hassani Dotson,Minnesota Utd,2025-2026,major-league,MF,27.0,48.5,49.099945,91.0
Justin Haak,NYCFC,2025-2026,major-league,MF,23.0,53.5,48.946644,92.0
Edwin Cerrillo,LA Galaxy,2025-2026,major-league,MF,24.0,49.5,48.82973,93.0
Joshua Atencio,Colorado Rapids,2025-2026,major-league,MF,23.0,46.6,48.261883,94.0
Emeka Eneli,Real Salt Lake,2025-2026,major-league,MF,25.0,47.4,47.92363,95.0
Zorhan Bassong,Sporting KC,2025-2026,major-league,MF,25.0,46.8,47.79218,96.0
Aníbal Godoy,San Diego FC,2025-2026,major-league,MF,35.0,50.1,47.764465,97.0
Mauricio Pineda,Chicago Fire,2025-2026,major-league,MF,27.0,46.8,46.81258,98.0
César Araujo,Orlando City,2025-2026,major-league,MF,23.0,46.1,46.774338,99.0
Sean Zawadzki,Columbus Crew,2025-2026,major-league,MF,24.0,44.9,46.597904,100.0
Yaw Yeboah,LAFC,2025-2026,major-league,MF,27.0,44.1,46.349545,101.0
Eryk Williamson,Charlotte,2025-2026,major-league,MF,27.0,42.3,46.189102,102.0
Ashley Westwood,Charlotte,2025-2026,major-league,MF,34.0,49.0,46.158085,103.0
Andrés Cubas,Vancouver W'caps,2025-2026,major-league,MF,28.0,46.0,45.427704,104.0
Brandon Servania,D.C. United,2025-2026,major-league,MF,25.0,44.6,44.293957,105.0
Jahkeele Marshall-Rutty,CF Montréal,2025-2026,major-league,MF,20.0,43.0,43.99631,106.0
Mateusz Klich,Atlanta Utd,2025-2026,major-league,MF,34.0,38.1,43.886185,107.0
Daniel Edelman,NY Red Bulls,2025-2026,major-league,MF,21.0,41.6,43.22845,108.0
Wil Trapp,Minnesota Utd,2025-2026,major-league,MF,32.0,44.7,43.09711,109.0
Brian Anunga,FC Cincinnati,2025-2026,major-league,MF,28.0,41.5,42.80447,110.0
Yannick Bright,Inter Miami,2025-2026,major-league,MF,23.0,42.4,42.68125,111.0
Artur,Houston Dynamo,2025-2026,major-league,MF,28.0,44.2,42.219406,112.0
Ilie Sánchez,Austin,2025-2026,major-league,MF,34.0,41.7,42.057003,113.0
Alfredo Morales,St. Louis,2025-2026,major-league,MF,34.0,41.2,41.05763,114.0
Isaiah Parente,LA Galaxy,2025-2026,major-league,MF,24.0,38.0,40.76983,115.0
Boris Enow,D.C. United,2025-2026,major-league,MF,24.0,39.2,40.591366,116.0
Jackson Yueill,NE Revolution,2025-2026,major-league,MF,27.0,28.4,39.897995,117.0
Federico Redondo,Inter Miami,2025-2026,major-league,MF,22.0,36.1,39.193203,118.0
Darlington Nagbe,Columbus Crew,2025-2026,major-league,MF,34.0,40.1,39.088936,119.0
Nicolás Dubersarsky,Austin,2025-2026,major-league,MF,20.0,33.1,38.624977,120.0
Nemanja Radoja,Sporting KC,2025-2026,major-league,MF,32.0,34.8,38.49776,121.0
Jacob Bartlett,Sporting KC,2025-2026,major-league,MF,19.0,35.2,37.27728,122.0
Kellyn Acosta,Chicago Fire,2025-2026,major-league,MF,29.0,31.9,37.22865,123.0
Samuel Piette,CF Montréal,2025-2026,major-league,MF,30.0,34.9,36.90725,124.0
Joran Gerbet,Orlando City,2025-2026,major-league,MF,23.0,32.5,36.45366,125.0
Matti Peltola,D.C. United,2025-2026,major-league,MF,22.0,33.1,36.38841,126.0
Diego Chará,Portland Timbers,2025-2026,major-league,MF,38.0,34.7,35.169674,127.0
Nelson Palacio,Real Salt Lake,2025-2026,major-league,MF,23.0,30.9,34.278446,128.0
Obinna Nwobodo,FC Cincinnati,2025-2026,major-league,MF,28.0,33.0,33.494045,129.0
Adrien Truffert,Bournemouth,2025-2026,premier-league,DF,23.0,92.6,82.84645,1.0
Marc Guéhi,Manchester City,2025-2026,premier-league,DF,25.0,90.6,80.62688,2.0
Neco Williams,Nottingham Forest,2025-2026,premier-league,DF,24.0,91.2,79.67439,3.0
Marcos Senesi,Bournemouth,2025-2026,premier-league,DF,28.0,90.6,79.41956,4.0
Jan Paul van Hecke,Brighton,2025-2026,premier-league,DF,25.0,89.5,78.41872,5.0
Jurriën Timber,Arsenal,2025-2026,premier-league,DF,24.0,89.8,78.14047,6.0
Reece James,Chelsea,2025-2026,premier-league,DF,25.0,88.1,77.364,7.0
Nordi Mukiele,Sunderland,2025-2026,premier-league,DF,27.0,90.1,76.718544,8.0
Maxence Lacroix,Crystal Palace,2025-2026,premier-league,DF,25.0,87.8,75.59783,9.0
Nathan Collins,Brentford,2025-2026,premier-league,DF,24.0,82.9,74.53566,10.0
Diogo Dalot,Manchester Utd,2025-2026,premier-league,DF,26.0,83.1,74.228584,11.0
Malick Thiaw,Newcastle United,2025-2026,premier-league,DF,23.0,86.8,74.15593,12.0
Pedro Porro,Tottenham Hotspur,2025-2026,premier-league,DF,25.0,88.1,73.97219,13.0
Malo Gusto,Chelsea,2025-2026,premier-league,DF,22.0,85.3,73.52242,14.0
Mats Wieffer,Brighton,2025-2026,premier-league,DF,25.0,87.2,72.98415,15.0
Michael Kayode,Brentford,2025-2026,premier-league,DF,21.0,83.2,72.17706,16.0
Matheus Nunes,Manchester City,2025-2026,premier-league,DF,26.0,85.8,72.0102,17.0
Nicolò Savona,Nottingham Forest,2025-2026,premier-league,DF,22.0,84.4,71.50508,18.0
Chris Richards,Crystal Palace,2025-2026,premier-league,DF,25.0,78.6,70.912964,19.0
Maxim De Cuyper,Brighton,2025-2026,premier-league,DF,24.0,81.1,70.77175,20.0
Nico O’Reilly,Manchester City,2025-2026,premier-league,DF,20.0,65.3,70.46203,21.0
Konstantinos Mavropanos,West Ham United,2025-2026,premier-league,DF,27.0,84.0,70.33038,22.0
Daniel Ballard,Sunderland,2025-2026,premier-league,DF,25.0,74.7,70.03938,23.0
Pascal Struijk,Leeds United,2025-2026,premier-league,DF,25.0,76.4,69.76985,24.0
Marc Cucurella,Chelsea,2025-2026,premier-league,DF,27.0,83.0,69.74565,25.0
Sepp van den Berg,Brentford,2025-2026,premier-league,DF,23.0,73.9,69.6421,26.0
Riccardo Calafiori,Arsenal,2025-2026,premier-league,DF,23.0,70.1,69.600815,27.0
Trevoh Chalobah,Chelsea,2025-2026,premier-league,DF,26.0,77.6,69.16405,28.0
Ian Maatsen,Aston Villa,2025-2026,premier-league,DF,23.0,71.4,69.06181,29.0
Lewis Hall,Newcastle United,2025-2026,premier-league,DF,20.0,80.4,68.83745,30.0
Marc Guéhi,Crystal Palace,2025-2026,premier-league,DF,25.0,80.0,68.71368,31.0
James Hill,Bournemouth,2025-2026,premier-league,DF,23.0,75.9,68.70123,32.0
Cristian Romero,Tottenham Hotspur,2025-2026,premier-league,DF,27.0,86.5,68.61004,33.0
Joachim Andersen,Fulham,2025-2026,premier-league,DF,29.0,76.7,68.6064,34.0
Matty Cash,Aston Villa,2025-2026,premier-league,DF,27.0,80.9,68.47978,35.0
Trai Hume,Sunderland,2025-2026,premier-league,DF,23.0,78.4,68.430595,36.0
Micky van de Ven,Tottenham Hotspur,2025-2026,premier-league,DF,24.0,78.0,68.27652,37.0
Ryan Sessegnon,Fulham,2025-2026,premier-league,DF,25.0,79.5,67.86796,38.0
Maxime Estève,Burnley,2025-2026,premier-league,DF,23.0,70.3,67.58476,39.0
James Tarkowski,Everton,2025-2026,premier-league,DF,32.0,85.0,67.31956,40.0
Omar Alderete,Sunderland,2025-2026,premier-league,DF,28.0,75.7,67.15565,41.0
Ferdi Kadioglu,Brighton,2025-2026,premier-league,DF,25.0,74.0,67.01907,42.0
Keane Lewis-Potter,Brentford,2025-2026,premier-league,DF,24.0,77.2,66.84456,43.0
El Hadji Malick Diouf,West Ham United,2025-2026,premier-league,DF,20.0,71.7,66.74225,44.0
Ibrahima Konaté,Liverpool,2025-2026,premier-league,DF,26.0,73.9,66.71954,45.0
Yerson Mosquera,Wolves,2025-2026,premier-league,DF,24.0,76.6,66.66529,46.0
Antonee Robinson,Fulham,2025-2026,premier-league,DF,27.0,70.0,66.435616,47.0
Álex Jiménez,Bournemouth,2025-2026,premier-league,DF,20.0,74.5,66.431656,48.0
Gabriel Gudmundsson,Leeds United,2025-2026,premier-league,DF,26.0,72.1,66.11867,49.0
Luke Shaw,Manchester Utd,2025-2026,premier-league,DF,30.0,81.3,66.016495,50.0
James Justin,Leeds United,2025-2026,premier-league,DF,27.0,81.1,65.95287,51.0
Calvin Bassey,Fulham,2025-2026,premier-league,DF,25.0,70.5,65.68924,52.0
Milos Kerkez,Liverpool,2025-2026,premier-league,DF,21.0,67.9,65.55687,53.0
Santiago Bueno,Wolves,2025-2026,premier-league,DF,26.0,75.4,65.43352,54.0
Oliver Scarles,West Ham United,2025-2026,premier-league,DF,19.0,60.9,65.27125,55.0
Michael Keane,Everton,2025-2026,premier-league,DF,32.0,82.3,65.03962,56.0
Piero Hincapié,Arsenal,2025-2026,premier-league,DF,23.0,72.4,64.73914,57.0
William Saliba,Arsenal,2025-2026,premier-league,DF,24.0,65.6,64.58235,58.0
Djed Spence,Tottenham Hotspur,2025-2026,premier-league,DF,24.0,64.0,64.506516,59.0
Timothy Castagne,Fulham,2025-2026,premier-league,DF,29.0,65.2,64.075485,60.0
Jarrad Branthwaite,Everton,2025-2026,premier-league,DF,23.0,69.9,64.0369,61.0
Murillo,Nottingham Forest,2025-2026,premier-league,DF,23.0,67.1,63.91569,62.0
Jake O'Brien,Everton,2025-2026,premier-league,DF,24.0,65.2,63.775684,63.0
Joe Rodon,Leeds United,2025-2026,premier-league,DF,27.0,69.3,63.64494,64.0
Jeremie Frimpong,Liverpool,2025-2026,premier-league,DF,24.0,57.5,63.511913,65.0
Sven Botman,Newcastle United,2025-2026,premier-league,DF,25.0,68.9,63.472073,66.0
Ladislav Krejčí,Wolves,2025-2026,premier-league,DF,26.0,71.8,63.383286,67.0
Quilindschy Hartman,Burnley,2025-2026,premier-league,DF,23.0,77.5,63.33661,68.0
Chadi Riad,Crystal Palace,2025-2026,premier-league,DF,22.0,69.4,63.277866,69.0
Morato,Nottingham Forest,2025-2026,premier-league,DF,24.0,59.3,62.756344,70.0
Virgil van Dijk,Liverpool,2025-2026,premier-league,DF,34.0,81.4,62.629364,71.0
Leny Yoro,Manchester Utd,2025-2026,premier-league,DF,19.0,60.7,62.518703,72.0
Joško Gvardiol,Manchester City,2025-2026,premier-league,DF,23.0,62.6,62.389797,73.0
Nikola Milenković,Nottingham Forest,2025-2026,premier-league,DF,27.0,63.8,62.298973,74.0
Vitaliy Mykolenko,Everton,2025-2026,premier-league,DF,26.0,68.0,62.103867,75.0
Kenny Tete,Fulham,2025-2026,premier-league,DF,29.0,70.7,62.00856,76.0
Matthijs de Ligt,Manchester Utd,2025-2026,premier-league,DF,25.0,55.5,61.939,77.0
Jair Cunha,Nottingham Forest,2025-2026,premier-league,DF,20.0,49.8,61.913773,78.0
Jaydee Canvot,Crystal Palace,2025-2026,premier-league,DF,19.0,56.1,61.7706,79.0
Jaka Bijol,Leeds United,2025-2026,premier-league,DF,26.0,65.8,61.696377,80.0
Wesley Fofana,Chelsea,2025-2026,premier-league,DF,24.0,63.8,61.61623,81.0
Noussair Mazraoui,Manchester Utd,2025-2026,premier-league,DF,27.0,48.4,61.55324,82.0
Kyle Walker-Peters,West Ham United,2025-2026,premier-league,DF,28.0,59.6,61.53489,83.0
Andrew Robertson,Liverpool,2025-2026,premier-league,DF,31.0,55.3,61.45859,84.0
Axel Disasi,West Ham United,2025-2026,premier-league,DF,27.0,53.3,61.445568,85.0
Conor Bradley,Liverpool,2025-2026,premier-league,DF,22.0,50.0,61.429573,86.0
Valentino Livramento,Newcastle United,2025-2026,premier-league,DF,22.0,54.0,61.331146,87.0
Jorrel Hato,Chelsea,2025-2026,premier-league,DF,19.0,54.2,61.23443,88.0
Lutsharel Geertruida,Sunderland,2025-2026,premier-league,DF,25.0,58.0,60.993305,89.0
Abdukodir Khusanov,Manchester City,2025-2026,premier-league,DF,21.0,56.0,60.612232,90.0
Radu Drăgușin,Tottenham Hotspur,2025-2026,premier-league,DF,23.0,45.8,60.48883,91.0
Jean-Clair Todibo,West Ham United,2025-2026,premier-league,DF,25.0,58.1,60.438984,92.0
Bashir Humphreys,Burnley,2025-2026,premier-league,DF,22.0,52.8,60.39822,93.0
Ezri Konsa,Aston Villa,2025-2026,premier-league,DF,27.0,61.2,60.29377,94.0
Joshua Acheampong,Chelsea,2025-2026,premier-league,DF,19.0,48.8,60.190655,95.0
Aaron Wan-Bissaka,West Ham United,2025-2026,premier-league,DF,27.0,65.7,60.13136,96.0
Destiny Udogie,Tottenham Hotspur,2025-2026,premier-league,DF,22.0,50.6,60.0233,97.0
Josh Laurent,Burnley,2025-2026,premier-league,DF,30.0,62.8,59.876415,98.0
Toti Gomes,Wolves,2025-2026,premier-league,DF,26.0,51.5,59.59365,99.0
Aaron Hickey,Brentford,2025-2026,premier-league,DF,23.0,45.9,59.520588,100.0
Fabian Schär,Newcastle United,2025-2026,premier-league,DF,33.0,55.6,59.443916,101.0
Pau Torres,Aston Villa,2025-2026,premier-league,DF,28.0,53.2,59.22921,102.0
Lucas Digne,Aston Villa,2025-2026,premier-league,DF,32.0,70.6,59.20642,103.0
Ben White,Arsenal,2025-2026,premier-league,DF,27.0,49.7,59.16757,104.0
Rúben Dias,Manchester City,2025-2026,premier-league,DF,28.0,58.8,58.86234,105.0
Dan Burn,Newcastle United,2025-2026,premier-league,DF,33.0,59.4,58.860233,106.0
Ola Aina,Nottingham Forest,2025-2026,premier-league,DF,28.0,46.4,58.844074,107.0
Hjalmar Ekdal,Burnley,2025-2026,premier-league,DF,26.0,50.2,58.836132,108.0
Kristoffer Ajer,Brentford,2025-2026,premier-league,DF,27.0,59.2,58.778725,109.0
Kyle Walker,Burnley,2025-2026,premier-league,DF,35.0,78.6,58.57548,110.0
Joe Gomez,Liverpool,2025-2026,premier-league,DF,28.0,49.1,58.415195,111.0
Kevin Danso,Tottenham Hotspur,2025-2026,premier-league,DF,26.0,55.1,58.386505,112.0
Gabriel Magalhães,Arsenal,2025-2026,premier-league,DF,27.0,55.1,58.017708,113.0
Ayden Heaven,Manchester Utd,2025-2026,premier-league,DF,18.0,41.4,57.89839,114.0
Cristhian Mosquera,Arsenal,2025-2026,premier-league,DF,21.0,44.2,57.889378,115.0
Lewis Dunk,Brighton,2025-2026,premier-league,DF,33.0,68.9,57.457325,116.0
Harry Maguire,Manchester Utd,2025-2026,premier-league,DF,32.0,60.8,57.09326,117.0
Joël Veltman,Brighton,2025-2026,premier-league,DF,33.0,57.6,57.023037,118.0
Luke O'Nien,Sunderland,2025-2026,premier-league,DF,30.0,38.5,56.99114,119.0
Bafodé Diakité,Bournemouth,2025-2026,premier-league,DF,24.0,41.3,56.96706,120.0
Nathan Aké,Manchester City,2025-2026,premier-league,DF,30.0,44.9,56.72771,121.0
Rico Henry,Brentford,2025-2026,premier-league,DF,28.0,46.3,56.66553,122.0
Max Kilman,West Ham United,2025-2026,premier-league,DF,28.0,48.5,56.661663,123.0
Emmanuel Agbadou,Wolves,2025-2026,premier-league,DF,28.0,46.1,56.640022,124.0
Rayan Aït-Nouri,Manchester City,2025-2026,premier-league,DF,24.0,42.8,56.46769,125.0
Axel Tuanzebe,Burnley,2025-2026,premier-league,DF,27.0,43.6,55.850296,126.0
Jorge Cuenca,Fulham,2025-2026,premier-league,DF,25.0,39.9,55.847687,127.0
Issa Diop,Fulham,2025-2026,premier-league,DF,28.0,42.1,55.64144,128.0
Benoît Badiashile,Chelsea,2025-2026,premier-league,DF,24.0,37.9,55.345787,129.0
Tosin Adarabioyo,Chelsea,2025-2026,premier-league,DF,27.0,39.8,55.0795,130.0
Lisandro Martínez,Manchester Utd,2025-2026,premier-league,DF,27.0,38.3,54.94342,131.0
Tyrone Mings,Aston Villa,2025-2026,premier-league,DF,32.0,42.4,54.59991,132.0
Olivier Boscagli,Brighton,2025-2026,premier-league,DF,27.0,38.6,54.442184,133.0
Kieran Trippier,Newcastle United,2025-2026,premier-league,DF,34.0,54.0,53.872013,134.0
Joe Worrall,Burnley,2025-2026,premier-league,DF,28.0,36.2,53.385296,135.0
Adam Smith,Bournemouth,2025-2026,premier-league,DF,34.0,46.4,53.383648,136.0
Victor Lindelöf,Aston Villa,2025-2026,premier-league,DF,31.0,41.2,53.27628,137.0
Reinildo Mandava,Sunderland,2025-2026,premier-league,DF,31.0,47.2,52.76364,138.0
Matt Doherty,Wolves,2025-2026,premier-league,DF,33.0,37.8,50.11744,139.0
Erling Haaland,Manchester City,2025-2026,premier-league,FW,25.0,91.8,83.52207,1.0
Igor Thiago,Brentford,2025-2026,premier-league,FW,24.0,90.4,81.96657,2.0
João Pedro,Chelsea,2025-2026,premier-league,FW,23.0,90.2,81.92241,3.0
Ollie Watkins,Aston Villa,2025-2026,premier-league,FW,29.0,84.7,77.623795,4.0
Hugo Ekitike,Liverpool,2025-2026,premier-league,FW,23.0,87.1,77.20883,5.0
Bukayo Saka,Arsenal,2025-2026,premier-league,FW,23.0,82.8,75.85861,6.0
Benjamin Šeško,Manchester Utd,2025-2026,premier-league,FW,22.0,84.6,75.786385,7.0
Richarlison,Tottenham Hotspur,2025-2026,premier-league,FW,28.0,82.2,73.191154,8.0
Lukas Nmecha,Leeds United,2025-2026,premier-league,FW,26.0,79.5,73.138016,9.0
Taiwo Awoniyi,Nottingham Forest,2025-2026,premier-league,FW,27.0,88.3,71.583176,10.0
Noah Okafor,Leeds United,2025-2026,premier-league,FW,25.0,77.1,71.002144,11.0
Jean-Philippe Mateta,Crystal Palace,2025-2026,premier-league,FW,28.0,77.6,70.547844,12.0
Joshua Zirkzee,Manchester Utd,2025-2026,premier-league,FW,24.0,66.0,70.36146,13.0
Nick Woltemade,Newcastle United,2025-2026,premier-league,FW,23.0,75.0,69.96375,14.0
Leandro Trossard,Arsenal,2025-2026,premier-league,FW,30.0,73.5,69.79429,15.0
Beto,Everton,2025-2026,premier-league,FW,27.0,77.8,69.55182,16.0
Evanilson,Bournemouth,2025-2026,premier-league,FW,25.0,61.0,69.502625,17.0
William Osula,Newcastle United,2025-2026,premier-league,FW,21.0,77.1,69.237335,18.0
Anthony Gordon,Newcastle United,2025-2026,premier-league,FW,24.0,72.9,69.17541,19.0
Omar Marmoush,Manchester City,2025-2026,premier-league,FW,26.0,76.5,68.95181,20.0
Dominic Calvert-Lewin,Leeds United,2025-2026,premier-league,FW,28.0,73.6,68.24337,21.0
Gabriel Martinelli,Arsenal,2025-2026,premier-league,FW,24.0,71.3,68.20662,22.0
Noni Madueke,Arsenal,2025-2026,premier-league,FW,23.0,58.2,67.58989,23.0
Thierno Barry,Everton,2025-2026,premier-league,FW,22.0,63.2,67.33311,24.0
Zian Flemming,Burnley,2025-2026,premier-league,FW,26.0,66.0,67.319336,25.0
Harvey Barnes,Newcastle United,2025-2026,premier-league,FW,27.0,65.8,67.00418,26.0
Viktor Gyökeres,Arsenal,2025-2026,premier-league,FW,27.0,67.7,66.88501,27.0
Brian Brobbey,Sunderland,2025-2026,premier-league,FW,23.0,58.4,66.73074,28.0
Callum Wilson,West Ham United,2025-2026,premier-league,FW,33.0,72.8,66.639336,29.0
Danny Welbeck,Brighton,2025-2026,premier-league,FW,34.0,76.4,66.17692,30.0
Tolu Arokodare,Wolves,2025-2026,premier-league,FW,24.0,59.3,66.00592,31.0
Kai Havertz,Arsenal,2025-2026,premier-league,FW,26.0,76.3,65.40744,32.0
Valentín Castellanos,West Ham United,2025-2026,premier-league,FW,26.0,58.3,65.341354,33.0
Jørgen Strand Larsen,Crystal Palace,2025-2026,premier-league,FW,25.0,58.9,65.19199,34.0
Wilson Isidor,Sunderland,2025-2026,premier-league,FW,24.0,59.2,65.18687,35.0
Donyell Malen,Aston Villa,2025-2026,premier-league,FW,26.0,72.6,64.93376,36.0
Alexander Isak,Liverpool,2025-2026,premier-league,FW,25.0,60.8,64.55651,37.0
Igor Jesus,Nottingham Forest,2025-2026,premier-league,FW,24.0,59.0,64.14371,38.0
Raúl Jiménez,Fulham,2025-2026,premier-league,FW,34.0,70.0,63.64793,39.0
Eliezer Mayenda,Sunderland,2025-2026,premier-league,FW,20.0,51.5,63.0907,40.0
Yoane Wissa,Newcastle United,2025-2026,premier-league,FW,28.0,50.9,63.065147,41.0
Dominic Solanke,Tottenham Hotspur,2025-2026,premier-league,FW,27.0,55.2,62.4314,42.0
Jacob Murphy,Newcastle United,2025-2026,premier-league,FW,30.0,56.5,61.896908,43.0
Lyle Foster,Burnley,2025-2026,premier-league,FW,24.0,54.7,61.83331,44.0
Jhon Arias,Wolves,2025-2026,premier-league,FW,27.0,46.6,61.623478,45.0
Liam Delap,Chelsea,2025-2026,premier-league,FW,22.0,47.1,61.063656,46.0
Anthony Elanga,Newcastle United,2025-2026,premier-league,FW,23.0,45.8,60.77305,47.0
Armando Broja,Burnley,2025-2026,premier-league,FW,23.0,47.1,60.178078,48.0
Adam Armstrong,Wolves,2025-2026,premier-league,FW,28.0,48.2,60.164745,49.0
Wilfried Gnonto,Leeds United,2025-2026,premier-league,FW,21.0,43.1,60.08253,50.0
Rodrigo Muniz,Fulham,2025-2026,premier-league,FW,24.0,46.7,59.727116,51.0
Daniel James,Leeds United,2025-2026,premier-league,FW,27.0,38.4,59.01258,52.0
Chris Wood,Nottingham Forest,2025-2026,premier-league,FW,33.0,48.8,58.586094,53.0
Randal Kolo Muani,Tottenham Hotspur,2025-2026,premier-league,FW,26.0,48.9,58.158665,54.0
Jørgen Strand Larsen,Wolves,2025-2026,premier-league,FW,25.0,44.7,57.704945,55.0
Hwang Hee-chan,Wolves,2025-2026,premier-league,FW,29.0,46.1,55.407505,56.0
Gianluigi Donnarumma,Manchester City,2025-2026,premier-league,GK,26.0,92.0,80.47104,1.0
Bart Verbruggen,Brighton,2025-2026,premier-league,GK,22.0,90.4,78.78219,2.0
Emiliano Martínez,Aston Villa,2025-2026,premier-league,GK,32.0,89.1,74.8267,3.0
David Raya,Arsenal,2025-2026,premier-league,GK,29.0,88.2,73.84939,4.0
Jordan Pickford,Everton,2025-2026,premier-league,GK,31.0,86.9,72.961006,5.0
Robin Roefs,Sunderland,2025-2026,premier-league,GK,22.0,80.7,71.48756,6.0
Senne Lammens,Manchester Utd,2025-2026,premier-league,GK,23.0,78.8,70.13118,7.0
Dean Henderson,Crystal Palace,2025-2026,premier-league,GK,28.0,81.5,70.05256,8.0
Robert Sánchez,Chelsea,2025-2026,premier-league,GK,27.0,76.9,69.888565,9.0
Đorđe Petrović,Bournemouth,2025-2026,premier-league,GK,25.0,73.3,68.56545,10.0
Caoimhín Kelleher,Brentford,2025-2026,premier-league,GK,26.0,68.9,68.33736,11.0
Mads Hermansen,West Ham United,2025-2026,premier-league,GK,25.0,66.1,65.62089,12.0
Alisson,Liverpool,2025-2026,premier-league,GK,32.0,66.2,65.3968,13.0
Matz Sels,Nottingham Forest,2025-2026,premier-league,GK,33.0,70.5,63.9082,14.0
Bernd Leno,Fulham,2025-2026,premier-league,GK,33.0,66.3,63.264423,15.0
Antonín Kinský,Tottenham Hotspur,2025-2026,premier-league,GK,22.0,54.5,63.185585,16.0
Guglielmo Vicario,Tottenham Hotspur,2025-2026,premier-league,GK,28.0,57.0,63.043285,17.0
Giorgi Mamardashvili,Liverpool,2025-2026,premier-league,GK,24.0,49.4,61.278984,18.0
Nick Pope,Newcastle United,2025-2026,premier-league,GK,33.0,61.7,61.249763,19.0
Aaron Ramsdale,Newcastle United,2025-2026,premier-league,GK,27.0,47.0,60.915092,20.0
Karl Darlow,Leeds United,2025-2026,premier-league,GK,34.0,62.3,60.678097,21.0
Martin Dúbravka,Burnley,2025-2026,premier-league,GK,36.0,60.1,60.62104,22.0
José Sá,Wolves,2025-2026,premier-league,GK,32.0,51.7,58.55757,23.0
Marco Bizot,Aston Villa,2025-2026,premier-league,GK,34.0,44.9,57.564175,24.0
Lucas Perri,Leeds United,2025-2026,premier-league,GK,27.0,41.0,57.217094,25.0
Alphonse Areola,West Ham United,2025-2026,premier-league,GK,32.0,46.7,55.572598,26.0
Sam Johnstone,Wolves,2025-2026,premier-league,GK,32.0,40.8,54.621964,27.0
Altay Bayındır,Manchester Utd,2025-2026,premier-league,GK,27.0,37.7,52.520416,28.0
Rayan Cherki,Manchester City,2025-2026,premier-league,MF,21.0,92.6,86.936424,1.0
Bruno Fernandes,Manchester Utd,2025-2026,premier-league,MF,30.0,92.4,84.62559,2.0
Jeremy Doku,Manchester City,2025-2026,premier-league,MF,23.0,91.1,82.56025,3.0
Morgan Gibbs-White,Nottingham Forest,2025-2026,premier-league,MF,25.0,89.9,82.43295,4.0
Bryan Mbeumo,Manchester Utd,2025-2026,premier-league,MF,25.0,87.4,81.72416,5.0
Florian Wirtz,Liverpool,2025-2026,premier-league,MF,22.0,85.5,81.67619,6.0
Enzo Fernández,Chelsea,2025-2026,premier-league,MF,24.0,88.2,80.49684,7.0
Matheus Cunha,Manchester Utd,2025-2026,premier-league,MF,26.0,87.0,79.93557,8.0
Antoine Semenyo,Bournemouth,2025-2026,premier-league,MF,25.0,87.6,79.84809,9.0
Antoine Semenyo,Manchester City,2025-2026,premier-league,MF,25.0,89.0,79.65601,10.0
Phil Foden,Manchester City,2025-2026,premier-league,MF,25.0,88.3,79.153076,11.0
Cole Palmer,Chelsea,2025-2026,premier-league,MF,23.0,86.2,79.013565,12.0
Morgan Rogers,Aston Villa,2025-2026,premier-league,MF,23.0,87.1,78.77879,13.0
David Brooks,Bournemouth,2025-2026,premier-league,MF,28.0,84.7,78.29818,14.0
Jarrod Bowen,West Ham United,2025-2026,premier-league,MF,28.0,89.1,77.7197,15.0
Mohamed Salah,Liverpool,2025-2026,premier-league,MF,33.0,88.6,77.65847,16.0
Marcus Tavernier,Bournemouth,2025-2026,premier-league,MF,26.0,86.3,77.62253,17.0
Cody Gakpo,Liverpool,2025-2026,premier-league,MF,26.0,85.2,77.028564,18.0
Dango Ouattara,Brentford,2025-2026,premier-league,MF,23.0,84.4,75.61447,19.0
Amad Diallo,Manchester Utd,2025-2026,premier-league,MF,23.0,81.9,75.473465,20.0
Pedro Neto,Chelsea,2025-2026,premier-league,MF,25.0,82.3,75.449,21.0
Iliman Ndiaye,Everton,2025-2026,premier-league,MF,25.0,86.0,75.4398,22.0
Harry Wilson,Fulham,2025-2026,premier-league,MF,28.0,85.2,74.72072,23.0
Kevin Schade,Brentford,2025-2026,premier-league,MF,23.0,83.6,74.45001,24.0
Yankuba Minteh,Brighton,2025-2026,premier-league,MF,21.0,81.2,73.95278,25.0
Kiernan Dewsbury-Hall,Everton,2025-2026,premier-league,MF,26.0,79.1,73.56707,26.0
Brenden Aaronson,Leeds United,2025-2026,premier-league,MF,24.0,80.9,73.075516,27.0
Eli Junior Kroupi,Bournemouth,2025-2026,premier-league,MF,19.0,78.7,73.01751,28.0
Bruno Guimarães,Newcastle United,2025-2026,premier-league,MF,27.0,86.5,72.89296,29.0
Yeremi Pino,Crystal Palace,2025-2026,premier-league,MF,22.0,75.4,72.664894,30.0
Amine Adli,Bournemouth,2025-2026,premier-league,MF,25.0,76.5,72.31659,31.0
Tijjani Reijnders,Manchester City,2025-2026,premier-league,MF,27.0,81.2,72.28697,32.0
Georginio Rutter,Brighton,2025-2026,premier-league,MF,23.0,76.7,72.185455,33.0
Ismaila Sarr,Crystal Palace,2025-2026,premier-league,MF,27.0,81.8,72.14642,34.0
Mikkel Damsgaard,Brentford,2025-2026,premier-league,MF,25.0,76.9,72.04713,35.0
Rayan,Bournemouth,2025-2026,premier-league,MF,18.0,82.0,71.896,36.0
Dominik Szoboszlai,Liverpool,2025-2026,premier-league,MF,24.0,79.1,71.83254,37.0
Mikel Merino,Arsenal,2025-2026,premier-league,MF,29.0,84.4,71.80422,38.0
Rio Ngumoha,Liverpool,2025-2026,premier-league,MF,16.0,82.0,71.588776,39.0
Jaidon Anthony,Burnley,2025-2026,premier-league,MF,25.0,82.0,71.51587,40.0
Samuel Chukwueze,Fulham,2025-2026,premier-league,MF,26.0,81.6,70.94515,41.0
Kaoru Mitoma,Brighton,2025-2026,premier-league,MF,28.0,76.0,70.7897,42.0
Eberechi Eze,Arsenal,2025-2026,premier-league,MF,27.0,74.4,70.28998,43.0
Mathys Tel,Tottenham Hotspur,2025-2026,premier-league,MF,20.0,76.7,69.81263,44.0
Oscar Bobb,Manchester City,2025-2026,premier-league,MF,22.0,70.7,69.79213,45.0
Jack Grealish,Everton,2025-2026,premier-league,MF,29.0,77.9,69.72086,46.0
Estêvão Willian,Chelsea,2025-2026,premier-league,MF,18.0,81.6,69.54169,47.0
Enzo Le Fée,Sunderland,2025-2026,premier-league,MF,25.0,74.9,69.4327,48.0
Pape Matar Sarr,Tottenham Hotspur,2025-2026,premier-league,MF,22.0,77.1,69.33538,49.0
Brennan Johnson,Tottenham Hotspur,2025-2026,premier-league,MF,24.0,77.4,69.13746,50.0
Patrick Dorgu,Manchester Utd,2025-2026,premier-league,MF,20.0,78.8,69.086464,51.0
Anton Stach,Leeds United,2025-2026,premier-league,MF,26.0,73.5,69.02648,52.0
Callum Hudson-Odoi,Nottingham Forest,2025-2026,premier-league,MF,24.0,74.9,68.82598,53.0
Alejandro Garnacho,Chelsea,2025-2026,premier-league,MF,21.0,79.3,68.74874,54.0
Omari Hutchinson,Nottingham Forest,2025-2026,premier-league,MF,21.0,78.2,68.66513,55.0
Crysencio Summerville,West Ham United,2025-2026,premier-league,MF,23.0,77.8,68.27834,56.0
Diego Gómez,Brighton,2025-2026,premier-league,MF,22.0,72.9,68.21406,57.0
Brajan Gruda,Brighton,2025-2026,premier-league,MF,21.0,69.1,68.18343,58.0
Xavi Simons,Tottenham Hotspur,2025-2026,premier-league,MF,22.0,77.9,67.79143,59.0
John McGinn,Aston Villa,2025-2026,premier-league,MF,30.0,74.2,67.67185,60.0
Justin Kluivert,Bournemouth,2025-2026,premier-league,MF,26.0,63.1,67.45154,61.0
Joshua King,Fulham,2025-2026,premier-league,MF,18.0,71.1,67.298355,62.0
Jack Hinshelwood,Brighton,2025-2026,premier-league,MF,20.0,75.5,67.227165,63.0
Evann Guessand,Aston Villa,2025-2026,premier-league,MF,24.0,68.5,67.14617,64.0
Emi Buendía,Aston Villa,2025-2026,premier-league,MF,28.0,65.3,66.8967,65.0
Sávio,Manchester City,2025-2026,premier-league,MF,21.0,73.8,66.80008,66.0
Mason Mount,Manchester Utd,2025-2026,premier-league,MF,26.0,60.2,66.77118,67.0
Wilson Odobert,Tottenham Hotspur,2025-2026,premier-league,MF,20.0,71.9,66.7155,68.0
Yasin Ayari,Brighton,2025-2026,premier-league,MF,21.0,66.2,66.58856,69.0
Mohammed Kudus,Tottenham Hotspur,2025-2026,premier-league,MF,24.0,79.0,66.50811,70.0
Elliot Anderson,Nottingham Forest,2025-2026,premier-league,MF,22.0,71.8,66.449936,71.0
Mateus Mane,Wolves,2025-2026,premier-league,MF,17.0,70.2,66.30926,72.0
Martin Ødegaard,Arsenal,2025-2026,premier-league,MF,26.0,71.6,66.244156,73.0
Ross Barkley,Aston Villa,2025-2026,premier-league,MF,31.0,76.4,66.06715,74.0
Chemsdine Talbi,Sunderland,2025-2026,premier-league,MF,20.0,65.3,65.74978,75.0
Oscar Bobb,Fulham,2025-2026,premier-league,MF,22.0,65.9,65.582634,76.0
Jamie Gittens,Chelsea,2025-2026,premier-league,MF,20.0,60.5,65.49574,77.0
Declan Rice,Arsenal,2025-2026,premier-league,MF,26.0,74.1,65.48869,78.0
Kevin,Fulham,2025-2026,premier-league,MF,22.0,69.8,65.32461,79.0
Alexis Mac Allister,Liverpool,2025-2026,premier-league,MF,26.0,65.8,65.29753,80.0
Hannibal Mejbri,Burnley,2025-2026,premier-league,MF,22.0,66.4,65.228,81.0
Emile Smith Rowe,Fulham,2025-2026,premier-league,MF,25.0,63.8,65.015076,82.0
Rodrigo Gomes,Wolves,2025-2026,premier-league,MF,22.0,62.6,64.96928,83.0
Marcus Edwards,Burnley,2025-2026,premier-league,MF,26.0,69.8,64.776505,84.0
Dilane Bakwa,Nottingham Forest,2025-2026,premier-league,MF,22.0,68.0,64.72917,85.0
Sean Longstaff,Leeds United,2025-2026,premier-league,MF,27.0,68.3,64.670715,86.0
Alex Iwobi,Fulham,2025-2026,premier-league,MF,29.0,68.5,64.55459,87.0
Curtis Jones,Liverpool,2025-2026,premier-league,MF,24.0,64.5,64.32759,88.0
Alex Scott,Bournemouth,2025-2026,premier-league,MF,21.0,63.5,64.106155,89.0
Habib Diarra,Sunderland,2025-2026,premier-league,MF,21.0,62.1,64.07637,90.0
Lucas Paquetá,West Ham United,2025-2026,premier-league,MF,27.0,67.2,64.05714,91.0
Joe Willock,Newcastle United,2025-2026,premier-league,MF,25.0,63.7,63.83405,92.0
Ryan Christie,Bournemouth,2025-2026,premier-league,MF,30.0,67.7,63.78143,93.0
Douglas Luiz,Aston Villa,2025-2026,premier-league,MF,27.0,63.9,63.757305,94.0
Bertrand Traoré,Sunderland,2025-2026,premier-league,MF,29.0,62.5,63.70373,95.0
James Garner,Everton,2025-2026,premier-league,MF,24.0,66.5,63.235203,96.0
Carlos Alcaraz,Everton,2025-2026,premier-league,MF,22.0,58.4,62.796474,97.0
Leon Bailey,Aston Villa,2025-2026,premier-league,MF,27.0,60.5,62.597626,98.0
Ryan Gravenberch,Liverpool,2025-2026,premier-league,MF,23.0,66.8,62.500507,99.0
Mathias Jensen,Brentford,2025-2026,premier-league,MF,29.0,62.3,62.385494,100.0
Jadon Sancho,Aston Villa,2025-2026,premier-league,MF,25.0,59.6,62.24409,101.0
Brennan Johnson,Crystal Palace,2025-2026,premier-league,MF,24.0,57.7,62.178696,102.0
Kobbie Mainoo,Manchester Utd,2025-2026,premier-league,MF,20.0,52.4,61.77623,103.0
Dwight McNeil,Everton,2025-2026,premier-league,MF,25.0,53.3,61.718304,104.0
Marshall Munetsi,Wolves,2025-2026,premier-league,MF,29.0,61.3,61.71292,105.0
Casemiro,Manchester Utd,2025-2026,premier-league,MF,33.0,74.9,61.641438,106.0
Lucas Bergvall,Tottenham Hotspur,2025-2026,premier-league,MF,19.0,62.1,61.276188,107.0
Lewis Miley,Newcastle United,2025-2026,premier-league,MF,19.0,62.6,61.234447,108.0
Bernardo Silva,Manchester City,2025-2026,premier-league,MF,30.0,64.4,61.177536,109.0
Archie Gray,Tottenham Hotspur,2025-2026,premier-league,MF,19.0,58.4,61.17156,110.0
James Ward-Prowse,Burnley,2025-2026,premier-league,MF,30.0,60.2,60.211117,111.0
Mateus Fernandes,West Ham United,2025-2026,premier-league,MF,21.0,63.2,60.135082,112.0
Ao Tanaka,Leeds United,2025-2026,premier-league,MF,26.0,53.6,60.03831,113.0
Justin Devenny,Crystal Palace,2025-2026,premier-league,MF,21.0,53.1,59.966633,114.0
Adam Wharton,Crystal Palace,2025-2026,premier-league,MF,21.0,60.7,59.818035,115.0
Daniel Muñoz,Crystal Palace,2025-2026,premier-league,MF,29.0,67.7,59.816303,116.0
Pablo,West Ham United,2025-2026,premier-league,MF,21.0,54.7,59.74303,117.0
Chris Rigg,Sunderland,2025-2026,premier-league,MF,18.0,50.4,59.625675,118.0
Tomáš Souček,West Ham United,2025-2026,premier-league,MF,30.0,67.3,59.543633,119.0
Andrey Santos,Chelsea,2025-2026,premier-league,MF,21.0,49.1,59.436745,120.0
Loum Tchaouna,Burnley,2025-2026,premier-league,MF,21.0,54.5,59.209606,121.0
Jacob Ramsey,Newcastle United,2025-2026,premier-league,MF,24.0,58.7,59.202637,122.0
Jean-Ricner Bellegarde,Wolves,2025-2026,premier-league,MF,27.0,56.7,58.979942,123.0
Youri Tielemans,Aston Villa,2025-2026,premier-league,MF,28.0,60.1,58.96628,124.0
Jacob Bruun Larsen,Burnley,2025-2026,premier-league,MF,26.0,54.4,58.77426,125.0
Hugo Bueno,Wolves,2025-2026,premier-league,MF,22.0,57.8,58.396927,126.0
Joelinton,Newcastle United,2025-2026,premier-league,MF,28.0,63.2,58.211647,127.0
Dan Ndoye,Nottingham Forest,2025-2026,premier-league,MF,24.0,53.4,58.163666,128.0
Vitaly Janelt,Brentford,2025-2026,premier-league,MF,27.0,61.7,58.160515,129.0
Josh Cullen,Burnley,2025-2026,premier-league,MF,29.0,55.4,58.09329,130.0
Conor Gallagher,Tottenham Hotspur,2025-2026,premier-league,MF,25.0,51.5,58.06437,131.0
Saša Lukić,Fulham,2025-2026,premier-league,MF,28.0,53.0,57.83861,132.0
Sandro Tonali,Newcastle United,2025-2026,premier-league,MF,25.0,55.4,57.1558,133.0
João Gomes,Wolves,2025-2026,premier-league,MF,24.0,57.0,56.814323,134.0
Tyrick Mitchell,Crystal Palace,2025-2026,premier-league,MF,25.0,52.7,56.791996,135.0
Simon Adingra,Sunderland,2025-2026,premier-league,MF,23.0,43.4,56.74161,136.0
João Palhinha,Tottenham Hotspur,2025-2026,premier-league,MF,30.0,67.0,56.637825,137.0
Pascal Groß,Brighton,2025-2026,premier-league,MF,34.0,64.9,56.468636,138.0
Amadou Onana,Aston Villa,2025-2026,premier-league,MF,23.0,54.4,56.044243,139.0
Lesley Ugochukwu,Burnley,2025-2026,premier-league,MF,21.0,54.1,56.00378,140.0
Ibrahim Sangaré,Nottingham Forest,2025-2026,premier-league,MF,27.0,51.5,55.899563,141.0
Boubacar Kamara,Aston Villa,2025-2026,premier-league,MF,25.0,52.9,55.88439,142.0
Martín Zubimendi,Arsenal,2025-2026,premier-league,MF,26.0,56.4,55.513313,143.0
Nicolás Domínguez,Nottingham Forest,2025-2026,premier-league,MF,27.0,55.2,55.186607,144.0
Moisés Caicedo,Chelsea,2025-2026,premier-league,MF,23.0,53.1,55.07856,145.0
Jayden Bogle,Leeds United,2025-2026,premier-league,MF,25.0,52.7,54.860676,146.0
Rodri,Manchester City,2025-2026,premier-league,MF,29.0,49.0,54.687584,147.0
Tom Cairney,Fulham,2025-2026,premier-league,MF,34.0,50.8,54.46677,148.0
Lamare Bogarde,Aston Villa,2025-2026,premier-league,MF,21.0,36.5,54.245598,149.0
Harrison Armstrong,Everton,2025-2026,premier-league,MF,18.0,40.1,54.081936,150.0
Tyler Adams,Bournemouth,2025-2026,premier-league,MF,26.0,53.1,53.955605,151.0
Tim Iroegbunam,Everton,2025-2026,premier-league,MF,22.0,48.6,53.864708,152.0
Noah Sadiki,Sunderland,2025-2026,premier-league,MF,20.0,49.5,53.823788,153.0
Daichi Kamada,Crystal Palace,2025-2026,premier-league,MF,28.0,48.4,53.70219,154.0
David Møller Wolfe,Wolves,2025-2026,premier-league,MF,23.0,43.2,53.628716,155.0
Angel Gomes,Wolves,2025-2026,premier-league,MF,24.0,40.7,53.458714,156.0
Soungoutou Magassa,West Ham United,2025-2026,premier-league,MF,21.0,44.6,53.34674,157.0
Ilia Gruev,Leeds United,2025-2026,premier-league,MF,25.0,48.7,53.326996,158.0
Manuel Ugarte,Manchester Utd,2025-2026,premier-league,MF,24.0,41.6,53.069313,159.0
Granit Xhaka,Sunderland,2025-2026,premier-league,MF,32.0,55.3,52.824528,160.0
Ryan Yates,Nottingham Forest,2025-2026,premier-league,MF,27.0,48.0,52.819,161.0
Jefferson Lerma,Crystal Palace,2025-2026,premier-league,MF,30.0,53.7,52.80146,162.0
Freddie Potts,West Ham United,2025-2026,premier-league,MF,21.0,42.8,52.710094,163.0
Nicolás González,Manchester City,2025-2026,premier-league,MF,23.0,41.0,52.666927,164.0
Yehor Yarmoliuk,Brentford,2025-2026,premier-league,MF,21.0,48.7,52.06346,165.0
Merlin Röhl,Everton,2025-2026,premier-league,MF,23.0,40.2,52.005825,166.0
Ethan Ampadu,Leeds United,2025-2026,premier-league,MF,24.0,48.3,51.26023,167.0
Carlos Baleba,Brighton,2025-2026,premier-league,MF,21.0,41.4,51.173344,168.0
Myles Lewis-Skelly,Arsenal,2025-2026,premier-league,MF,18.0,37.1,50.8596,169.0
Lucas,Burnley,2025-2026,premier-league,MF,24.0,35.4,50.334545,170.0
André,Wolves,2025-2026,premier-league,MF,24.0,44.9,50.283558,171.0
Yves Bissouma,Tottenham Hotspur,2025-2026,premier-league,MF,28.0,37.4,50.219353,172.0
James Milner,Brighton,2025-2026,premier-league,MF,39.0,48.9,50.184387,173.0
Jackson Tchatchoua,Wolves,2025-2026,premier-league,MF,23.0,40.6,50.09491,174.0
Lewis Cook,Bournemouth,2025-2026,premier-league,MF,28.0,38.4,49.650223,175.0
Sander Berge,Fulham,2025-2026,premier-league,MF,27.0,45.5,49.02279,176.0
Rodrigo Bentancur,Tottenham Hotspur,2025-2026,premier-league,MF,28.0,49.6,48.97212,177.0
Idrissa Gana Gueye,Everton,2025-2026,premier-league,MF,35.0,53.9,48.85623,178.0
Florentino Luís,Burnley,2025-2026,premier-league,MF,25.0,42.8,48.815067,179.0
Will Hughes,Crystal Palace,2025-2026,premier-league,MF,30.0,43.0,48.51905,180.0
Nathaniel Clyne,Crystal Palace,2025-2026,premier-league,MF,34.0,40.9,47.700855,181.0
Jordan Henderson,Brentford,2025-2026,premier-league,MF,35.0,48.5,46.44799,182.0
Alexander Bah,Benfica,2025-2026,primeira-liga,DF,28.0,85.0,73.535446,1.0
Alberto costa,Porto,2025-2026,primeira-liga,DF,22.0,85.5,72.85913,2.0
Samuel Dahl,Benfica,2025-2026,primeira-liga,DF,23.0,83.7,72.060394,3.0
Felix Bacher,Estoril,2025-2026,primeira-liga,DF,25.0,83.8,71.71825,4.0
Kaiky Naves,Alverca,2025-2026,primeira-liga,DF,24.0,82.3,70.62309,5.0
Gonçalo Inácio,Sporting CP,2025-2026,primeira-liga,DF,24.0,82.6,70.485634,6.0
Justin de Haas,Famalicão,2025-2026,primeira-liga,DF,26.0,84.2,68.82305,7.0
Zé Vitor,Nacional,2025-2026,primeira-liga,DF,25.0,83.9,68.29453,8.0
Rodrigo Pinheiro,Famalicão,2025-2026,primeira-liga,DF,23.0,81.8,67.60855,9.0
Bebeto,Tondela,2025-2026,primeira-liga,DF,36.0,82.5,67.17026,10.0
Stefan Lekovic,Estrela,2025-2026,primeira-liga,DF,22.0,78.5,65.89903,11.0
José Fontán,Arouca,2025-2026,primeira-liga,DF,26.0,78.6,65.804825,12.0
Brayan Medina,Tondela,2025-2026,primeira-liga,DF,24.0,77.5,65.45871,13.0
Tiago Manso,Tondela,2025-2026,primeira-liga,DF,26.0,75.8,65.385216,14.0
Ricard Sánchez,Estoril,2025-2026,primeira-liga,DF,26.0,78.1,65.17769,15.0
David Sousa,Casa Pia,2025-2026,primeira-liga,DF,24.0,78.6,65.15657,16.0
Tiago Esgaio,Arouca,2025-2026,primeira-liga,DF,30.0,80.3,65.12101,17.0
António Silva,Benfica,2025-2026,primeira-liga,DF,22.0,73.4,65.089386,18.0
Léo Santos,Nacional,2025-2026,primeira-liga,DF,27.0,78.6,64.8375,19.0
Gustaf Lagerbielke,Braga,2025-2026,primeira-liga,DF,26.0,73.7,64.76693,20.0
Tomás Araújo,Benfica,2025-2026,primeira-liga,DF,24.0,70.9,64.33934,21.0
Jan Bednarek,Porto,2025-2026,primeira-liga,DF,30.0,76.8,64.008835,22.0
João Mendes,Vitória Guimarães,2025-2026,primeira-liga,DF,26.0,76.5,63.807007,23.0
Amar Dedić,Benfica,2025-2026,primeira-liga,DF,23.0,75.9,63.800953,24.0
Tony Strata,Vitória Guimarães,2025-2026,primeira-liga,DF,21.0,69.9,63.766582,25.0
Jakub Kiwior,Porto,2025-2026,primeira-liga,DF,26.0,76.8,63.709812,26.0
Ricardo Mangas,Sporting CP,2025-2026,primeira-liga,DF,28.0,70.2,63.7098,27.0
Ghislain Konan,Gil Vicente FC,2025-2026,primeira-liga,DF,30.0,73.7,63.698654,28.0
Bastien Meupiyou,Alverca,2025-2026,primeira-liga,DF,20.0,71.6,63.675488,29.0
Georgios Vagiannidis,Sporting CP,2025-2026,primeira-liga,DF,24.0,74.2,63.64518,30.0
Nicolás Otamendi,Benfica,2025-2026,primeira-liga,DF,38.0,79.9,63.53512,31.0
Luan Patrick,Estrela,2025-2026,primeira-liga,DF,24.0,70.7,63.53377,32.0
Alan Núñez,Nacional,2025-2026,primeira-liga,DF,21.0,69.7,63.123962,33.0
Dinis Pinto,Moreirense,2025-2026,primeira-liga,DF,25.0,80.2,62.979443,34.0
Ibrahima Ba,Famalicão,2025-2026,primeira-liga,DF,20.0,68.2,62.695007,35.0
Kiko,Moreirense,2025-2026,primeira-liga,DF,24.0,68.7,62.529724,36.0
Maracás,Moreirense,2025-2026,primeira-liga,DF,32.0,74.6,62.23646,37.0
Christian Marques,Tondela,2025-2026,primeira-liga,DF,23.0,68.2,62.11336,38.0
Óscar Rivas,Vitória Guimarães,2025-2026,primeira-liga,DF,26.0,65.2,61.808735,39.0
Rodrigo Abascal,Vitória Guimarães,2025-2026,primeira-liga,DF,32.0,73.8,61.733482,40.0
José Gomes,Nacional,2025-2026,primeira-liga,DF,29.0,76.1,61.53502,41.0
Zé Carlos,Gil Vicente FC,2025-2026,primeira-liga,DF,27.0,71.3,61.52523,42.0
Guilherme Romão,Santa Clara,2025-2026,primeira-liga,DF,28.0,66.6,61.03997,43.0
Marcelo dos Santos Ferreira,Moreirense,2025-2026,primeira-liga,DF,36.0,62.4,61.01662,44.0
Iván Fresneda,Sporting CP,2025-2026,primeira-liga,DF,21.0,59.7,60.98801,45.0
Kévin Boma,Estoril,2025-2026,primeira-liga,DF,23.0,65.3,60.964195,46.0
João Silva,Tondela,2025-2026,primeira-liga,DF,27.0,65.7,60.904907,47.0
Nor Maviram,Tondela,2025-2026,primeira-liga,DF,25.0,61.1,60.89045,48.0
Bernardo Schappo,Estrela,2025-2026,primeira-liga,DF,27.0,67.0,60.512764,49.0
Miguel Nóbrega,Vitória Guimarães,2025-2026,primeira-liga,DF,26.0,60.3,60.509037,50.0
Rodrigo Conceição,Tondela,2025-2026,primeira-liga,DF,26.0,62.8,60.478344,51.0
Gilberto Batista,Moreirense,2025-2026,primeira-liga,DF,22.0,62.6,60.399696,52.0
Moura,Porto,2025-2026,primeira-liga,DF,26.0,60.3,60.10788,53.0
Zaidu Sanusi,Porto,2025-2026,primeira-liga,DF,28.0,60.9,60.070816,54.0
Nelson Abbey,Rio Ave,2025-2026,primeira-liga,DF,22.0,64.8,60.01945,55.0
Otávio,Estrela,2025-2026,primeira-liga,DF,20.0,64.6,59.90817,56.0
Lucas Soares,Santa Clara,2025-2026,primeira-liga,DF,28.0,63.6,59.83443,57.0
Jefferson Encada,Estrela,2025-2026,primeira-liga,DF,28.0,60.3,59.33966,58.0
Leonardo Realpe,Famalicão,2025-2026,primeira-liga,DF,25.0,60.8,59.190624,59.0
Daniel Rivas,AVS Futebol,2025-2026,primeira-liga,DF,24.0,61.9,59.02258,60.0
Maximiliano Araújo,Sporting CP,2025-2026,primeira-liga,DF,26.0,65.5,58.91156,61.0
Paulo Victor,Santa Clara,2025-2026,primeira-liga,DF,25.0,59.1,58.803562,62.0
Thiago Balieiro,Vitória Guimarães,2025-2026,primeira-liga,DF,23.0,57.2,58.71365,63.0
Frederico Venâncio,Santa Clara,2025-2026,primeira-liga,DF,33.0,69.4,58.70559,64.0
Bruno Langa,Estrela,2025-2026,primeira-liga,DF,28.0,57.9,58.30225,65.0
Rafa Soares,Famalicão,2025-2026,primeira-liga,DF,31.0,67.2,58.2449,66.0
Zeno Debast,Sporting CP,2025-2026,primeira-liga,DF,22.0,55.7,57.79717,67.0
Gonçalo Costa,Estoril,2025-2026,primeira-liga,DF,26.0,56.5,57.54598,68.0
Martim Fernandes,Porto,2025-2026,primeira-liga,DF,20.0,58.0,57.18692,69.0
Antef Tsoungui,Estoril,2025-2026,primeira-liga,DF,23.0,54.2,56.929058,70.0
Jonathan Panzo,Rio Ave,2025-2026,primeira-liga,DF,25.0,53.5,56.617504,71.0
Ousmane Diomande,Sporting CP,2025-2026,primeira-liga,DF,22.0,52.6,56.391754,72.0
Jakub Brabec,Rio Ave,2025-2026,primeira-liga,DF,33.0,64.3,56.34949,73.0
Bright Arrey-Mbi,Braga,2025-2026,primeira-liga,DF,23.0,55.1,56.25538,74.0
Javi Sánchez,Arouca,2025-2026,primeira-liga,DF,29.0,55.4,56.0842,75.0
Pedro Amaral,Estoril,2025-2026,primeira-liga,DF,28.0,56.9,56.06771,76.0
Francisco Reis Ferreira,Estoril,2025-2026,primeira-liga,DF,29.0,55.8,56.061745,77.0
MT,Santa Clara,2025-2026,primeira-liga,DF,25.0,53.5,56.013565,78.0
Kali,Casa Pia,2025-2026,primeira-liga,DF,22.0,43.4,55.99665,79.0
Max Scholze,Estrela,2025-2026,primeira-liga,DF,21.0,47.2,55.80473,80.0
Eduardo Quaresma,Sporting CP,2025-2026,primeira-liga,DF,24.0,51.6,55.777042,81.0
Miguel Maga,Vitória Guimarães,2025-2026,primeira-liga,DF,23.0,42.6,55.52761,82.0
Gustavo Mancha,Rio Ave,2025-2026,primeira-liga,DF,21.0,41.3,55.339058,83.0
João Aurélio,Nacional,2025-2026,primeira-liga,DF,37.0,56.3,55.318134,84.0
Mateus Pivô,AVS Futebol,2025-2026,primeira-liga,DF,28.0,44.3,55.13347,85.0
Sikou Niakaté,Braga,2025-2026,primeira-liga,DF,26.0,51.4,54.827007,86.0
Arnau Solà,Arouca,2025-2026,primeira-liga,DF,23.0,50.3,54.52582,87.0
Hevertton Santos,Gil Vicente FC,2025-2026,primeira-liga,DF,25.0,48.9,54.368164,88.0
Gabriel Moscardo,Braga,2025-2026,primeira-liga,DF,20.0,46.1,54.023563,89.0
Christian Neiva Afonso,AVS Futebol,2025-2026,primeira-liga,DF,31.0,51.2,54.00325,90.0
Adrian Leon Barišić,Braga,2025-2026,primeira-liga,DF,24.0,44.9,53.88525,91.0
Sergi Gómez,Alverca,2025-2026,primeira-liga,DF,34.0,55.9,53.592186,92.0
Boris Popović,Arouca,2025-2026,primeira-liga,DF,26.0,46.3,53.53598,93.0
Thiago Silva,Porto,2025-2026,primeira-liga,DF,41.0,49.0,53.46394,94.0
Cristian Castro,AVS Futebol,2025-2026,primeira-liga,DF,25.0,49.7,53.414093,95.0
Pedro Bondo,Famalicão,2025-2026,primeira-liga,DF,21.0,45.4,53.387844,96.0
Sidi Bane,AVS Futebol,2025-2026,primeira-liga,DF,22.0,47.7,52.993164,97.0
Vitor Carvalho,Braga,2025-2026,primeira-liga,DF,28.0,48.4,52.263866,98.0
Diogo Calila,Santa Clara,2025-2026,primeira-liga,DF,27.0,46.4,52.021225,99.0
José Fonte,Casa Pia,2025-2026,primeira-liga,DF,42.0,50.1,51.951313,100.0
Francisco Petrasso,Rio Ave,2025-2026,primeira-liga,DF,24.0,44.0,51.765358,101.0
Fabiano Souza,Moreirense,2025-2026,primeira-liga,DF,26.0,40.8,51.694717,102.0
Amadou Dante,Arouca,2025-2026,primeira-liga,DF,25.0,44.3,51.66948,103.0
Atanas Chernev,Estrela,2025-2026,primeira-liga,DF,24.0,44.2,51.450977,104.0
Kaique Rocha,Casa Pia,2025-2026,primeira-liga,DF,25.0,47.8,51.3648,105.0
Bas Kuipers,Arouca,2025-2026,primeira-liga,DF,31.0,49.1,51.28661,106.0
Sidney,Santa Clara,2025-2026,primeira-liga,DF,29.0,46.3,50.22956,107.0
Marvin Elimbi,Gil Vicente FC,2025-2026,primeira-liga,DF,23.0,41.0,49.238735,108.0
André Geraldes,Casa Pia,2025-2026,primeira-liga,DF,35.0,47.9,49.169415,109.0
Antonio Espigare,Gil Vicente FC,2025-2026,primeira-liga,DF,21.0,36.2,49.148697,110.0
João Afonso,Tondela,2025-2026,primeira-liga,DF,35.0,44.2,48.672546,111.0
Aderlan Santos,AVS Futebol,2025-2026,primeira-liga,DF,37.0,43.2,48.421978,112.0
Jonathan Buatu Mananga,Gil Vicente FC,2025-2026,primeira-liga,DF,32.0,46.0,48.353764,113.0
Álvaro Martínez,Moreirense,2025-2026,primeira-liga,DF,24.0,35.4,48.223263,114.0
João Goulart Silva,Casa Pia,2025-2026,primeira-liga,DF,26.0,37.8,47.938908,115.0
Omar Fayed,Arouca,2025-2026,primeira-liga,DF,22.0,38.1,46.536716,116.0
Lenny Vallier,Nacional,2025-2026,primeira-liga,DF,27.0,36.6,46.36448,117.0
Paulo Vitor,AVS Futebol,2025-2026,primeira-liga,DF,24.0,32.9,46.349514,118.0
Julián Martínez,Alverca,2025-2026,primeira-liga,DF,22.0,34.8,46.343884,119.0
Rúben Semedo,AVS Futebol,2025-2026,primeira-liga,DF,32.0,40.0,46.249744,120.0
Henrique Silva,Santa Clara,2025-2026,primeira-liga,DF,20.0,33.7,46.205593,121.0
Paulo Oliveira,Braga,2025-2026,primeira-liga,DF,34.0,38.8,46.081505,122.0
García,Famalicão,2025-2026,primeira-liga,DF,24.0,32.0,45.787205,123.0
Steven Baseya,Alverca,2025-2026,primeira-liga,DF,21.0,33.0,45.762573,124.0
Luís Carlos Rocha Rodrigues,Santa Clara,2025-2026,primeira-liga,DF,39.0,37.8,45.038494,125.0
Matí­as Rocha,Arouca,2025-2026,primeira-liga,DF,25.0,34.4,44.972916,126.0
Franscisco Gonçalves,Nacional,2025-2026,primeira-liga,DF,22.0,32.5,44.114418,127.0
Carlos Ponck,AVS Futebol,2025-2026,primeira-liga,DF,31.0,33.9,43.66166,128.0
Vangelis Pavlidis,Benfica,2025-2026,primeira-liga,FW,27.0,87.5,76.05388,1.0
Pau Victor,Braga,2025-2026,primeira-liga,FW,24.0,82.6,71.529854,2.0
Luis Javier Suárez,Sporting CP,2025-2026,primeira-liga,FW,28.0,78.2,70.30766,3.0
Franjo Ivanović,Benfica,2025-2026,primeira-liga,FW,22.0,80.8,69.938385,4.0
William Gomes,Porto,2025-2026,primeira-liga,FW,20.0,80.5,69.54885,5.0
Yanis Begraoui,Estoril,2025-2026,primeira-liga,FW,24.0,78.7,68.870415,6.0
Guilherme Schettine,Moreirense,2025-2026,primeira-liga,FW,30.0,79.0,68.865326,7.0
Pablo,Gil Vicente FC,2025-2026,primeira-liga,FW,22.0,79.0,68.74747,8.0
Fernando,Santa Clara,2025-2026,primeira-liga,FW,21.0,81.8,67.34656,9.0
Oskar Pietuszewski,Porto,2025-2026,primeira-liga,FW,18.0,79.1,66.5508,10.0
Samu Omorodion,Porto,2025-2026,primeira-liga,FW,22.0,73.8,66.48513,11.0
Yassir Zabiri,Famalicão,2025-2026,primeira-liga,FW,21.0,73.8,65.7159,12.0
Clayton,Rio Ave,2025-2026,primeira-liga,FW,27.0,75.7,65.3203,13.0
Jalen Blesa,Rio Ave,2025-2026,primeira-liga,FW,25.0,71.6,64.84718,14.0
Gustavo Varela,Gil Vicente FC,2025-2026,primeira-liga,FW,21.0,70.8,64.48635,15.0
Borja Sainz,Porto,2025-2026,primeira-liga,FW,25.0,71.3,64.27197,16.0
André Inácio,Rio Ave,2025-2026,primeira-liga,FW,24.0,72.0,63.491554,17.0
Deniz Gül,Porto,2025-2026,primeira-liga,FW,21.0,68.2,63.462154,18.0
Barbero,Arouca,2025-2026,primeira-liga,FW,27.0,67.0,63.413982,19.0
Fotis Ioannidis,Sporting CP,2025-2026,primeira-liga,FW,26.0,67.0,62.052135,20.0
Chiquinho,Alverca,2025-2026,primeira-liga,FW,26.0,67.5,61.81837,21.0
Fran Navarro,Braga,2025-2026,primeira-liga,FW,28.0,65.9,61.577797,22.0
Gustavo da Silva,Vitória Guimarães,2025-2026,primeira-liga,FW,26.0,66.5,61.275105,23.0
Vinícius,Santa Clara,2025-2026,primeira-liga,FW,27.0,64.1,61.225082,24.0
Jérémy Livolant,Casa Pia,2025-2026,primeira-liga,FW,28.0,67.1,61.09906,25.0
Alejandro Marqués,Estoril,2025-2026,primeira-liga,FW,25.0,59.8,60.779675,26.0
Kikas,Estrela,2025-2026,primeira-liga,FW,27.0,62.9,60.004696,27.0
Sandro Lima,Alverca,2025-2026,primeira-liga,FW,35.0,66.4,59.807373,28.0
Rodrigo Pinho,Estrela,2025-2026,primeira-liga,FW,34.0,62.8,59.4913,29.0
Paulinho Bóia,Nacional,2025-2026,primeira-liga,FW,27.0,61.6,58.973164,30.0
André Lacximicant,Estoril,2025-2026,primeira-liga,FW,25.0,59.8,58.965096,31.0
Marko Milovanović,Alverca,2025-2026,primeira-liga,FW,22.0,57.2,58.80627,32.0
Jesús Ramírez,Nacional,2025-2026,primeira-liga,FW,28.0,57.1,58.352367,33.0
Amine El Ouazzani,Braga,2025-2026,primeira-liga,FW,24.0,55.1,58.21969,34.0
Alioune Ndoye,Vitória Guimarães,2025-2026,primeira-liga,FW,24.0,57.2,57.753483,35.0
Pepê,Porto,2025-2026,primeira-liga,FW,29.0,59.2,57.62552,36.0
Simon Elisor,Famalicão,2025-2026,primeira-liga,FW,26.0,53.0,55.091366,37.0
Brenner,Santa Clara,2025-2026,primeira-liga,FW,24.0,48.7,54.99656,38.0
Yan Lincon,Moreirense,2025-2026,primeira-liga,FW,23.0,48.2,54.97161,39.0
Figueiredo,Alverca,2025-2026,primeira-liga,FW,24.0,47.5,54.899822,40.0
Tamble,Rio Ave,2025-2026,primeira-liga,FW,25.0,51.5,54.85247,41.0
Gonçalo Paciência,Santa Clara,2025-2026,primeira-liga,FW,31.0,49.8,54.77085,42.0
João Marques,Casa Pia,2025-2026,primeira-liga,FW,24.0,43.7,54.759293,43.0
Cassiano,Casa Pia,2025-2026,primeira-liga,FW,36.0,55.0,54.619236,44.0
Dylan Nandín,Arouca,2025-2026,primeira-liga,FW,24.0,51.8,54.147964,45.0
Korede Osundina,Casa Pia,2025-2026,primeira-liga,FW,22.0,46.6,53.501907,46.0
Tiago Fonseca Morais,Casa Pia,2025-2026,primeira-liga,FW,22.0,32.7,52.88782,47.0
Diego Duarte,AVS Futebol,2025-2026,primeira-liga,FW,24.0,47.4,52.544613,48.0
Witi,Nacional,2025-2026,primeira-liga,FW,29.0,48.7,52.27605,49.0
Gabriel Veron,Nacional,2025-2026,primeira-liga,FW,23.0,35.2,51.935673,50.0
Wendel,Santa Clara,2025-2026,primeira-liga,FW,25.0,48.9,51.93328,51.0
Cedric Nuozzi,Alverca,2025-2026,primeira-liga,FW,20.0,41.4,51.93165,52.0
Luis Semedo,Moreirense,2025-2026,primeira-liga,FW,22.0,41.7,51.786972,53.0
Gabriel Vieira,Santa Clara,2025-2026,primeira-liga,FW,24.0,39.8,50.301704,54.0
Ole Pohlmann,Rio Ave,2025-2026,primeira-liga,FW,25.0,44.1,50.115044,55.0
Nélson Oliveira,Vitória Guimarães,2025-2026,primeira-liga,FW,34.0,42.9,50.093792,56.0
Benjamin Mbunga-Kimpioka,Tondela,2025-2026,primeira-liga,FW,26.0,35.8,50.090942,57.0
Jordan Pefok,Tondela,2025-2026,primeira-liga,FW,30.0,41.3,49.201027,58.0
Dailon Livramento,Casa Pia,2025-2026,primeira-liga,FW,25.0,40.4,49.19058,59.0
Tomané,AVS Futebol,2025-2026,primeira-liga,FW,33.0,43.9,47.55336,60.0
Matheus Pereira,Santa Clara,2025-2026,primeira-liga,FW,25.0,39.3,46.72179,61.0
Diogo Costa,Porto,2025-2026,primeira-liga,GK,26.0,86.6,75.113,1.0
Lazar Carević,Famalicão,2025-2026,primeira-liga,GK,27.0,88.7,72.099976,2.0
Rui Silva,Sporting CP,2025-2026,primeira-liga,GK,32.0,82.4,68.82309,3.0
Lukáš Horníček,Braga,2025-2026,primeira-liga,GK,23.0,79.0,67.62417,4.0
Anatolii Trubin,Benfica,2025-2026,primeira-liga,GK,24.0,76.0,67.585754,5.0
Bernardo Fontes,Tondela,2025-2026,primeira-liga,GK,23.0,74.8,66.4272,6.0
Andrew,Gil Vicente FC,2025-2026,primeira-liga,GK,24.0,74.4,64.47531,7.0
Gabriel Batista,Santa Clara,2025-2026,primeira-liga,GK,27.0,67.3,64.05163,8.0
Ignacio De Arruabarrena,Arouca,2025-2026,primeira-liga,GK,29.0,71.3,63.888832,9.0
Kaique,Nacional,2025-2026,primeira-liga,GK,23.0,66.8,63.36823,10.0
Daniel Figueira,Gil Vicente FC,2025-2026,primeira-liga,GK,27.0,71.0,63.31305,11.0
Caio Secco,Moreirense,2025-2026,primeira-liga,GK,35.0,64.1,61.53703,12.0
Adriel,AVS Futebol,2025-2026,primeira-liga,GK,25.0,60.8,60.887398,13.0
Juan Castillo,Vitória Guimarães,2025-2026,primeira-liga,GK,23.0,59.5,60.695007,14.0
Renan Ribeiro,Estrela,2025-2026,primeira-liga,GK,36.0,60.7,59.921844,15.0
Patrick Sequeira,Casa Pia,2025-2026,primeira-liga,GK,27.0,57.7,58.58519,16.0
Ennio van der Gouw,Rio Ave,2025-2026,primeira-liga,GK,25.0,53.4,57.80737,17.0
André Ferreira,Moreirense,2025-2026,primeira-liga,GK,29.0,56.2,56.8297,18.0
Cezary Miszta,Rio Ave,2025-2026,primeira-liga,GK,24.0,50.5,55.50154,19.0
André Gomes,Alverca,2025-2026,primeira-liga,GK,21.0,49.6,54.896393,20.0
Charles,Vitória Guimarães,2025-2026,primeira-liga,GK,32.0,49.0,52.47795,21.0
João Gonçalves,AVS Futebol,2025-2026,primeira-liga,GK,25.0,45.6,52.25837,22.0
Lucão,Gil Vicente FC,2025-2026,primeira-liga,GK,25.0,32.2,51.80007,23.0
Matheus Mendes,Alverca,2025-2026,primeira-liga,GK,27.0,32.3,51.242744,24.0
Joel Robles,Estoril,2025-2026,primeira-liga,GK,35.0,46.6,50.907375,25.0
João Valido,Arouca,2025-2026,primeira-liga,GK,26.0,43.1,50.20804,26.0
Nico Mantl,Arouca,2025-2026,primeira-liga,GK,26.0,38.9,49.691174,27.0
Simão Bertelli,AVS Futebol,2025-2026,primeira-liga,GK,32.0,37.4,46.762154,28.0
Lucas França,Nacional,2025-2026,primeira-liga,GK,30.0,35.7,42.57135,29.0
Andreas Schjelderup,Benfica,2025-2026,primeira-liga,MF,21.0,85.1,75.6967,1.0
Rodrigo Zalazar,Braga,2025-2026,primeira-liga,MF,26.0,87.3,75.53747,2.0
Ricardo Horta,Braga,2025-2026,primeira-liga,MF,31.0,85.2,74.5767,3.0
Gabriel Veiga,Porto,2025-2026,primeira-liga,MF,23.0,83.7,73.058914,4.0
Pedro Gonçalves,Sporting CP,2025-2026,primeira-liga,MF,27.0,83.6,72.78071,5.0
Dodi Lukebakio,Benfica,2025-2026,primeira-liga,MF,28.0,80.4,72.61042,6.0
Gianluca Prestianni,Benfica,2025-2026,primeira-liga,MF,20.0,83.4,72.51194,7.0
Geny Catamo,Sporting CP,2025-2026,primeira-liga,MF,25.0,82.4,72.044235,8.0
Abraham Marcus,Estrela,2025-2026,primeira-liga,MF,26.0,83.0,70.14278,9.0
Daniel Bragança,Sporting CP,2025-2026,primeira-liga,MF,26.0,79.1,69.94802,10.0
Rafa Silva,Benfica,2025-2026,primeira-liga,MF,33.0,79.7,69.61907,11.0
Jovane Cabral,Estrela,2025-2026,primeira-liga,MF,27.0,81.2,69.18584,12.0
Sidny Cabral,Estrela,2025-2026,primeira-liga,MF,23.0,80.3,68.985054,13.0
Richard Ríos,Benfica,2025-2026,primeira-liga,MF,25.0,82.5,68.67841,14.0
Samu,Vitória Guimarães,2025-2026,primeira-liga,MF,30.0,82.8,68.5241,15.0
Welinton Torrão,Santa Clara,2025-2026,primeira-liga,MF,26.0,80.7,68.162285,16.0
Rafik Guitane,Estoril,2025-2026,primeira-liga,MF,26.0,81.9,68.09745,17.0
Geovany Quenda,Sporting CP,2025-2026,primeira-liga,MF,19.0,80.5,67.66591,18.0
Rodrigo Mora,Porto,2025-2026,primeira-liga,MF,19.0,76.7,67.64128,19.0
Victor Froholdt,Porto,2025-2026,primeira-liga,MF,20.0,80.6,67.62381,20.0
Oumar Camara,Vitória Guimarães,2025-2026,primeira-liga,MF,19.0,75.1,66.97194,21.0
Noah Saviolo,Vitória Guimarães,2025-2026,primeira-liga,MF,22.0,75.2,66.49624,22.0
Gabri Martínez,Braga,2025-2026,primeira-liga,MF,23.0,78.0,66.36841,23.0
Francisco Trincão,Sporting CP,2025-2026,primeira-liga,MF,26.0,77.4,66.06599,24.0
Alfonso Trezza,Arouca,2025-2026,primeira-liga,MF,26.0,76.7,66.0624,25.0
João Carvalho,Estoril,2025-2026,primeira-liga,MF,29.0,76.6,65.51501,26.0
Antoine Joujou,Famalicão,2025-2026,primeira-liga,MF,23.0,77.3,65.38432,27.0
Naïs Djouahra,Arouca,2025-2026,primeira-liga,MF,26.0,75.0,65.32201,28.0
Rafael Barbosa,AVS Futebol,2025-2026,primeira-liga,MF,30.0,74.7,64.81587,29.0
Diogo Bezerra,Rio Ave,2025-2026,primeira-liga,MF,23.0,75.0,64.65824,30.0
Óscar Perea,AVS Futebol,2025-2026,primeira-liga,MF,20.0,72.5,64.62183,31.0
Alan,Moreirense,2025-2026,primeira-liga,MF,26.0,76.5,64.57329,32.0
Ianis Stoica,Estrela,2025-2026,primeira-liga,MF,23.0,73.0,64.48942,33.0
Ivan Cavaleiro,Tondela,2025-2026,primeira-liga,MF,32.0,70.8,64.44794,34.0
Diogo Travassos,Moreirense,2025-2026,primeira-liga,MF,22.0,75.9,64.16149,35.0
Rony Lopes,Tondela,2025-2026,primeira-liga,MF,30.0,70.8,63.988274,36.0
Dario Špikić,Rio Ave,2025-2026,primeira-liga,MF,27.0,74.7,63.6225,37.0
Babatunde Akinsola,AVS Futebol,2025-2026,primeira-liga,MF,23.0,73.2,63.56629,38.0
Makan Aiko,Tondela,2025-2026,primeira-liga,MF,25.0,74.5,63.49391,39.0
Pedro Lima,AVS Futebol,2025-2026,primeira-liga,MF,23.0,74.1,63.34253,40.0
Luís Esteves,Gil Vicente FC,2025-2026,primeira-liga,MF,28.0,78.6,63.261097,41.0
Serginho,Santa Clara,2025-2026,primeira-liga,MF,26.0,74.3,63.12895,42.0
Agustín Moreira,Gil Vicente FC,2025-2026,primeira-liga,MF,24.0,72.1,62.89477,43.0
Murilo Costa,Gil Vicente FC,2025-2026,primeira-liga,MF,31.0,70.1,62.70754,44.0
Demir Ege Tıknaz,Braga,2025-2026,primeira-liga,MF,21.0,68.1,62.66766,45.0
Heorhiy Sudakov,Benfica,2025-2026,primeira-liga,MF,23.0,66.8,62.491005,46.0
Mario Dorgelès,Braga,2025-2026,primeira-liga,MF,21.0,67.0,62.450684,47.0
Rodri,Moreirense,2025-2026,primeira-liga,MF,23.0,69.9,62.43481,48.0
Alan Varela,Porto,2025-2026,primeira-liga,MF,24.0,66.1,62.24189,49.0
Marcos Vinicios Sorriso,Famalicão,2025-2026,primeira-liga,MF,25.0,67.3,62.23628,50.0
Lincoln,Alverca,2025-2026,primeira-liga,MF,27.0,75.5,62.215355,51.0
Telmo Arcanjo,Vitória Guimarães,2025-2026,primeira-liga,MF,24.0,65.8,62.150265,52.0
Yarlen Augusto,Tondela,2025-2026,primeira-liga,MF,20.0,63.4,62.146137,53.0
Santiago García,Gil Vicente FC,2025-2026,primeira-liga,MF,24.0,64.6,61.981472,54.0
Larra,Casa Pia,2025-2026,primeira-liga,MF,28.0,68.0,61.958378,55.0
Lee Hyunju,Arouca,2025-2026,primeira-liga,MF,23.0,60.7,61.626663,56.0
Vasco Sousa,Moreirense,2025-2026,primeira-liga,MF,23.0,64.9,61.624695,57.0
Pablo Gozalbez,Arouca,2025-2026,primeira-liga,MF,25.0,71.8,61.514526,58.0
Nodari Lominadze,Estoril,2025-2026,primeira-liga,MF,24.0,62.5,61.376026,59.0
Matija Mitrovic,Vitória Guimarães,2025-2026,primeira-liga,MF,21.0,61.2,61.36088,60.0
Davy Gui,Alverca,2025-2026,primeira-liga,MF,19.0,67.5,61.060005,61.0
Diogo Spencer,AVS Futebol,2025-2026,primeira-liga,MF,22.0,62.4,61.05603,62.0
Joelson Fernandes,Gil Vicente FC,2025-2026,primeira-liga,MF,23.0,69.3,60.754814,63.0
Fredrik Aursnes,Benfica,2025-2026,primeira-liga,MF,30.0,71.7,60.530113,64.0
Pedro Santos,Famalicão,2025-2026,primeira-liga,MF,23.0,60.3,60.24367,65.0
Gil Bastião Dias,Famalicão,2025-2026,primeira-liga,MF,29.0,69.8,60.056293,66.0
Leandro Barreiro Martins,Benfica,2025-2026,primeira-liga,MF,26.0,61.7,59.965405,67.0
Maranhão,Tondela,2025-2026,primeira-liga,MF,27.0,63.8,59.95577,68.0
Guilherme Neiva Silva,AVS Futebol,2025-2026,primeira-liga,MF,25.0,60.7,59.93073,69.0
Mathias De Amorim,Famalicão,2025-2026,primeira-liga,MF,21.0,60.4,59.880657,70.0
Morten Hjulmand,Sporting CP,2025-2026,primeira-liga,MF,26.0,69.4,59.84688,71.0
Bernardo Martins,Moreirense,2025-2026,primeira-liga,MF,28.0,66.2,59.79358,72.0
Pizzi,Estoril,2025-2026,primeira-liga,MF,36.0,64.4,59.790195,73.0
Taichi Fukui,Arouca,2025-2026,primeira-liga,MF,21.0,65.5,59.53737,74.0
Gustavo Klismahn,Santa Clara,2025-2026,primeira-liga,MF,26.0,61.0,59.490643,75.0
Jorge Meireles,Estrela,2025-2026,primeira-liga,MF,22.0,59.5,58.996,76.0
Tiago Parente,Estoril,2025-2026,primeira-liga,MF,22.0,57.7,58.53968,77.0
Nile John,Moreirense,2025-2026,primeira-liga,MF,23.0,59.3,58.29794,78.0
Diego Rodrigues,Braga,2025-2026,primeira-liga,MF,20.0,61.8,58.086864,79.0
Daniel Júnior,Nacional,2025-2026,primeira-liga,MF,24.0,56.8,57.805195,80.0
Paulo Moreira,Estrela,2025-2026,primeira-liga,MF,26.0,60.8,57.727104,81.0
Gonçalo Nogueira,Vitória Guimarães,2025-2026,primeira-liga,MF,22.0,60.6,57.667233,82.0
Jordan Holsgrove,Estoril,2025-2026,primeira-liga,MF,26.0,68.6,57.60981,83.0
Afonso Assis,Moreirense,2025-2026,primeira-liga,MF,19.0,57.4,57.538197,84.0
Diogo Lobão,Vitória Guimarães,2025-2026,primeira-liga,MF,20.0,57.1,57.448956,85.0
Renato Nhaga,Casa Pia,2025-2026,primeira-liga,MF,19.0,55.8,57.35422,86.0
Victor Gomez,Braga,2025-2026,primeira-liga,MF,26.0,62.0,57.34552,87.0
Hidemasa Morita,Sporting CP,2025-2026,primeira-liga,MF,31.0,65.0,56.88771,88.0
Leonardo Lelo,Braga,2025-2026,primeira-liga,MF,26.0,59.5,56.83014,89.0
Miguel Puche García,Arouca,2025-2026,primeira-liga,MF,25.0,56.0,56.77099,90.0
Gustavo sá,Famalicão,2025-2026,primeira-liga,MF,21.0,57.3,56.548492,91.0
Amorim,Alverca,2025-2026,primeira-liga,MF,21.0,56.6,56.484455,92.0
Landerson,Moreirense,2025-2026,primeira-liga,MF,19.0,56.1,56.297802,93.0
Giorgi Kochorashvili,Sporting CP,2025-2026,primeira-liga,MF,26.0,56.9,56.204823,94.0
Luis Guilherme,Sporting CP,2025-2026,primeira-liga,MF,20.0,51.8,56.12331,95.0
João Moutinho,Braga,2025-2026,primeira-liga,MF,39.0,65.2,55.96017,96.0
João Simões,Sporting CP,2025-2026,primeira-liga,MF,19.0,53.3,55.946938,97.0
Pablo Rosario,Porto,2025-2026,primeira-liga,MF,29.0,59.0,55.798332,98.0
Martín Fernández,Gil Vicente FC,2025-2026,primeira-liga,MF,22.0,53.7,54.986015,99.0
Brandon Aguilera,Rio Ave,2025-2026,primeira-liga,MF,22.0,52.1,54.774742,100.0
Liziero,Nacional,2025-2026,primeira-liga,MF,28.0,60.2,54.193863,101.0
João Nogueira,Vitória Guimarães,2025-2026,primeira-liga,MF,21.0,49.1,54.117588,102.0
Chiheb Labidi,Nacional,2025-2026,primeira-liga,MF,24.0,53.1,53.392853,103.0
Gueladan Doué,Estrela,2025-2026,primeira-liga,MF,20.0,46.5,53.2194,104.0
Budiga Roni,AVS Futebol,2025-2026,primeira-liga,MF,27.0,49.1,53.20352,105.0
Abdu Conté,Casa Pia,2025-2026,primeira-liga,MF,28.0,52.7,53.18111,106.0
Filipe Soares,Nacional,2025-2026,primeira-liga,MF,27.0,51.2,52.87126,107.0
Kelian Nsona Wa Saka,Casa Pia,2025-2026,primeira-liga,MF,24.0,49.9,52.83851,108.0
Rafael Brito,Casa Pia,2025-2026,primeira-liga,MF,24.0,50.3,52.805336,109.0
Marious Vrousai,Rio Ave,2025-2026,primeira-liga,MF,27.0,53.4,52.496407,110.0
Florian Grillitsch,Braga,2025-2026,primeira-liga,MF,30.0,55.2,52.335213,111.0
Oumar Ngom,Estrela,2025-2026,primeira-liga,MF,22.0,49.1,52.210934,112.0
Kiko Bondoso,Moreirense,2025-2026,primeira-liga,MF,30.0,54.5,51.957153,113.0
Francisco Chissumba,Alverca,2025-2026,primeira-liga,MF,20.0,48.4,51.629463,114.0
Pablo,Nacional,2025-2026,primeira-liga,MF,23.0,44.9,51.52766,115.0
Cédric Teguia,Moreirense,2025-2026,primeira-liga,MF,24.0,45.6,51.01128,116.0
Beni,Vitória Guimarães,2025-2026,primeira-liga,MF,24.0,53.3,51.00237,117.0
Pedro Carvalho,Estoril,2025-2026,primeira-liga,MF,23.0,49.1,50.971027,118.0
Ángel Algobia,AVS Futebol,2025-2026,primeira-liga,MF,26.0,48.5,50.908382,119.0
Espen van Ee,Arouca,2025-2026,primeira-liga,MF,22.0,51.1,50.82495,120.0
Nabil Touaizi,Alverca,2025-2026,primeira-liga,MF,25.0,49.8,50.817238,121.0
José Tavares,Santa Clara,2025-2026,primeira-liga,MF,22.0,48.4,50.220524,122.0
Enzo Barrenechea,Benfica,2025-2026,primeira-liga,MF,25.0,48.7,50.205826,123.0
Robinho,Estrela,2025-2026,primeira-liga,MF,23.0,46.0,50.118618,124.0
Isaac James,Alverca,2025-2026,primeira-liga,MF,21.0,49.0,49.995277,125.0
Hugo Sequeira,Tondela,2025-2026,primeira-liga,MF,22.0,41.8,49.31118,126.0
Xeka,Estoril,2025-2026,primeira-liga,MF,31.0,43.7,49.120342,127.0
Rhaldney,Alverca,2025-2026,primeira-liga,MF,27.0,41.2,49.089336,128.0
Miguel Baeza,Nacional,2025-2026,primeira-liga,MF,26.0,41.2,49.078773,129.0
João Tomé,Rio Ave,2025-2026,primeira-liga,MF,23.0,42.6,48.70452,130.0
Matheus Dias,Nacional,2025-2026,primeira-liga,MF,24.0,45.6,48.360027,131.0
Jean Gorby,Braga,2025-2026,primeira-liga,MF,23.0,42.4,48.3119,132.0
Adriano,Santa Clara,2025-2026,primeira-liga,MF,26.0,43.6,48.143948,133.0
Nicolaos Athanasiou,Rio Ave,2025-2026,primeira-liga,MF,25.0,41.8,48.080357,134.0
Tamás Nikitscher,Rio Ave,2025-2026,primeira-liga,MF,26.0,44.8,47.931988,135.0
Gustavo Mendonça,AVS Futebol,2025-2026,primeira-liga,MF,23.0,42.0,47.88174,136.0
Iyad Mohamed,Casa Pia,2025-2026,primeira-liga,MF,25.0,42.3,47.868732,137.0
Andreas Ntoi,Rio Ave,2025-2026,primeira-liga,MF,23.0,42.6,47.29751,138.0
Jandro Orellana,Estoril,2025-2026,primeira-liga,MF,25.0,42.7,47.065907,139.0
Lawrence Ofori,Casa Pia,2025-2026,primeira-liga,MF,27.0,38.7,46.909306,140.0
Kevin Höög-Jansson,Estrela,2025-2026,primeira-liga,MF,25.0,37.3,46.788513,141.0
Sabit Abdulai,Alverca,2025-2026,primeira-liga,MF,27.0,44.6,46.757088,142.0
Pedro Rosas,Casa Pia,2025-2026,primeira-liga,MF,25.0,37.3,46.712914,143.0
Georgios Liavas,Rio Ave,2025-2026,primeira-liga,MF,25.0,39.1,46.105293,144.0
Sie Ouattara,Tondela,2025-2026,primeira-liga,MF,24.0,32.8,45.46937,145.0
Mateja Stjepanović,Moreirense,2025-2026,primeira-liga,MF,22.0,40.6,45.39841,146.0
Pedro Ferreira,Santa Clara,2025-2026,primeira-liga,MF,28.0,43.3,45.11781,147.0
Joseph Hodge,Tondela,2025-2026,primeira-liga,MF,23.0,38.0,45.036804,148.0
Yassin Oukili,Casa Pia,2025-2026,primeira-liga,MF,25.0,38.2,44.655537,149.0
Fahem Benaissa Yahia,Casa Pia,2025-2026,primeira-liga,MF,24.0,37.3,44.530136,150.0
Sphephelo Sithole,Tondela,2025-2026,primeira-liga,MF,27.0,40.4,44.47542,151.0
David Simão,Arouca,2025-2026,primeira-liga,MF,36.0,40.9,44.465515,152.0
Juan Rodríguez,Tondela,2025-2026,primeira-liga,MF,20.0,36.3,44.271397,153.0
Guilherme Serrão,Estrela,2025-2026,primeira-liga,MF,22.0,36.4,44.239044,154.0
Facundo Cáseres,Gil Vicente FC,2025-2026,primeira-liga,MF,24.0,39.6,43.588165,155.0
Alex Sola,Estrela,2025-2026,primeira-liga,MF,22.0,32.9,43.229588,156.0
Clebinho,Tondela,2025-2026,primeira-liga,MF,29.0,38.2,42.873383,157.0
Gustavo Assuncao,AVS Futebol,2025-2026,primeira-liga,MF,26.0,36.1,42.83238,158.0
Tom van de Looi,Famalicão,2025-2026,primeira-liga,MF,26.0,36.0,42.81614,159.0
Pedro Santos,Arouca,2025-2026,primeira-liga,MF,25.0,31.7,42.359417,160.0
Jaume Grau,AVS Futebol,2025-2026,primeira-liga,MF,29.0,33.9,41.73478,161.0
Tidjany Chabrol,Gil Vicente FC,2025-2026,primeira-liga,MF,23.0,30.1,41.37725,162.0
Tiago Galletto,AVS Futebol,2025-2026,primeira-liga,MF,24.0,29.5,40.427425,163.0
Hélder Tavares,Tondela,2025-2026,primeira-liga,MF,36.0,30.0,40.40171,164.0
Omar Richards,Rio Ave,2025-2026,primeira-liga,MF,28.0,30.8,39.642437,165.0
Sebastián Pérez Cardona,Casa Pia,2025-2026,primeira-liga,MF,33.0,32.7,38.612755,166.0
Oumar Solet,Udinese,2025-2026,serie-a,DF,26.0,91.3,77.26476,1.0
Giorgio Scalvini,Atalanta,2025-2026,serie-a,DF,22.0,86.6,75.030464,2.0
Tarik Muharemovic,Sassuolo,2025-2026,serie-a,DF,23.0,85.1,72.89997,3.0
Ulisses Garcia,Sassuolo,2025-2026,serie-a,DF,30.0,82.7,72.70423,4.0
Pierre Kalulu,Juventus,2025-2026,serie-a,DF,25.0,83.2,71.2438,5.0
Jacobo Ramón,Como,2025-2026,serie-a,DF,21.0,83.9,70.644135,6.0
Tiago Gabriel,Lecce,2025-2026,serie-a,DF,21.0,81.4,70.338486,7.0
Adam Obert,Cagliari,2025-2026,serie-a,DF,23.0,82.8,70.28143,8.0
Gianluca Mancini,Roma,2025-2026,serie-a,DF,30.0,85.2,70.26876,9.0
Johan Vásquez,Genoa,2025-2026,serie-a,DF,27.0,83.7,70.16785,10.0
Strahinja Pavlović,Milan,2025-2026,serie-a,DF,24.0,83.5,70.09907,11.0
Victor Nelsson,Hellas Verona,2025-2026,serie-a,DF,27.0,80.7,69.7281,12.0
Filippo Terracciano,Cremonese,2025-2026,serie-a,DF,23.0,79.9,69.12109,13.0
Juan Miranda,Bologna,2025-2026,serie-a,DF,26.0,80.7,68.07586,14.0
Antonio Caracciolo,Pisa,2025-2026,serie-a,DF,35.0,83.7,67.47785,15.0
Danilo Veiga,Lecce,2025-2026,serie-a,DF,23.0,80.1,66.892105,16.0
Saúl Coco,Torino,2025-2026,serie-a,DF,27.0,80.2,66.76439,17.0
Yann Aurel Bisseck,Inter,2025-2026,serie-a,DF,25.0,75.3,66.58051,18.0
Alessandro Bastoni,Inter,2025-2026,serie-a,DF,27.0,81.1,66.48357,19.0
Emil Holm,Bologna,2025-2026,serie-a,DF,26.0,78.2,66.46794,20.0
Dodô,Fiorentina,2025-2026,serie-a,DF,27.0,76.6,65.88807,21.0
Manuel Akanji,Inter,2025-2026,serie-a,DF,30.0,77.6,65.40079,22.0
Antonino Gallo,Lecce,2025-2026,serie-a,DF,26.0,77.3,65.278496,23.0
Mario Hermoso,Roma,2025-2026,serie-a,DF,30.0,77.2,65.25315,24.0
Jhon Lucumí,Bologna,2025-2026,serie-a,DF,27.0,73.3,64.45514,25.0
Thomas Kristensen,Udinese,2025-2026,serie-a,DF,24.0,67.9,64.28437,26.0
Sebastiano Luperto,Cremonese,2025-2026,serie-a,DF,29.0,72.4,63.98642,27.0
Guillermo Maripán,Torino,2025-2026,serie-a,DF,32.0,77.2,63.733376,28.0
João Mário Lopes,Bologna,2025-2026,serie-a,DF,26.0,75.6,63.527508,29.0
Alberto Dossena,Cagliari,2025-2026,serie-a,DF,27.0,73.0,63.486317,30.0
Jay Idzes,Sassuolo,2025-2026,serie-a,DF,25.0,65.8,63.477962,31.0
Simone Canestrelli,Pisa,2025-2026,serie-a,DF,25.0,69.5,63.370594,32.0
Mario Gila,Lazio,2025-2026,serie-a,DF,25.0,70.5,63.3629,33.0
Gleison Bremer,Juventus,2025-2026,serie-a,DF,29.0,76.7,63.09324,34.0
Marin Pongračić,Fiorentina,2025-2026,serie-a,DF,28.0,69.3,62.539165,35.0
Lloyd Kelly,Juventus,2025-2026,serie-a,DF,27.0,70.5,62.438496,36.0
Giovanni Di Lorenzo,Napoli,2025-2026,serie-a,DF,32.0,73.1,62.26826,37.0
Nicolò Bertola,Udinese,2025-2026,serie-a,DF,23.0,64.0,62.22422,38.0
Álex Valle,Como,2025-2026,serie-a,DF,22.0,73.3,62.193817,39.0
Babis Lykogiannis,Bologna,2025-2026,serie-a,DF,32.0,73.2,62.087368,40.0
Luca Ranieri,Fiorentina,2025-2026,serie-a,DF,27.0,66.4,62.08617,41.0
Marc-Oliver Kempf,Como,2025-2026,serie-a,DF,31.0,74.1,62.068153,42.0
Alessandro Buongiorno,Napoli,2025-2026,serie-a,DF,26.0,70.0,61.638813,43.0
Isak Hien,Atalanta,2025-2026,serie-a,DF,27.0,69.1,61.620857,44.0
Fikayo Tomori,Milan,2025-2026,serie-a,DF,28.0,71.3,61.17178,45.0
Adam Marušić,Lazio,2025-2026,serie-a,DF,33.0,71.1,61.145847,46.0
Nuno Tavares,Lazio,2025-2026,serie-a,DF,26.0,56.0,60.945293,47.0
Nadir Zortea,Bologna,2025-2026,serie-a,DF,26.0,60.8,60.926548,48.0
Federico Gatti,Juventus,2025-2026,serie-a,DF,27.0,60.0,60.76629,49.0
Honest Ahanor,Atalanta,2025-2026,serie-a,DF,18.0,58.5,60.75493,50.0
Robin Gosens,Fiorentina,2025-2026,serie-a,DF,31.0,71.0,60.723038,51.0
Gabriele Zappa,Cagliari,2025-2026,serie-a,DF,26.0,64.0,60.71556,52.0
Enrico Delprato,Parma,2025-2026,serie-a,DF,26.0,59.3,60.70728,53.0
Luca Marianucci,Torino,2025-2026,serie-a,DF,21.0,55.8,60.681126,54.0
Sebastian Walukiewicz,Sassuolo,2025-2026,serie-a,DF,26.0,68.0,60.67722,55.0
Ivan Smolčić,Como,2025-2026,serie-a,DF,25.0,59.9,60.45647,56.0
Lautaro Valenti,Parma,2025-2026,serie-a,DF,27.0,66.2,60.261337,57.0
Berat Djimsiti,Atalanta,2025-2026,serie-a,DF,33.0,74.7,60.036465,58.0
Josh Doig,Sassuolo,2025-2026,serie-a,DF,24.0,55.3,59.910507,59.0
Mathías Olivera,Napoli,2025-2026,serie-a,DF,28.0,56.8,59.83825,60.0
Alessandro Circati,Parma,2025-2026,serie-a,DF,22.0,62.8,59.76066,61.0
Pietro Comuzzo,Fiorentina,2025-2026,serie-a,DF,21.0,55.3,59.759518,62.0
Mariano Troilo,Parma,2025-2026,serie-a,DF,22.0,56.2,59.59691,63.0
Koni De Winter,Milan,2025-2026,serie-a,DF,23.0,58.3,59.162224,64.0
Sam Beukema,Napoli,2025-2026,serie-a,DF,27.0,57.3,58.999958,65.0
Nicolás Valentini,Hellas Verona,2025-2026,serie-a,DF,25.0,52.5,58.823753,66.0
Yerry Mina,Cagliari,2025-2026,serie-a,DF,31.0,65.8,58.72408,67.0
Alberto Moreno,Como,2025-2026,serie-a,DF,33.0,65.6,58.688236,68.0
Abdoulaye Ndiaye,Parma,2025-2026,serie-a,DF,24.0,48.0,58.46638,69.0
Torbjørn Heggem,Bologna,2025-2026,serie-a,DF,27.0,57.3,58.423088,70.0
Luca Pellegrini,Lazio,2025-2026,serie-a,DF,27.0,52.6,58.359818,71.0
Daniele Ghilardi,Roma,2025-2026,serie-a,DF,23.0,49.7,58.08868,72.0
Rosen Bozhinov,Pisa,2025-2026,serie-a,DF,21.0,46.5,58.063957,73.0
Amir Rrahmani,Napoli,2025-2026,serie-a,DF,32.0,62.9,57.98178,74.0
Ardian Ismajli,Torino,2025-2026,serie-a,DF,29.0,63.9,57.913593,75.0
Federico Baschirotto,Cremonese,2025-2026,serie-a,DF,29.0,62.6,57.903675,76.0
Leo Skiri Østigård,Genoa,2025-2026,serie-a,DF,26.0,59.2,57.868896,77.0
Enzo Ebosse,Torino,2025-2026,serie-a,DF,27.0,52.4,57.797504,78.0
Alessandro Marcandalli,Genoa,2025-2026,serie-a,DF,23.0,55.3,57.710556,79.0
Jamil Siebert,Lecce,2025-2026,serie-a,DF,24.0,52.0,57.278515,80.0
Andrias Edmundsson,Hellas Verona,2025-2026,serie-a,DF,25.0,41.5,56.84133,81.0
Martin Vitík,Bologna,2025-2026,serie-a,DF,23.0,47.8,56.823566,82.0
Christian Kabasele,Udinese,2025-2026,serie-a,DF,35.0,66.9,56.71525,83.0
Odilon Kossounou,Atalanta,2025-2026,serie-a,DF,25.0,46.2,56.19576,84.0
Francesco Coppola,Pisa,2025-2026,serie-a,DF,21.0,32.7,56.095486,85.0
Alessio Romagnoli,Lazio,2025-2026,serie-a,DF,31.0,59.7,56.039967,86.0
Matteo Gabbia,Milan,2025-2026,serie-a,DF,26.0,51.5,55.93475,87.0
Woyo Coulibaly,Sassuolo,2025-2026,serie-a,DF,26.0,43.1,55.610493,88.0
Obite N'Dicka,Roma,2025-2026,serie-a,DF,26.0,49.5,55.271797,89.0
Diego Carlos,Como,2025-2026,serie-a,DF,33.0,58.2,55.23072,90.0
Armel Bella Kotchap,Hellas Verona,2025-2026,serie-a,DF,24.0,42.4,55.18799,91.0
Unai Núñez,Hellas Verona,2025-2026,serie-a,DF,29.0,47.0,54.97105,92.0
Juan Rodríguez,Cagliari,2025-2026,serie-a,DF,20.0,40.1,54.96809,93.0
Matteo Bianchetti,Cremonese,2025-2026,serie-a,DF,33.0,60.5,54.949127,94.0
Jan Ziółkowski,Roma,2025-2026,serie-a,DF,20.0,36.2,54.67555,95.0
Kialonda,Lecce,2025-2026,serie-a,DF,28.0,45.7,54.517548,96.0
Francesco Folino,Cremonese,2025-2026,serie-a,DF,24.0,38.1,54.422737,97.0
Giovanni Bonfanti,Pisa,2025-2026,serie-a,DF,23.0,41.1,54.327354,98.0
Ignace Van Der Brempt,Como,2025-2026,serie-a,DF,24.0,39.7,54.310635,99.0
Sebastiano Luperto,Cagliari,2025-2026,serie-a,DF,29.0,48.3,54.310223,100.0
Adrien Tameze,Torino,2025-2026,serie-a,DF,32.0,42.3,54.092915,101.0
Sead Kolašinac,Atalanta,2025-2026,serie-a,DF,32.0,43.5,52.96236,102.0
Juan Jesus,Napoli,2025-2026,serie-a,DF,34.0,51.3,52.94054,103.0
Arturo Calabresi,Pisa,2025-2026,serie-a,DF,30.0,44.2,52.829384,104.0
Raúl Albiol,Pisa,2025-2026,serie-a,DF,40.0,45.5,52.713425,105.0
Sebastian Otoa,Genoa,2025-2026,serie-a,DF,22.0,36.5,52.705997,106.0
Nicolò Casale,Bologna,2025-2026,serie-a,DF,28.0,38.1,52.658096,107.0
Manuel Lazzari,Lazio,2025-2026,serie-a,DF,32.0,40.7,52.383816,108.0
Fali Candé,Sassuolo,2025-2026,serie-a,DF,28.0,35.7,52.11536,109.0
Francesco Acerbi,Inter,2025-2026,serie-a,DF,38.0,45.0,52.026855,110.0
Oliver Nielsen,Lazio,2025-2026,serie-a,DF,22.0,34.1,51.99118,111.0
Pablo Marí,Fiorentina,2025-2026,serie-a,DF,32.0,40.7,51.76306,112.0
Corrie Ndaba,Lecce,2025-2026,serie-a,DF,26.0,34.3,51.477814,113.0
Federico Ceccherini,Cremonese,2025-2026,serie-a,DF,34.0,43.6,51.46556,114.0
Zé Pedro Figueiredo,Cagliari,2025-2026,serie-a,DF,28.0,34.7,50.368397,115.0
Stefan de Vrij,Inter,2025-2026,serie-a,DF,34.0,36.3,49.546223,116.0
Lautaro Martínez,Inter,2025-2026,serie-a,FW,28.0,88.8,80.6169,1.0
Nikola Krstović,Atalanta,2025-2026,serie-a,FW,26.0,86.9,78.79385,2.0
Christian Pulisic,Milan,2025-2026,serie-a,FW,27.0,87.3,78.67658,3.0
Marcus Thuram,Inter,2025-2026,serie-a,FW,28.0,86.7,76.493065,4.0
Donyell Malen,Roma,2025-2026,serie-a,FW,27.0,87.4,74.03426,5.0
Keinan Davis,Udinese,2025-2026,serie-a,FW,28.0,83.4,72.39292,6.0
Christopher Nkunku,Milan,2025-2026,serie-a,FW,28.0,82.4,72.36489,7.0
Rafael Leão,Milan,2025-2026,serie-a,FW,26.0,81.9,71.94159,8.0
Anastasios Douvikas,Como,2025-2026,serie-a,FW,26.0,80.2,70.538025,9.0
Rasmus Højlund,Napoli,2025-2026,serie-a,FW,23.0,78.4,70.11724,10.0
Ange-Yoan Bonny,Inter,2025-2026,serie-a,FW,22.0,80.7,69.94836,11.0
Gianluca Scamacca,Atalanta,2025-2026,serie-a,FW,27.0,79.8,69.709335,12.0
Moise Kean,Fiorentina,2025-2026,serie-a,FW,26.0,77.0,69.437325,13.0
Gift Orban,Hellas Verona,2025-2026,serie-a,FW,23.0,77.0,69.22787,14.0
Domenico Berardi,Sassuolo,2025-2026,serie-a,FW,31.0,79.4,68.73853,15.0
Giovanni Simeone,Torino,2025-2026,serie-a,FW,30.0,77.9,68.65623,16.0
Jonathan David,Juventus,2025-2026,serie-a,FW,26.0,77.7,68.4844,17.0
Dušan Vlahović,Juventus,2025-2026,serie-a,FW,26.0,76.5,67.68581,18.0
Armand Lauriente,Sassuolo,2025-2026,serie-a,FW,27.0,75.1,67.15494,19.0
Giovane,Hellas Verona,2025-2026,serie-a,FW,22.0,74.2,65.84352,20.0
Gustav Isaksen,Lazio,2025-2026,serie-a,FW,25.0,67.3,65.835495,21.0
Tijjani Noslin,Lazio,2025-2026,serie-a,FW,26.0,72.1,65.339294,22.0
Andrea Pinamonti,Sassuolo,2025-2026,serie-a,FW,27.0,70.7,64.8402,23.0
Evan Ferguson,Roma,2025-2026,serie-a,FW,21.0,73.1,64.534996,24.0
Lorenzo Colombo,Genoa,2025-2026,serie-a,FW,24.0,67.9,64.30929,25.0
Ademola Lookman,Atalanta,2025-2026,serie-a,FW,28.0,65.9,64.166016,26.0
Mateo Pellegrino,Parma,2025-2026,serie-a,FW,25.0,61.7,63.239197,27.0
Santiago Castro,Bologna,2025-2026,serie-a,FW,21.0,63.6,63.107204,28.0
Daniel Maldini,Lazio,2025-2026,serie-a,FW,24.0,70.6,62.969757,29.0
Valentín Castellanos,Lazio,2025-2026,serie-a,FW,27.0,69.9,62.937656,30.0
Cristian Volpato,Sassuolo,2025-2026,serie-a,FW,22.0,63.1,62.665745,31.0
David Neres,Napoli,2025-2026,serie-a,FW,29.0,64.6,62.616055,32.0
Che Adams,Torino,2025-2026,serie-a,FW,29.0,65.8,62.566673,33.0
Francesco Esposito,Inter,2025-2026,serie-a,FW,20.0,65.7,62.528744,34.0
Pedro,Lazio,2025-2026,serie-a,FW,38.0,68.5,62.484882,35.0
Nicolò Zaniolo,Udinese,2025-2026,serie-a,FW,26.0,61.9,62.26965,36.0
Caleb Ekuban,Genoa,2025-2026,serie-a,FW,32.0,68.9,62.21626,37.0
Matteo Cancellieri,Lazio,2025-2026,serie-a,FW,24.0,61.0,62.192543,38.0
Vitinha,Genoa,2025-2026,serie-a,FW,26.0,64.8,62.083813,39.0
Walid Cheddira,Lecce,2025-2026,serie-a,FW,28.0,68.8,61.620796,40.0
Federico Bonazzoli,Cremonese,2025-2026,serie-a,FW,29.0,65.0,61.216198,41.0
Gennaro Borrelli,Cagliari,2025-2026,serie-a,FW,26.0,60.1,60.905872,42.0
Mattia Zaccagni,Lazio,2025-2026,serie-a,FW,30.0,59.1,60.688046,43.0
Adam Buksa,Udinese,2025-2026,serie-a,FW,29.0,61.0,60.417812,44.0
Santiago Giménez,Milan,2025-2026,serie-a,FW,25.0,39.5,60.38641,45.0
Kieron Bowie,Hellas Verona,2025-2026,serie-a,FW,23.0,54.0,60.3435,46.0
Sebastiano Esposito,Cagliari,2025-2026,serie-a,FW,23.0,59.2,60.191998,47.0
Jeff Ekhator,Genoa,2025-2026,serie-a,FW,19.0,51.1,60.029243,48.0
Roberto Piccoli,Fiorentina,2025-2026,serie-a,FW,25.0,55.5,60.006332,49.0
Filip Stojilković,Pisa,2025-2026,serie-a,FW,26.0,43.4,59.685856,50.0
Duván Zapata,Torino,2025-2026,serie-a,FW,35.0,65.1,59.667763,51.0
Loïs Openda,Juventus,2025-2026,serie-a,FW,26.0,50.2,59.632465,52.0
Alieu Fadera,Sassuolo,2025-2026,serie-a,FW,24.0,50.3,59.53407,53.0
Thijs Dallinga,Bologna,2025-2026,serie-a,FW,25.0,56.7,59.4244,54.0
Cyril Ngonge,Torino,2025-2026,serie-a,FW,25.0,51.1,58.99272,55.0
Noa Lang,Napoli,2025-2026,serie-a,FW,26.0,53.0,58.87853,56.0
Semih Kılıçsoy,Cagliari,2025-2026,serie-a,FW,20.0,41.8,58.83864,57.0
Jamie Vardy,Cremonese,2025-2026,serie-a,FW,39.0,66.2,58.837406,58.0
Franco Vázquez,Cremonese,2025-2026,serie-a,FW,37.0,59.1,58.201817,59.0
Niclas Füllkrug,Milan,2025-2026,serie-a,FW,33.0,59.6,58.15235,60.0
Riccardo Sottil,Lecce,2025-2026,serie-a,FW,26.0,43.5,58.095444,61.0
M'Bala Nzola,Pisa,2025-2026,serie-a,FW,29.0,47.4,58.02519,62.0
Stefano Moreo,Pisa,2025-2026,serie-a,FW,32.0,55.3,57.92121,63.0
Henrik Meister,Pisa,2025-2026,serie-a,FW,22.0,49.8,57.749954,64.0
Nikola Štulić,Lecce,2025-2026,serie-a,FW,24.0,46.6,57.280056,65.0
Antonio Sanabria,Cremonese,2025-2026,serie-a,FW,30.0,51.2,56.686363,66.0
Manor Solomon,Fiorentina,2025-2026,serie-a,FW,26.0,42.2,56.502934,67.0
Francesco Camarda,Lecce,2025-2026,serie-a,FW,18.0,35.6,56.235996,68.0
Álvaro Morata,Como,2025-2026,serie-a,FW,33.0,47.4,56.232826,69.0
Gaetano Oristanio,Parma,2025-2026,serie-a,FW,23.0,40.7,55.858185,70.0
Adrian Benedyczak,Parma,2025-2026,serie-a,FW,25.0,48.5,55.74596,71.0
Daniel Mosquera,Hellas Verona,2025-2026,serie-a,FW,26.0,41.4,55.708126,72.0
Boulaye Dia,Lazio,2025-2026,serie-a,FW,29.0,51.1,55.522427,73.0
Jack Harrison,Fiorentina,2025-2026,serie-a,FW,29.0,44.3,55.201283,74.0
Albert Guðmundsson,Fiorentina,2025-2026,serie-a,FW,28.0,43.6,54.767784,75.0
Gabriel Strefezza,Parma,2025-2026,serie-a,FW,29.0,41.1,54.678387,76.0
Patrick Cutrone,Parma,2025-2026,serie-a,FW,28.0,41.9,54.58955,77.0
Amin Sarr,Hellas Verona,2025-2026,serie-a,FW,25.0,39.9,54.169468,78.0
Tete Morente,Lecce,2025-2026,serie-a,FW,29.0,36.8,53.878212,79.0
Jacob Ondrejka,Parma,2025-2026,serie-a,FW,23.0,33.0,53.78052,80.0
Vakoun Bayo,Udinese,2025-2026,serie-a,FW,29.0,40.7,52.460613,81.0
Mile Svilar,Roma,2025-2026,serie-a,GK,26.0,91.6,80.34912,1.0
Jean Butez,Como,2025-2026,serie-a,GK,30.0,90.0,76.37678,2.0
Marco Carnesecchi,Atalanta,2025-2026,serie-a,GK,25.0,83.7,72.68911,3.0
Mike Maignan,Milan,2025-2026,serie-a,GK,30.0,85.6,72.12158,4.0
Ivan Provedel,Lazio,2025-2026,serie-a,GK,32.0,85.3,70.9889,5.0
Emil Audero,Cremonese,2025-2026,serie-a,GK,29.0,77.4,67.86615,6.0
Elia Caprile,Cagliari,2025-2026,serie-a,GK,24.0,68.5,67.45211,7.0
Michele Di Gregorio,Juventus,2025-2026,serie-a,GK,28.0,77.9,67.01806,8.0
Arijanet Muric,Sassuolo,2025-2026,serie-a,GK,27.0,72.5,66.77233,9.0
Yann Sommer,Inter,2025-2026,serie-a,GK,37.0,77.1,66.13585,10.0
Wladimiro Falcone,Lecce,2025-2026,serie-a,GK,31.0,70.3,64.98934,11.0
Maduka Okoye,Udinese,2025-2026,serie-a,GK,26.0,71.9,64.629616,12.0
David de Gea,Fiorentina,2025-2026,serie-a,GK,35.0,69.4,63.841118,13.0
Edoardo Corvi,Parma,2025-2026,serie-a,GK,25.0,67.3,63.157017,14.0
Edoardo Motta,Lazio,2025-2026,serie-a,GK,21.0,65.1,62.59706,15.0
Justin Bijlow,Genoa,2025-2026,serie-a,GK,28.0,60.7,62.405567,16.0
Vanja Milinković-Savić,Napoli,2025-2026,serie-a,GK,29.0,64.3,62.4009,17.0
Adrian Šemper,Pisa,2025-2026,serie-a,GK,28.0,56.2,60.53908,18.0
Alberto Paleari,Torino,2025-2026,serie-a,GK,33.0,60.1,59.749794,19.0
Zion Suzuki,Parma,2025-2026,serie-a,GK,23.0,52.1,58.934475,20.0
Federico Ravaglia,Bologna,2025-2026,serie-a,GK,26.0,50.1,58.50074,21.0
Łukasz Skorupski,Bologna,2025-2026,serie-a,GK,35.0,55.1,57.741158,22.0
Nicola Leali,Genoa,2025-2026,serie-a,GK,33.0,52.3,56.665806,23.0
Alex Meret,Napoli,2025-2026,serie-a,GK,29.0,46.1,56.588078,24.0
Franco Israel,Torino,2025-2026,serie-a,GK,26.0,39.1,54.992775,25.0
Mattia Perin,Juventus,2025-2026,serie-a,GK,33.0,41.6,54.94952,26.0
Lorenzo Montipò,Hellas Verona,2025-2026,serie-a,GK,30.0,47.4,54.93362,27.0
Stefano Turati,Sassuolo,2025-2026,serie-a,GK,24.0,39.4,54.05385,28.0
Razvan Sava,Udinese,2025-2026,serie-a,GK,23.0,34.1,53.738396,29.0
Simone Scuffet,Pisa,2025-2026,serie-a,GK,29.0,35.4,53.08589,30.0
Nícolas Andrade,Pisa,2025-2026,serie-a,GK,38.0,34.4,51.314613,31.0
Paulo Dybala,Roma,2025-2026,serie-a,MF,32.0,86.3,77.95876,1.0
Federico Dimarco,Inter,2025-2026,serie-a,MF,28.0,88.6,77.71635,2.0
Francisco Conceição,Juventus,2025-2026,serie-a,MF,23.0,87.6,76.97648,3.0
Scott McTominay,Napoli,2025-2026,serie-a,MF,29.0,87.7,75.77997,4.0
Giacomo Raspadori,Atalanta,2025-2026,serie-a,MF,26.0,86.3,75.708015,5.0
Charles De Ketelaere,Atalanta,2025-2026,serie-a,MF,25.0,86.0,75.31048,6.0
Nicolás Paz,Como,2025-2026,serie-a,MF,21.0,87.0,74.81385,7.0
Matìas Soulé,Roma,2025-2026,serie-a,MF,23.0,86.3,74.19563,8.0
Jesus Rodríguez,Como,2025-2026,serie-a,MF,20.0,84.2,73.74127,9.0
Martin Baturina,Como,2025-2026,serie-a,MF,23.0,83.4,73.69301,10.0
Hakan Çalhanoğlu,Inter,2025-2026,serie-a,MF,32.0,85.8,73.21379,11.0
Federico Bernardeschi,Bologna,2025-2026,serie-a,MF,32.0,83.3,73.18909,12.0
Jonathan Rowe,Bologna,2025-2026,serie-a,MF,23.0,82.6,73.18662,13.0
Arthur Atta,Udinese,2025-2026,serie-a,MF,23.0,83.3,72.82525,14.0
Riccardo Orsolini,Bologna,2025-2026,serie-a,MF,29.0,84.1,72.77101,15.0
Jeremie Boga,Juventus,2025-2026,serie-a,MF,29.0,84.5,72.72096,16.0
Kenan Yıldız,Juventus,2025-2026,serie-a,MF,21.0,79.9,72.48797,17.0
Weston McKennie,Juventus,2025-2026,serie-a,MF,27.0,83.2,71.88962,18.0
Lameck Banda,Lecce,2025-2026,serie-a,MF,25.0,82.2,71.36159,19.0
Lucas Da Cunha,Como,2025-2026,serie-a,MF,24.0,82.2,71.20952,20.0
Nikola Vlašić,Torino,2025-2026,serie-a,MF,28.0,82.2,71.166176,21.0
Lazar Samardzic,Atalanta,2025-2026,serie-a,MF,24.0,79.2,69.79146,22.0
Kristian Thorstvedt,Sassuolo,2025-2026,serie-a,MF,27.0,82.2,69.69539,23.0
Kamaldeen Sulemana,Atalanta,2025-2026,serie-a,MF,24.0,79.3,68.916534,24.0
Stephan El Shaarawy,Roma,2025-2026,serie-a,MF,33.0,80.0,68.78407,25.0
Henrikh Mkhitaryan,Inter,2025-2026,serie-a,MF,37.0,81.5,68.5509,26.0
Lorenzo Pellegrini,Roma,2025-2026,serie-a,MF,29.0,78.5,68.46165,27.0
Nicolò Barella,Inter,2025-2026,serie-a,MF,29.0,81.6,67.997345,28.0
Matteo Politano,Napoli,2025-2026,serie-a,MF,32.0,78.0,67.98836,29.0
Nicola Zalewski,Atalanta,2025-2026,serie-a,MF,24.0,76.7,67.82206,30.0
Niccolò Pisilli,Roma,2025-2026,serie-a,MF,21.0,77.7,67.48984,31.0
Jurgen Ekkelenkamp,Udinese,2025-2026,serie-a,MF,26.0,78.2,67.22247,32.0
Alisson Santos,Napoli,2025-2026,serie-a,MF,23.0,77.6,66.90128,33.0
Alexis Saelemaekers,Milan,2025-2026,serie-a,MF,26.0,76.9,66.63015,34.0
Cesare Casadei,Torino,2025-2026,serie-a,MF,23.0,74.8,66.6097,35.0
Youssouf Fofana,Milan,2025-2026,serie-a,MF,27.0,76.5,66.15659,36.0
Morten Thorsby,Cremonese,2025-2026,serie-a,MF,30.0,76.9,66.15332,37.0
Junior Messias,Genoa,2025-2026,serie-a,MF,35.0,80.2,66.106674,38.0
Nicolò Cambiaghi,Bologna,2025-2026,serie-a,MF,25.0,77.3,66.0488,39.0
Medon Berisha,Lecce,2025-2026,serie-a,MF,22.0,75.9,65.967995,40.0
Ruben Loftus-Cheek,Milan,2025-2026,serie-a,MF,30.0,76.1,65.96015,41.0
Kevin De Bruyne,Napoli,2025-2026,serie-a,MF,34.0,77.8,65.930275,42.0
Matteo Prati,Torino,2025-2026,serie-a,MF,22.0,77.1,65.877075,43.0
Jayden Addai,Como,2025-2026,serie-a,MF,20.0,72.1,65.861946,44.0
Rolando Mandragora,Fiorentina,2025-2026,serie-a,MF,28.0,77.1,65.84163,45.0
Maxence Caqueret,Como,2025-2026,serie-a,MF,26.0,74.1,65.748695,46.0
Hans Nicolussi Caviglia,Parma,2025-2026,serie-a,MF,25.0,73.8,65.57139,47.0
Marco Palestra,Cagliari,2025-2026,serie-a,MF,21.0,73.3,65.52548,48.0
Piotr Zieliński,Inter,2025-2026,serie-a,MF,32.0,75.6,65.48366,49.0
Gianluca Gaetano,Cagliari,2025-2026,serie-a,MF,26.0,73.6,65.47293,50.0
Mario Pašalić,Atalanta,2025-2026,serie-a,MF,31.0,76.6,65.34803,51.0
Ismaël Koné,Sassuolo,2025-2026,serie-a,MF,23.0,69.9,65.32799,52.0
Kenneth Taylor,Lazio,2025-2026,serie-a,MF,24.0,71.9,65.09756,53.0
Adrien Rabiot,Milan,2025-2026,serie-a,MF,31.0,77.5,64.99645,54.0
Adrian Bernabe,Parma,2025-2026,serie-a,MF,24.0,68.1,64.919975,55.0
Fabio Miretti,Juventus,2025-2026,serie-a,MF,22.0,77.5,64.86643,56.0
Jens Odgaard,Bologna,2025-2026,serie-a,MF,27.0,72.8,64.67802,57.0
Samuele Ricci,Milan,2025-2026,serie-a,MF,24.0,71.5,64.63011,58.0
Davide Frattesi,Inter,2025-2026,serie-a,MF,26.0,67.2,64.4514,59.0
Petar Sucic,Inter,2025-2026,serie-a,MF,22.0,70.9,64.432076,60.0
Wesley,Roma,2025-2026,serie-a,MF,22.0,69.8,64.176956,61.0
Rafik Belghali,Hellas Verona,2025-2026,serie-a,MF,23.0,67.7,64.12101,62.0
Davide Zappacosta,Atalanta,2025-2026,serie-a,MF,33.0,73.1,63.9287,63.0
Andrea Cambiaso,Juventus,2025-2026,serie-a,MF,26.0,72.9,63.916294,64.0
Giovanni Fabbian,Bologna,2025-2026,serie-a,MF,23.0,69.6,63.74237,65.0
Andre-Frank Zambo Anguissa,Napoli,2025-2026,serie-a,MF,30.0,70.6,63.444386,66.0
Gabriele Piccinini,Pisa,2025-2026,serie-a,MF,25.0,67.4,63.404827,67.0
Morten Thorsby,Genoa,2025-2026,serie-a,MF,30.0,71.7,63.35943,68.0
Assane Diao,Como,2025-2026,serie-a,MF,20.0,68.2,63.146313,69.0
Éderson,Atalanta,2025-2026,serie-a,MF,26.0,71.8,62.87943,70.0
Filip Kostić,Juventus,2025-2026,serie-a,MF,33.0,74.6,62.775063,71.0
Nicolò Fagioli,Fiorentina,2025-2026,serie-a,MF,25.0,67.6,62.62045,72.0
Jari Vandeputte,Cremonese,2025-2026,serie-a,MF,30.0,73.1,62.396538,73.0
Marco Brescianini,Fiorentina,2025-2026,serie-a,MF,26.0,70.1,62.283833,74.0
Mërgim Vojvoda,Como,2025-2026,serie-a,MF,31.0,66.4,62.234177,75.0
Nicolas-Gerrit Kühn,Como,2025-2026,serie-a,MF,26.0,67.8,62.231194,76.0
Hans Nicolussi Caviglia,Fiorentina,2025-2026,serie-a,MF,25.0,60.8,62.139328,77.0
Santiago Pierotti,Lecce,2025-2026,serie-a,MF,25.0,67.7,62.066475,78.0
Neil El Aynaoui,Roma,2025-2026,serie-a,MF,24.0,67.5,62.029037,79.0
Suat Serdar,Hellas Verona,2025-2026,serie-a,MF,29.0,67.1,61.77138,80.0
Luis Henrique,Inter,2025-2026,serie-a,MF,24.0,61.6,61.542927,81.0
Denzel Dumfries,Inter,2025-2026,serie-a,MF,30.0,68.2,61.474907,82.0
Mattéo Tramoni,Pisa,2025-2026,serie-a,MF,26.0,63.8,61.249237,83.0
Brooke Norton-Cuffy,Genoa,2025-2026,serie-a,MF,22.0,62.9,61.22766,84.0
Devyne Rensch,Roma,2025-2026,serie-a,MF,23.0,65.9,61.07714,85.0
Riyad Idrissi,Cagliari,2025-2026,serie-a,MF,20.0,59.3,61.07306,86.0
Zachary Athekame,Milan,2025-2026,serie-a,MF,21.0,64.4,60.985516,87.0
Konan N'dri,Lecce,2025-2026,serie-a,MF,25.0,58.8,60.971127,88.0
Fabiano Parisi,Fiorentina,2025-2026,serie-a,MF,25.0,63.0,60.924095,89.0
Emirhan İlkhan,Torino,2025-2026,serie-a,MF,21.0,63.9,60.367004,90.0
Omri Gandelman,Lecce,2025-2026,serie-a,MF,26.0,62.6,60.26987,91.0
Antonio Vergara,Napoli,2025-2026,serie-a,MF,23.0,59.7,60.13636,92.0
Michael Folorunsho,Cagliari,2025-2026,serie-a,MF,28.0,60.1,60.005802,93.0
Aarón Martín,Genoa,2025-2026,serie-a,MF,29.0,67.0,59.890064,94.0
Benjamín Domínguez,Bologna,2025-2026,serie-a,MF,22.0,61.4,59.78105,95.0
Tommaso Pobega,Bologna,2025-2026,serie-a,MF,26.0,62.3,59.7353,96.0
Ruslan Malinovskyi,Genoa,2025-2026,serie-a,MF,33.0,64.0,59.589195,97.0
Simon Sohm,Bologna,2025-2026,serie-a,MF,25.0,57.1,59.588417,98.0
Khéphren Thuram,Juventus,2025-2026,serie-a,MF,25.0,59.9,59.526917,99.0
Jakub Piotrowski,Udinese,2025-2026,serie-a,MF,28.0,64.4,59.39546,100.0
Manu Koné,Roma,2025-2026,serie-a,MF,25.0,59.8,59.33025,101.0
Idrissa Touré,Pisa,2025-2026,serie-a,MF,28.0,61.5,59.231903,102.0
Máximo Perrone,Como,2025-2026,serie-a,MF,23.0,64.1,59.190063,103.0
Danilo Cataldi,Lazio,2025-2026,serie-a,MF,31.0,64.9,59.06077,104.0
Cher Ndour,Fiorentina,2025-2026,serie-a,MF,21.0,57.7,58.981346,105.0
Alessio Zerbin,Cremonese,2025-2026,serie-a,MF,27.0,61.7,58.96271,106.0
Leonardo Spinazzola,Napoli,2025-2026,serie-a,MF,33.0,64.8,58.93267,107.0
Toma Bašić,Lazio,2025-2026,serie-a,MF,29.0,64.6,58.889557,108.0
Yunus Musah,Atalanta,2025-2026,serie-a,MF,23.0,53.5,58.880432,109.0
Luca Mazzitelli,Cagliari,2025-2026,serie-a,MF,30.0,61.1,58.754986,110.0
Simon Sohm,Fiorentina,2025-2026,serie-a,MF,25.0,57.4,58.74219,111.0
Youssef Maleh,Lecce,2025-2026,serie-a,MF,27.0,55.0,58.63129,112.0
Juan Cuadrado,Pisa,2025-2026,serie-a,MF,37.0,62.1,58.508076,113.0
Mattéo Guendouzi,Lazio,2025-2026,serie-a,MF,27.0,58.7,58.374462,114.0
Felipe Loyola,Pisa,2025-2026,serie-a,MF,25.0,55.3,58.251217,115.0
Martín Payero,Cremonese,2025-2026,serie-a,MF,27.0,57.4,58.155407,116.0
Lassana Coulibaly,Lecce,2025-2026,serie-a,MF,30.0,63.1,57.711987,117.0
Elif Elmas,Napoli,2025-2026,serie-a,MF,26.0,57.1,57.680542,118.0
Ebenezer Akinsanmiro,Pisa,2025-2026,serie-a,MF,21.0,55.8,57.124695,119.0
Gvidas Gineitis,Torino,2025-2026,serie-a,MF,22.0,57.4,57.054386,120.0
Marcus Pedersen,Torino,2025-2026,serie-a,MF,25.0,54.7,56.91746,121.0
Davide Bartesaghi,Milan,2025-2026,serie-a,MF,20.0,56.1,56.68265,122.0
Mehdi Léris,Pisa,2025-2026,serie-a,MF,27.0,58.1,56.31013,123.0
Luca Lipani,Sassuolo,2025-2026,serie-a,MF,21.0,53.4,56.14153,124.0
Nicolò Rovella,Lazio,2025-2026,serie-a,MF,24.0,49.8,55.999386,125.0
Carlos Augusto,Inter,2025-2026,serie-a,MF,27.0,56.9,55.862984,126.0
Lorenzo Bernasconi,Atalanta,2025-2026,serie-a,MF,22.0,55.4,55.856422,127.0
Zakaria Aboukhlal,Torino,2025-2026,serie-a,MF,26.0,46.4,55.69834,128.0
Jacopo Fazzini,Fiorentina,2025-2026,serie-a,MF,23.0,47.9,55.69763,129.0
Miguel Gutiérrez,Napoli,2025-2026,serie-a,MF,24.0,54.8,55.62735,130.0
Abdou Harroui,Hellas Verona,2025-2026,serie-a,MF,28.0,53.4,55.529934,131.0
Michel Ndary Adopo,Cagliari,2025-2026,serie-a,MF,25.0,59.2,55.47692,132.0
Ibrahim Sulemana,Cagliari,2025-2026,serie-a,MF,23.0,48.8,55.467194,133.0
Billy Gilmour,Napoli,2025-2026,serie-a,MF,24.0,47.8,55.320484,134.0
Alessandro Deiola,Cagliari,2025-2026,serie-a,MF,30.0,57.7,55.199028,135.0
Reda Belahyane,Lazio,2025-2026,serie-a,MF,21.0,48.2,54.99203,136.0
Nikola Moro,Bologna,2025-2026,serie-a,MF,28.0,53.9,54.97334,137.0
Patrizio Masini,Genoa,2025-2026,serie-a,MF,25.0,54.0,54.939594,138.0
Mohamed Kaba,Lecce,2025-2026,serie-a,MF,24.0,44.8,54.929832,139.0
Raoul Bellanova,Atalanta,2025-2026,serie-a,MF,26.0,50.5,54.928925,140.0
Manuel Locatelli,Juventus,2025-2026,serie-a,MF,28.0,61.3,54.82037,141.0
Antoine Bernede,Hellas Verona,2025-2026,serie-a,MF,26.0,56.6,54.75863,142.0
Alessandro Zanoli,Udinese,2025-2026,serie-a,MF,25.0,52.6,54.610493,143.0
Sergi Roberto,Como,2025-2026,serie-a,MF,34.0,54.1,54.4523,144.0
Rafel Obrador,Torino,2025-2026,serie-a,MF,22.0,46.5,54.406948,145.0
Youssef Maleh,Cremonese,2025-2026,serie-a,MF,27.0,49.8,54.346943,146.0
Samuele Angori,Pisa,2025-2026,serie-a,MF,22.0,52.3,54.23294,147.0
Lennon Miller,Udinese,2025-2026,serie-a,MF,19.0,51.3,54.019634,148.0
Matteo Prati,Cagliari,2025-2026,serie-a,MF,22.0,49.6,53.967876,149.0
Emanuele Valeri,Parma,2025-2026,serie-a,MF,27.0,53.0,53.376534,150.0
Hassane Kamara,Udinese,2025-2026,serie-a,MF,32.0,55.9,53.157146,151.0
Kristjan Asllani,Torino,2025-2026,serie-a,MF,24.0,44.8,53.07185,152.0
Niccolò Fortini,Fiorentina,2025-2026,serie-a,MF,20.0,42.0,53.01757,153.0
Ardon Jashari,Milan,2025-2026,serie-a,MF,23.0,42.4,52.993114,154.0
Tommaso Barbieri,Cremonese,2025-2026,serie-a,MF,23.0,49.0,52.898376,155.0
Luka Modrić,Milan,2025-2026,serie-a,MF,40.0,63.8,52.867508,156.0
Mandela Keita,Parma,2025-2026,serie-a,MF,24.0,52.6,52.849552,157.0
Mikael Ellertsson,Genoa,2025-2026,serie-a,MF,24.0,47.1,52.35308,158.0
Teun Koopmeiners,Juventus,2025-2026,serie-a,MF,28.0,46.7,52.078087,159.0
Martin Frese,Hellas Verona,2025-2026,serie-a,MF,28.0,50.7,51.80349,160.0
Fisayo Dele-Bashiru,Lazio,2025-2026,serie-a,MF,25.0,42.0,51.732845,161.0
Sascha Britschgi,Parma,2025-2026,serie-a,MF,19.0,45.0,51.570568,162.0
Bryan Cristante,Roma,2025-2026,serie-a,MF,31.0,56.2,51.51404,163.0
Zeki Çelik,Roma,2025-2026,serie-a,MF,29.0,51.7,51.434174,164.0
Domagoj Bradarić,Hellas Verona,2025-2026,serie-a,MF,26.0,49.1,51.06707,165.0
Valentino Lazaro,Torino,2025-2026,serie-a,MF,30.0,50.4,50.928772,166.0
Oliver Jensen,Parma,2025-2026,serie-a,MF,24.0,42.3,50.849537,167.0
Pervis Estupiñán,Milan,2025-2026,serie-a,MF,28.0,46.9,50.816715,168.0
Amorim,Genoa,2025-2026,serie-a,MF,21.0,38.8,50.548637,169.0
İsak Vural,Pisa,2025-2026,serie-a,MF,19.0,38.2,50.53831,170.0
Oier Zarraga,Udinese,2025-2026,serie-a,MF,27.0,39.3,50.515556,171.0
Mathias Løvik,Parma,2025-2026,serie-a,MF,22.0,34.1,50.368034,172.0
Michel Aebischer,Pisa,2025-2026,serie-a,MF,29.0,52.6,50.36364,173.0
Jordan Zemura,Udinese,2025-2026,serie-a,MF,26.0,39.8,49.916786,174.0
Lewis Ferguson,Bologna,2025-2026,serie-a,MF,26.0,41.8,49.789417,175.0
Christian Ordoñez,Parma,2025-2026,serie-a,MF,21.0,39.3,49.764927,176.0
Romano Floriani,Cremonese,2025-2026,serie-a,MF,23.0,38.5,49.748615,177.0
Nahuel Estévez,Parma,2025-2026,serie-a,MF,30.0,43.4,49.666153,178.0
Warren Bondo,Cremonese,2025-2026,serie-a,MF,22.0,40.1,49.54177,179.0
Kingsley Ehizibue,Udinese,2025-2026,serie-a,MF,30.0,46.3,49.06968,180.0
Cheikh Niasse,Hellas Verona,2025-2026,serie-a,MF,26.0,39.4,48.451843,181.0
Oumar Ngom,Lecce,2025-2026,serie-a,MF,22.0,34.5,48.28979,182.0
Matías Vecino,Lazio,2025-2026,serie-a,MF,34.0,42.3,48.003716,183.0
Aster Vranckx,Sassuolo,2025-2026,serie-a,MF,23.0,34.0,47.365868,184.0
Daniel Oyegoke,Hellas Verona,2025-2026,serie-a,MF,23.0,31.7,47.353832,185.0
Al-Musrati,Hellas Verona,2025-2026,serie-a,MF,30.0,37.8,47.315308,186.0
Morten Frendrup,Genoa,2025-2026,serie-a,MF,25.0,42.6,46.713905,187.0
Remo Freuler,Bologna,2025-2026,serie-a,MF,34.0,48.8,46.645844,188.0
Kostas Tsimikas,Roma,2025-2026,serie-a,MF,30.0,34.6,46.45667,189.0
Ylber Ramadani,Lecce,2025-2026,serie-a,MF,30.0,45.7,46.0484,190.0
Giuseppe Pezzella,Cremonese,2025-2026,serie-a,MF,28.0,42.2,46.004475,191.0
Malthe Hojholt,Pisa,2025-2026,serie-a,MF,25.0,31.0,45.82731,192.0
Jean-Daniel Akpa-Akpro,Hellas Verona,2025-2026,serie-a,MF,33.0,39.5,45.58261,193.0
Marius Marin,Pisa,2025-2026,serie-a,MF,27.0,34.4,45.572926,194.0
Alberto Grassi,Cremonese,2025-2026,serie-a,MF,31.0,41.2,45.491795,195.0
Marten de Roon,Atalanta,2025-2026,serie-a,MF,35.0,47.0,45.294704,196.0
Cristiano Biraghi,Torino,2025-2026,serie-a,MF,33.0,33.3,45.067482,197.0
Stanislav Lobotka,Napoli,2025-2026,serie-a,MF,31.0,42.7,45.016205,198.0
Jesper Karlström,Udinese,2025-2026,serie-a,MF,30.0,42.5,44.922726,199.0
Roberto Gagliardini,Hellas Verona,2025-2026,serie-a,MF,32.0,43.0,44.632675,200.0
Stefano Sabelli,Genoa,2025-2026,serie-a,MF,33.0,33.8,44.585743,201.0
Nemanja Matić,Sassuolo,2025-2026,serie-a,MF,37.0,45.9,44.28302,202.0
Patric,Lazio,2025-2026,serie-a,MF,33.0,32.2,43.990616,203.0
Giovanni Zaro,Cesena,2025-2026,serie-b,DF,32.0,82.3,67.65973,1.0
Daniel Tonoli,Modena,2025-2026,serie-b,DF,23.0,82.7,67.17744,2.0
Niccolò Corrado,Frosinone,2025-2026,serie-b,DF,26.0,81.3,65.80009,3.0
Mattia Bani,Palermo,2025-2026,serie-b,DF,32.0,82.3,65.40204,4.0
Armando Izzo,Monza,2025-2026,serie-b,DF,34.0,80.7,65.196304,5.0
Pietro Ceccaroni,Palermo,2025-2026,serie-b,DF,30.0,78.9,65.190125,6.0
Tommaso Corazza,Cesena,2025-2026,serie-b,DF,21.0,79.8,64.518265,7.0
Armando Izzo,Avellino,2025-2026,serie-b,DF,34.0,80.2,64.14425,8.0
Alessio Castellini,Mantova,2025-2026,serie-b,DF,23.0,79.6,64.12803,9.0
Marco Ruggero,Juve Stabia,2025-2026,serie-b,DF,25.0,75.2,63.972424,10.0
Michael Svoboda,Venezia,2025-2026,serie-b,DF,27.0,81.7,63.76332,11.0
Andrea Carboni,Monza,2025-2026,serie-b,DF,25.0,77.6,63.3573,12.0
Giovanni Bonfanti,Spezia,2025-2026,serie-b,DF,23.0,78.2,63.246807,13.0
Gabriele Guarino,Empoli,2025-2026,serie-b,DF,22.0,79.0,63.167236,14.0
Valerio Mantovani,Bari,2025-2026,serie-b,DF,30.0,66.1,63.043835,15.0
Alessandro Dellavalle,Modena,2025-2026,serie-b,DF,22.0,64.8,62.91225,16.0
Andrea Meroni,Mantova,2025-2026,serie-b,DF,29.0,78.5,62.320656,17.0
Tommaso Cassandro,Catanzaro,2025-2026,serie-b,DF,26.0,75.8,62.13155,18.0
Lorenco Šimić,Avellino,2025-2026,serie-b,DF,29.0,78.6,61.758724,19.0
Carlo Faedo,Padova,2025-2026,serie-b,DF,27.0,74.2,61.652557,20.0
Gabriele Calvani,Frosinone,2025-2026,serie-b,DF,22.0,76.8,61.56968,21.0
Bruno Verrengia,Catanzaro,2025-2026,serie-b,DF,22.0,68.4,61.46805,22.0
Matteo Lovato,Empoli,2025-2026,serie-b,DF,26.0,73.0,61.43433,23.0
Matias Antonini Lui,Catanzaro,2025-2026,serie-b,DF,28.0,71.0,61.42229,24.0
Seid Korac,Venezia,2025-2026,serie-b,DF,24.0,67.3,61.37047,25.0
Marco Varnier,Juve Stabia,2025-2026,serie-b,DF,27.0,66.8,61.3618,26.0
Bryant Nieling,Modena,2025-2026,serie-b,DF,23.0,73.8,61.285492,27.0
Nicola Pietrangeli,FC Südtirol,2025-2026,serie-b,DF,25.0,64.1,61.16779,28.0
Andrea Tiritiello,Virtus Entella,2025-2026,serie-b,DF,31.0,76.8,61.01516,29.0
Anthony Oyono,Frosinone,2025-2026,serie-b,DF,25.0,73.0,61.01509,30.0
Giorgio Cittadini,Frosinone,2025-2026,serie-b,DF,24.0,65.8,60.817272,31.0
Gabriele Bracaglia,Frosinone,2025-2026,serie-b,DF,22.0,71.9,60.72609,32.0
Andrea Cagnano,Pescara,2025-2026,serie-b,DF,27.0,75.3,60.687782,33.0
Mateus Lusuardi,Reggiana,2025-2026,serie-b,DF,22.0,62.3,60.38656,34.0
Marco Curto,Empoli,2025-2026,serie-b,DF,27.0,71.5,60.24974,35.0
Nicolò Radaelli,Mantova,2025-2026,serie-b,DF,23.0,65.5,60.21816,36.0
Alessandro Riccio,Sampdoria,2025-2026,serie-b,DF,24.0,60.4,60.184395,37.0
Francesco Vicari,Reggiana,2025-2026,serie-b,DF,31.0,74.0,60.16038,38.0
Joël Schingtienne,Venezia,2025-2026,serie-b,DF,23.0,69.1,60.07085,39.0
Hamza El Kaouakibi,FC Südtirol,2025-2026,serie-b,DF,28.0,72.0,59.92964,40.0
Andrea Ciofi,Cesena,2025-2026,serie-b,DF,26.0,71.8,59.913715,41.0
Ilario Monterisi,Frosinone,2025-2026,serie-b,DF,24.0,71.8,59.888115,42.0
Pietro Beruatto,Spezia,2025-2026,serie-b,DF,27.0,76.2,59.54888,43.0
Andrea Cistana,Bari,2025-2026,serie-b,DF,29.0,60.6,59.331738,44.0
Filippo Sgarbi,Padova,2025-2026,serie-b,DF,28.0,64.6,59.273174,45.0
Oliver Abildgaard,Sampdoria,2025-2026,serie-b,DF,29.0,67.8,59.04061,46.0
Aleš Matějů,Spezia,2025-2026,serie-b,DF,29.0,70.1,58.95666,47.0
Ali Dembélé,Mantova,2025-2026,serie-b,DF,22.0,57.4,58.87492,48.0
Jérémy Oyono,Frosinone,2025-2026,serie-b,DF,25.0,58.2,58.590336,49.0
Filippo Delli Carri,Monza,2025-2026,serie-b,DF,27.0,67.4,58.58022,50.0
Raphael Kofler,FC Südtirol,2025-2026,serie-b,DF,21.0,65.0,58.570858,51.0
Cristiano Bani,Mantova,2025-2026,serie-b,DF,27.0,57.9,58.43984,52.0
Andrea Papetti,Reggiana,2025-2026,serie-b,DF,23.0,63.2,58.14907,53.0
Matteo Palma,Sampdoria,2025-2026,serie-b,DF,18.0,57.5,58.13942,54.0
Luca Ravanelli,Monza,2025-2026,serie-b,DF,29.0,70.4,58.103996,55.0
Andrew Gravillon,Pescara,2025-2026,serie-b,DF,28.0,58.8,57.66263,56.0
Ivan Marconi,Virtus Entella,2025-2026,serie-b,DF,36.0,68.3,57.350143,57.0
Riccardo Capellini,Pescara,2025-2026,serie-b,DF,26.0,61.6,57.239773,58.0
Przemysław Wiśniewski,Spezia,2025-2026,serie-b,DF,27.0,62.7,57.20197,59.0
Julián Illanes,Carrarese,2025-2026,serie-b,DF,29.0,62.6,57.132164,60.0
Jacopo Gelli,Frosinone,2025-2026,serie-b,DF,25.0,50.3,56.96433,61.0
Cas Odenthal,Bari,2025-2026,serie-b,DF,25.0,51.6,56.77661,62.0
Stefano Cella,Mantova,2025-2026,serie-b,DF,25.0,54.0,56.651104,63.0
Ruggero Frosinini,Catanzaro,2025-2026,serie-b,DF,25.0,53.8,56.55919,64.0
Christian Pastina,Padova,2025-2026,serie-b,DF,25.0,52.3,56.169884,65.0
Alessandro Fontanarosa,Avellino,2025-2026,serie-b,DF,23.0,56.3,56.16863,66.0
Marco Perrotta,Padova,2025-2026,serie-b,DF,32.0,64.8,56.11335,67.0
Danilo Quaranta,Reggiana,2025-2026,serie-b,DF,29.0,54.8,55.9406,68.0
Massimiliano Mangraviti,Cesena,2025-2026,serie-b,DF,28.0,55.6,55.70048,69.0
Dimitris Nikolaou,Bari,2025-2026,serie-b,DF,27.0,55.1,55.63975,70.0
Patrick Enrici,Avellino,2025-2026,serie-b,DF,25.0,57.9,55.53199,71.0
Andrea Giorgini,Juve Stabia,2025-2026,serie-b,DF,24.0,46.7,55.451347,72.0
Nosa Edward Obaretin,Empoli,2025-2026,serie-b,DF,23.0,55.6,55.391445,73.0
Giacomo Stabile,Juve Stabia,2025-2026,serie-b,DF,21.0,43.6,55.13905,74.0
Luca Parodi,Virtus Entella,2025-2026,serie-b,DF,31.0,56.0,55.100346,75.0
Freddie Veseli,FC Südtirol,2025-2026,serie-b,DF,33.0,53.6,55.01613,76.0
Andrea Masiello,FC Südtirol,2025-2026,serie-b,DF,40.0,43.9,54.919167,77.0
Lorenzo Venuti,Sampdoria,2025-2026,serie-b,DF,31.0,44.7,54.90646,78.0
Steven Nador,Modena,2025-2026,serie-b,DF,23.0,44.7,54.86876,79.0
Davide Bettella,Pescara,2025-2026,serie-b,DF,26.0,42.6,54.85457,80.0
Christian Dalle Mura,Juve Stabia,2025-2026,serie-b,DF,24.0,48.4,54.83112,81.0
Salim Diakité,Juve Stabia,2025-2026,serie-b,DF,25.0,43.0,54.822258,82.0
Marco Ruggero,Spezia,2025-2026,serie-b,DF,25.0,43.3,54.6462,83.0
Davide Bettella,Catanzaro,2025-2026,serie-b,DF,26.0,42.6,54.559265,84.0
Fellipe Jack,Spezia,2025-2026,serie-b,DF,20.0,41.7,54.35487,85.0
Giangiacomo Magnani,Reggiana,2025-2026,serie-b,DF,30.0,43.3,54.297306,86.0
Fabio Ruggeri,Carrarese,2025-2026,serie-b,DF,21.0,47.2,54.239624,87.0
Mattia Viti,Sampdoria,2025-2026,serie-b,DF,24.0,47.0,54.20652,88.0
Nicolò Brighenti,Catanzaro,2025-2026,serie-b,DF,36.0,56.6,54.012825,89.0
Valerio Mantovani,Mantova,2025-2026,serie-b,DF,30.0,43.6,53.99317,90.0
Nicolò Calabrese,Carrarese,2025-2026,serie-b,DF,21.0,52.1,53.96241,91.0
Andrea Meroni,Bari,2025-2026,serie-b,DF,29.0,41.3,53.928898,92.0
Lorenzo Lucchesi,Monza,2025-2026,serie-b,DF,23.0,47.4,53.883404,93.0
Patryk Peda,Palermo,2025-2026,serie-b,DF,24.0,50.1,53.724663,94.0
Filippo Oliana,Carrarese,2025-2026,serie-b,DF,26.0,50.2,53.668514,95.0
Gabriele Corbo,Pescara,2025-2026,serie-b,DF,26.0,39.2,53.55101,96.0
Davide Adorni,Modena,2025-2026,serie-b,DF,33.0,59.3,53.466446,97.0
Riccardo Marchizza,Frosinone,2025-2026,serie-b,DF,28.0,48.8,53.18032,98.0
Raffaele Pucino,Bari,2025-2026,serie-b,DF,35.0,47.4,53.150497,99.0
Marco Bellich,Juve Stabia,2025-2026,serie-b,DF,27.0,48.6,53.100136,100.0
Lorenzo Libutti,Reggiana,2025-2026,serie-b,DF,28.0,48.3,52.926292,101.0
Bartol Franjić,Venezia,2025-2026,serie-b,DF,26.0,49.3,52.521015,102.0
Lorenzo Villa,Padova,2025-2026,serie-b,DF,22.0,43.7,52.46598,103.0
Tommaso Cancellotti,Avellino,2025-2026,serie-b,DF,34.0,55.4,52.465202,104.0
Dennis Hadzikadunic,Sampdoria,2025-2026,serie-b,DF,27.0,51.2,52.20807,105.0
Petko Hristov,Spezia,2025-2026,serie-b,DF,27.0,48.9,50.93653,106.0
Filipe Bordon,FC Südtirol,2025-2026,serie-b,DF,20.0,34.6,50.878086,107.0
Marin Šverko,Venezia,2025-2026,serie-b,DF,28.0,45.8,50.835587,108.0
Tommaso Maggioni,Mantova,2025-2026,serie-b,DF,24.0,38.8,48.580204,109.0
Marco Imperiale,Carrarese,2025-2026,serie-b,DF,27.0,37.2,48.451454,110.0
Federico Davi,FC Südtirol,2025-2026,serie-b,DF,24.0,37.1,47.55532,111.0
Stipe Vulikic,Sampdoria,2025-2026,serie-b,DF,25.0,30.4,47.195408,112.0
Riccardo Brosco,Pescara,2025-2026,serie-b,DF,35.0,41.9,46.747158,113.0
Francesco Belli,Padova,2025-2026,serie-b,DF,32.0,35.2,46.641792,114.0
Matteo Guidi,Cesena,2025-2026,serie-b,DF,22.0,31.5,46.375496,115.0
Bartosz Bereszyński,Palermo,2025-2026,serie-b,DF,33.0,35.7,46.3522,116.0
Simone Giordano,Sampdoria,2025-2026,serie-b,DF,24.0,34.9,46.284702,117.0
Paolo Rozzio,Reggiana,2025-2026,serie-b,DF,33.0,37.9,46.20861,118.0
Alex Ferrari,Sampdoria,2025-2026,serie-b,DF,31.0,29.8,45.66136,119.0
Francesco Vicari,Bari,2025-2026,serie-b,DF,31.0,37.8,45.562084,120.0
Matteo Piacentini,Cesena,2025-2026,serie-b,DF,27.0,31.4,45.179077,121.0
Mattia Alborghetti,Virtus Entella,2025-2026,serie-b,DF,27.0,33.6,45.13836,122.0
Simone Bonetti,Reggiana,2025-2026,serie-b,DF,21.0,32.8,44.085934,123.0
John Yeboah,Venezia,2025-2026,serie-b,FW,25.0,86.9,71.23094,1.0
Cristian Shpendi,Cesena,2025-2026,serie-b,FW,23.0,83.2,69.810005,2.0
Ettore Gliozzi,Modena,2025-2026,serie-b,FW,30.0,80.6,67.66937,3.0
Farés Ghedjemis,Frosinone,2025-2026,serie-b,FW,23.0,77.2,66.6383,4.0
Massimo Coda,Sampdoria,2025-2026,serie-b,FW,37.0,77.6,66.301834,5.0
Filippo Pittarello,Catanzaro,2025-2026,serie-b,FW,29.0,80.1,65.996,6.0
Joel Pohjanpalo,Palermo,2025-2026,serie-b,FW,31.0,81.1,65.98158,7.0
Andrea Adorante,Venezia,2025-2026,serie-b,FW,26.0,80.3,64.46047,8.0
Andrea Petagna,Monza,2025-2026,serie-b,FW,30.0,79.1,64.45217,9.0
Steven Shpendi,Empoli,2025-2026,serie-b,FW,23.0,73.5,63.983387,10.0
Antonio Raimondo,Frosinone,2025-2026,serie-b,FW,22.0,67.9,61.995354,11.0
Gabriele Artistico,Spezia,2025-2026,serie-b,FW,23.0,71.1,61.7898,12.0
Antonio Di Nardo,Pescara,2025-2026,serie-b,FW,27.0,69.3,61.674572,13.0
Alberto Cerri,Cesena,2025-2026,serie-b,FW,30.0,71.9,61.43557,14.0
Leonardo Candellone,Juve Stabia,2025-2026,serie-b,FW,28.0,67.8,61.171566,15.0
Pietro Iemmello,Catanzaro,2025-2026,serie-b,FW,34.0,74.7,61.171234,16.0
Fabio Abiuso,Carrarese,2025-2026,serie-b,FW,23.0,68.9,61.074036,17.0
Mattia Bortolussi,Padova,2025-2026,serie-b,FW,30.0,70.8,60.78438,18.0
Leonardo Mancuso,Mantova,2025-2026,serie-b,FW,33.0,64.2,60.769516,19.0
Silvio Merkaj,FC Südtirol,2025-2026,serie-b,FW,28.0,67.1,60.727825,20.0
Patrick Cutrone,Monza,2025-2026,serie-b,FW,28.0,70.7,60.526814,21.0
Pedro Mendes,Modena,2025-2026,serie-b,FW,26.0,63.9,60.41521,22.0
Jalen Blesa,Cesena,2025-2026,serie-b,FW,25.0,61.4,60.240307,23.0
Matteo Brunori,Sampdoria,2025-2026,serie-b,FW,31.0,67.4,60.202587,24.0
Tommaso Biasci,Avellino,2025-2026,serie-b,FW,31.0,65.7,60.178745,25.0
Tommaso Fumagalli,Virtus Entella,2025-2026,serie-b,FW,26.0,68.2,60.054497,26.0
Alessandro Seghetti,Padova,2025-2026,serie-b,FW,22.0,67.3,59.997837,27.0
Gianluca Lapadula,Spezia,2025-2026,serie-b,FW,36.0,70.8,59.878723,28.0
Lion Lauberbach,Venezia,2025-2026,serie-b,FW,28.0,71.2,59.46631,29.0
Antonio Casas,Venezia,2025-2026,serie-b,FW,26.0,70.5,59.431156,30.0
Bohdan Popov,Empoli,2025-2026,serie-b,FW,23.0,61.5,59.415554,31.0
Nicholas Bonfanti,Mantova,2025-2026,serie-b,FW,24.0,43.1,58.993187,32.0
Emanuele Pecorino,FC Südtirol,2025-2026,serie-b,FW,24.0,58.4,58.96388,33.0
Natan Girma,Reggiana,2025-2026,serie-b,FW,24.0,56.1,58.792225,34.0
Fabio Maistro,Juve Stabia,2025-2026,serie-b,FW,28.0,55.3,58.695976,35.0
Raffaele Russo,Avellino,2025-2026,serie-b,FW,27.0,63.7,58.66,36.0
Agustín Álvarez,Monza,2025-2026,serie-b,FW,25.0,59.3,58.558357,37.0
Gabriele Moncini,Bari,2025-2026,serie-b,FW,30.0,63.4,58.30661,38.0
Giuseppe Ambrosino,Modena,2025-2026,serie-b,FW,22.0,51.0,57.5474,39.0
Luigi Cuppone,Virtus Entella,2025-2026,serie-b,FW,28.0,55.2,56.769695,40.0
Giorgi Kvernadze,Frosinone,2025-2026,serie-b,FW,23.0,53.8,56.711502,41.0
Vanja Vlahović,Spezia,2025-2026,serie-b,FW,22.0,55.8,56.625458,42.0
Mattia Tirelli,Virtus Entella,2025-2026,serie-b,FW,23.0,38.5,56.33336,43.0
Francesco Di Mariano,Modena,2025-2026,serie-b,FW,30.0,58.8,56.313847,44.0
Manuel De Luca,Modena,2025-2026,serie-b,FW,27.0,56.8,56.069366,45.0
Riccardo Tonin,Pescara,2025-2026,serie-b,FW,25.0,54.6,55.987934,46.0
Dany Mota,Monza,2025-2026,serie-b,FW,28.0,53.6,55.857193,47.0
Kevin Lasagna,Padova,2025-2026,serie-b,FW,33.0,55.7,55.725597,48.0
Filippo Distefano,Carrarese,2025-2026,serie-b,FW,22.0,50.8,55.654827,49.0
Giuseppe Di Serio,Spezia,2025-2026,serie-b,FW,24.0,47.5,55.492245,50.0
Christian Gytkjær,Bari,2025-2026,serie-b,FW,36.0,50.8,55.444088,51.0
Daniel Fila,Venezia,2025-2026,serie-b,FW,23.0,46.8,55.41773,52.0
Marvin Cuni,Sampdoria,2025-2026,serie-b,FW,24.0,42.9,54.757248,53.0
Mattia Finotto,Carrarese,2025-2026,serie-b,FW,33.0,52.8,54.301617,54.0
Alessandro Gabrielloni,Juve Stabia,2025-2026,serie-b,FW,31.0,52.9,54.24241,55.0
Rareș-Cătălin Burnete,Juve Stabia,2025-2026,serie-b,FW,22.0,45.4,54.09574,56.0
Andrija Novakovich,Reggiana,2025-2026,serie-b,FW,29.0,51.0,53.155125,57.0
Alvin Okoro,Juve Stabia,2025-2026,serie-b,FW,21.0,38.4,53.06664,58.0
Valerio Crespi,Avellino,2025-2026,serie-b,FW,21.0,45.7,53.04055,59.0
Cristian Buonaiuto,Padova,2025-2026,serie-b,FW,33.0,51.5,52.680084,60.0
Grégoire Defrel,Modena,2025-2026,serie-b,FW,34.0,43.4,52.35086,61.0
Ernesto Torregrossa,Carrarese,2025-2026,serie-b,FW,33.0,41.0,52.336105,62.0
Massimo Zilli,Frosinone,2025-2026,serie-b,FW,23.0,47.6,51.993507,63.0
Davis Mensah,Mantova,2025-2026,serie-b,FW,34.0,43.0,51.93159,64.0
Nikola Sekulov,Carrarese,2025-2026,serie-b,FW,24.0,35.4,51.92023,65.0
Papu Gómez,Padova,2025-2026,serie-b,FW,38.0,32.9,50.575077,66.0
Raphael Odogwu,FC Südtirol,2025-2026,serie-b,FW,35.0,47.2,50.420666,67.0
Marco Nasti,Empoli,2025-2026,serie-b,FW,22.0,38.4,49.87248,68.0
Tommaso Rubino,Carrarese,2025-2026,serie-b,FW,19.0,40.7,49.6577,69.0
Edoardo Soleri,Spezia,2025-2026,serie-b,FW,28.0,35.4,49.54069,70.0
Cedric Gondo,Reggiana,2025-2026,serie-b,FW,29.0,40.3,48.90229,71.0
Alessandro Debenedetti,Virtus Entella,2025-2026,serie-b,FW,22.0,36.7,47.914665,72.0
Gennaro Tutino,Avellino,2025-2026,serie-b,FW,29.0,37.2,46.75577,73.0
Cosimo Patierno,Avellino,2025-2026,serie-b,FW,35.0,32.0,44.19905,74.0
Filip Stankovic,Venezia,2025-2026,serie-b,GK,24.0,87.7,67.65371,1.0
Lorenzo Palmisani,Frosinone,2025-2026,serie-b,GK,21.0,85.5,64.73851,2.0
Demba Thiam,Monza,2025-2026,serie-b,GK,28.0,82.0,64.30201,3.0
Tommaso Martinelli,Sampdoria,2025-2026,serie-b,GK,20.0,72.6,63.211105,4.0
Jesse Joronen,Palermo,2025-2026,serie-b,GK,33.0,80.9,62.995728,5.0
Michele Cerofolini,Bari,2025-2026,serie-b,GK,27.0,70.8,62.442833,6.0
Marco Bleve,Carrarese,2025-2026,serie-b,GK,30.0,72.6,61.71122,7.0
Leandro Chichizola,Modena,2025-2026,serie-b,GK,36.0,75.8,61.50737,8.0
Alessandro Sorrentino,Padova,2025-2026,serie-b,GK,24.0,64.8,61.257954,9.0
Alessandro Micai,Reggiana,2025-2026,serie-b,GK,32.0,63.0,61.109604,10.0
Alessandro Confente,Juve Stabia,2025-2026,serie-b,GK,27.0,64.2,60.904,11.0
Andrea Fulignati,Empoli,2025-2026,serie-b,GK,31.0,62.8,60.0844,12.0
Mirko Pigliacelli,Catanzaro,2025-2026,serie-b,GK,32.0,64.0,60.02381,13.0
Francesco Bardi,Mantova,2025-2026,serie-b,GK,34.0,60.6,59.495914,14.0
Antony Iannarilli,Avellino,2025-2026,serie-b,GK,35.0,65.6,58.65574,15.0
Abu Kamara,Padova,2025-2026,serie-b,GK,29.0,54.9,57.87451,16.0
Ivan Saio,Pescara,2025-2026,serie-b,GK,24.0,44.5,57.640186,17.0
Federico Del Frate,Virtus Entella,2025-2026,serie-b,GK,30.0,48.1,56.056343,18.0
Marius Adamonis,FC Südtirol,2025-2026,serie-b,GK,29.0,52.8,55.24567,19.0
Marco Festa,Mantova,2025-2026,serie-b,GK,33.0,51.0,54.98739,20.0
Jonathan Klinsmann,Cesena,2025-2026,serie-b,GK,29.0,51.8,54.487804,21.0
Diego Mascardi,Spezia,2025-2026,serie-b,GK,19.0,36.8,54.389183,22.0
Giovanni Daffara,Avellino,2025-2026,serie-b,GK,21.0,47.6,53.460373,23.0
Simone Ghidotti,Sampdoria,2025-2026,serie-b,GK,26.0,46.4,53.202824,24.0
Edoardo Motta,Reggiana,2025-2026,serie-b,GK,21.0,39.0,50.067043,25.0
Boris Radunović,Spezia,2025-2026,serie-b,GK,29.0,30.4,49.70689,26.0
Sebastiano Desplanches,Pescara,2025-2026,serie-b,GK,23.0,38.4,48.6656,27.0
Pietro Boer,Juve Stabia,2025-2026,serie-b,GK,24.0,27.6,48.540516,28.0
Simone Colombi,Virtus Entella,2025-2026,serie-b,GK,34.0,40.1,47.915802,29.0
Mouhamadou Sarr,Spezia,2025-2026,serie-b,GK,29.0,40.1,47.322483,30.0
Salvatore Esposito,Spezia,2025-2026,serie-b,MF,25.0,82.8,73.96345,1.0
Emanuele Adamo,Cesena,2025-2026,serie-b,MF,27.0,77.5,72.63202,2.0
Lorenzo Insigne,Pescara,2025-2026,serie-b,MF,34.0,86.5,72.278725,3.0
Giacomo Calò,Frosinone,2025-2026,serie-b,MF,29.0,84.8,71.49899,4.0
Matteo Brunori,Palermo,2025-2026,serie-b,MF,31.0,76.8,69.093506,5.0
Francesco Galuppini,Mantova,2025-2026,serie-b,MF,32.0,71.3,69.04183,6.0
Giuseppe Caso,Monza,2025-2026,serie-b,MF,27.0,86.8,69.0112,7.0
Davide Bragantini,Mantova,2025-2026,serie-b,MF,22.0,80.3,67.951004,8.0
Issa Doumbia,Venezia,2025-2026,serie-b,MF,22.0,83.4,67.664444,9.0
Francesco Ruocco,Mantova,2025-2026,serie-b,MF,25.0,78.1,67.47357,10.0
Mattia Valoti,Spezia,2025-2026,serie-b,MF,32.0,81.8,67.45841,11.0
Daniele Casiraghi,FC Südtirol,2025-2026,serie-b,MF,33.0,82.4,67.42009,12.0
Tommaso Corazza,Pescara,2025-2026,serie-b,MF,21.0,80.0,66.80758,13.0
Tommaso Berti,Cesena,2025-2026,serie-b,MF,22.0,79.0,66.27526,14.0
Filippo Ranocchia,Palermo,2025-2026,serie-b,MF,25.0,73.3,66.23178,15.0
Ilias Koutsoupias,Frosinone,2025-2026,serie-b,MF,25.0,77.1,65.85521,16.0
Nicolò Buso,Mantova,2025-2026,serie-b,MF,26.0,81.3,65.76669,17.0
Tommaso Marras,Mantova,2025-2026,serie-b,MF,22.0,78.9,65.29081,18.0
Luis Hasa,Carrarese,2025-2026,serie-b,MF,22.0,80.8,65.19537,19.0
Andrea Colpani,Monza,2025-2026,serie-b,MF,27.0,76.2,65.00364,20.0
Manuel Cicconi,Carrarese,2025-2026,serie-b,MF,28.0,72.9,64.8346,21.0
Gianluca Busio,Venezia,2025-2026,serie-b,MF,23.0,78.9,64.6835,22.0
Matteo Dagasso,Pescara,2025-2026,serie-b,MF,22.0,77.6,64.558556,23.0
Marco Pompetti,Catanzaro,2025-2026,serie-b,MF,26.0,64.7,64.457664,24.0
Antonio Palumbo,Palermo,2025-2026,serie-b,MF,29.0,78.3,64.24713,25.0
Edoardo Saporiti,Empoli,2025-2026,serie-b,MF,24.0,77.4,63.935207,26.0
Lorenzo Meazzi,Pescara,2025-2026,serie-b,MF,24.0,76.6,63.855522,27.0
Jérémy Le Douaron,Palermo,2025-2026,serie-b,MF,28.0,73.1,63.80176,28.0
Nicholas Pierini,Sampdoria,2025-2026,serie-b,MF,27.0,77.9,63.681015,29.0
Paulo Azzi,Monza,2025-2026,serie-b,MF,31.0,82.3,63.585327,30.0
Nicolás Schiavi,Carrarese,2025-2026,serie-b,MF,31.0,74.2,63.45045,31.0
Emanuele Rao,Bari,2025-2026,serie-b,MF,20.0,73.1,63.417763,32.0
Riccardo Ciervo,Cesena,2025-2026,serie-b,MF,24.0,72.2,63.2842,33.0
Guiu,Virtus Entella,2025-2026,serie-b,MF,25.0,74.7,63.277496,34.0
Simone Pontisso,Catanzaro,2025-2026,serie-b,MF,29.0,73.2,63.27416,35.0
Manolo Portanova,Reggiana,2025-2026,serie-b,MF,25.0,76.3,63.267418,36.0
Fahem Benaissa Yahia,Mantova,2025-2026,serie-b,MF,24.0,74.7,63.237152,37.0
Giacomo Olzer,Pescara,2025-2026,serie-b,MF,25.0,75.5,62.842358,38.0
Salvatore Elia,Empoli,2025-2026,serie-b,MF,26.0,75.8,62.82267,39.0
Simone Pafundi,Sampdoria,2025-2026,serie-b,MF,20.0,76.9,62.770184,40.0
Ridgeciano Haps,Venezia,2025-2026,serie-b,MF,32.0,76.8,62.464966,41.0
Rachid Kouda,Spezia,2025-2026,serie-b,MF,23.0,55.7,62.426014,42.0
Alphadjo Cissè,Catanzaro,2025-2026,serie-b,MF,19.0,73.3,62.137455,43.0
Simone Bastoni,Cesena,2025-2026,serie-b,MF,29.0,68.0,62.08109,44.0
Aljosa Vasic,Palermo,2025-2026,serie-b,MF,24.0,67.5,61.981728,45.0
Keita Baldé,Monza,2025-2026,serie-b,MF,31.0,75.0,61.826073,46.0
Federico Di Francesco,Catanzaro,2025-2026,serie-b,MF,31.0,76.6,61.706234,47.0
Hernani,Monza,2025-2026,serie-b,MF,32.0,74.9,61.543,48.0
Yanis Massolin,Modena,2025-2026,serie-b,MF,23.0,75.4,61.262154,49.0
Mattia Liberali,Catanzaro,2025-2026,serie-b,MF,19.0,75.5,61.221355,50.0
Dennis Johnsen,Palermo,2025-2026,serie-b,MF,28.0,72.1,61.19532,51.0
Giuseppe Aurelio,Spezia,2025-2026,serie-b,MF,26.0,71.6,61.192432,52.0
Tjaš Begić,Sampdoria,2025-2026,serie-b,MF,22.0,66.2,61.19215,53.0
Nermin Karic,Virtus Entella,2025-2026,serie-b,MF,26.0,72.6,61.18676,54.0
Kleis Bozhanaj,Reggiana,2025-2026,serie-b,MF,25.0,66.5,61.167492,55.0
Marco Olivieri,Cesena,2025-2026,serie-b,MF,26.0,72.3,61.037525,56.0
Federico Artioli,Bari,2025-2026,serie-b,MF,24.0,70.5,60.952473,57.0
Richie Sagrado,Venezia,2025-2026,serie-b,MF,22.0,66.3,60.83142,58.0
Mathis Lambourde,Reggiana,2025-2026,serie-b,MF,20.0,74.5,60.81808,59.0
Devid Bouah,Carrarese,2025-2026,serie-b,MF,24.0,63.8,60.667988,60.0
Elayis Tavsan,Reggiana,2025-2026,serie-b,MF,25.0,66.1,60.516335,61.0
Alessandro Mallamo,FC Südtirol,2025-2026,serie-b,MF,27.0,62.7,60.41056,62.0
Martin Palumbo,Avellino,2025-2026,serie-b,MF,24.0,68.1,60.39721,63.0
Bjarki Bjarkason,Venezia,2025-2026,serie-b,MF,26.0,63.9,60.356094,64.0
Samuele Birindelli,Monza,2025-2026,serie-b,MF,26.0,68.6,60.32339,65.0
Simone Zanon,Carrarese,2025-2026,serie-b,MF,24.0,69.1,60.20363,66.0
Mamadou Coulibaly,FC Südtirol,2025-2026,serie-b,MF,27.0,68.5,60.191956,67.0
Francesco Gelli,Frosinone,2025-2026,serie-b,MF,29.0,66.4,60.189014,68.0
Luca Zanimacchia,Modena,2025-2026,serie-b,MF,27.0,69.4,60.18214,69.0
Niccolò Squizzato,Virtus Entella,2025-2026,serie-b,MF,24.0,60.5,60.089325,70.0
Ben Lhassine Kone,Frosinone,2025-2026,serie-b,MF,26.0,64.4,59.975685,71.0
Filippo Bandinelli,Spezia,2025-2026,serie-b,MF,31.0,56.2,59.95016,72.0
Simone Trimboli,Mantova,2025-2026,serie-b,MF,24.0,62.7,59.892017,73.0
Antoine Hainaut,Venezia,2025-2026,serie-b,MF,24.0,73.8,59.878075,74.0
Nicola Mosti,Juve Stabia,2025-2026,serie-b,MF,28.0,62.6,59.844917,75.0
Dimitris Sounas,Avellino,2025-2026,serie-b,MF,31.0,64.7,59.811993,76.0
Gabriele Alesi,Catanzaro,2025-2026,serie-b,MF,22.0,63.1,59.792896,77.0
Costantino Favasuli,Catanzaro,2025-2026,serie-b,MF,22.0,67.8,59.72754,78.0
Roberto Insigne,Avellino,2025-2026,serie-b,MF,32.0,70.2,59.647194,79.0
Andrea Franzoni,Virtus Entella,2025-2026,serie-b,MF,29.0,75.1,59.603218,80.0
Omar Correia,Juve Stabia,2025-2026,serie-b,MF,26.0,69.8,59.480713,81.0
Kike Pérez,Venezia,2025-2026,serie-b,MF,29.0,77.0,59.472782,82.0
Justin Kumi,Avellino,2025-2026,serie-b,MF,21.0,62.1,59.38965,83.0
Mehdi Dorval,Bari,2025-2026,serie-b,MF,25.0,70.7,59.36224,84.0
Francesco Di Mariano,Padova,2025-2026,serie-b,MF,30.0,62.1,59.158997,85.0
Kevin Piscopo,Bari,2025-2026,serie-b,MF,28.0,62.8,59.142864,86.0
Giulio Maggiore,Bari,2025-2026,serie-b,MF,28.0,63.8,59.12214,87.0
Giuseppe Leone,Juve Stabia,2025-2026,serie-b,MF,25.0,60.8,59.101555,88.0
Kevin Piscopo,Juve Stabia,2025-2026,serie-b,MF,28.0,57.6,59.035255,89.0
Remi Oudin,Catanzaro,2025-2026,serie-b,MF,29.0,59.8,58.891785,90.0
Michele Besaggio,Avellino,2025-2026,serie-b,MF,24.0,66.2,58.88727,91.0
Gianluca Frabotta,Cesena,2025-2026,serie-b,MF,26.0,66.0,58.790806,92.0
Leonardo Colombo,Monza,2025-2026,serie-b,MF,20.0,65.5,58.754642,93.0
Emanuele Zuelli,Carrarese,2025-2026,serie-b,MF,24.0,60.9,58.75053,94.0
Luigi Cherubini,Sampdoria,2025-2026,serie-b,MF,22.0,65.8,58.660328,95.0
Lorenzo Berardi,Pescara,2025-2026,serie-b,MF,0.0,67.3,58.511818,96.0
Duccio Degl'Innocenti,Empoli,2025-2026,serie-b,MF,23.0,58.2,58.31092,97.0
Antonín Barák,Sampdoria,2025-2026,serie-b,MF,31.0,61.4,58.27003,98.0
Andrea Oliveri,Pescara,2025-2026,serie-b,MF,23.0,55.3,58.179005,99.0
Adam Bakoune,Monza,2025-2026,serie-b,MF,20.0,59.3,58.133774,100.0
Lorenzo Carissoni,Juve Stabia,2025-2026,serie-b,MF,29.0,69.6,58.048115,101.0
Alessandro Sersanti,Modena,2025-2026,serie-b,MF,24.0,59.8,58.044132,102.0
Fabrizio Caligara,Pescara,2025-2026,serie-b,MF,26.0,60.5,58.03967,103.0
Nicholas Ioannou,Sampdoria,2025-2026,serie-b,MF,30.0,62.3,58.027916,104.0
Marco D'Alessandro,Catanzaro,2025-2026,serie-b,MF,35.0,62.3,57.954872,105.0
Jacopo Segre,Palermo,2025-2026,serie-b,MF,29.0,64.1,57.792126,106.0
Rareş Ilie,Empoli,2025-2026,serie-b,MF,23.0,61.3,57.6774,107.0
Manuel Marras,Reggiana,2025-2026,serie-b,MF,32.0,58.3,57.49966,108.0
Luca Di Maggio,Padova,2025-2026,serie-b,MF,21.0,55.4,57.324364,109.0
Alessio Cacciamani,Juve Stabia,2025-2026,serie-b,MF,18.0,56.4,57.205276,110.0
Gennaro Acampora,Pescara,2025-2026,serie-b,MF,32.0,55.4,57.118275,111.0
Joseph Ceesay,Empoli,2025-2026,serie-b,MF,27.0,57.0,56.85503,112.0
Jonas Rouhi,Carrarese,2025-2026,serie-b,MF,22.0,56.4,56.513393,113.0
Rachid Kouda,Mantova,2025-2026,serie-b,MF,23.0,55.3,56.33438,114.0
Paolo Ghiglione,Padova,2025-2026,serie-b,MF,29.0,57.5,56.25101,115.0
Kevin Zeroli,Juve Stabia,2025-2026,serie-b,MF,21.0,54.9,56.093716,116.0
Fabio Depaoli,Sampdoria,2025-2026,serie-b,MF,29.0,55.9,55.84497,117.0
Filippo Melegoni,Carrarese,2025-2026,serie-b,MF,27.0,58.2,55.666492,118.0
Filippo Missori,Avellino,2025-2026,serie-b,MF,22.0,58.9,55.168465,119.0
Jacopo Martini,FC Südtirol,2025-2026,serie-b,MF,21.0,54.0,55.017433,120.0
Marco Frigerio,FC Südtirol,2025-2026,serie-b,MF,24.0,50.6,54.927242,121.0
Niccolò Pierozzi,Palermo,2025-2026,serie-b,MF,24.0,56.7,54.859455,122.0
Gianluca Di Chiara,Catanzaro,2025-2026,serie-b,MF,32.0,54.6,54.831642,123.0
Patrick Ciurria,Monza,2025-2026,serie-b,MF,31.0,55.5,54.658237,124.0
Leonardo Sernicola,Spezia,2025-2026,serie-b,MF,28.0,56.2,54.568527,125.0
Cesar Falletti,Mantova,2025-2026,serie-b,MF,33.0,55.6,54.447956,126.0
Luca Magnino,Empoli,2025-2026,serie-b,MF,28.0,52.8,54.445843,127.0
Simone Santoro,Modena,2025-2026,serie-b,MF,26.0,58.4,54.39172,128.0
Manuel Cicconi,Sampdoria,2025-2026,serie-b,MF,28.0,50.7,54.390633,129.0
Gady Beyuku,Modena,2025-2026,serie-b,MF,20.0,51.9,54.35836,130.0
Tyronne Ebuehi,Empoli,2025-2026,serie-b,MF,30.0,53.7,54.298157,131.0
Salim Diakité,Palermo,2025-2026,serie-b,MF,25.0,51.5,54.28532,132.0
Tobías Reinhart,Reggiana,2025-2026,serie-b,MF,26.0,53.9,54.06555,133.0
Alfred Duncan,Venezia,2025-2026,serie-b,MF,33.0,52.7,53.939262,134.0
Matteo Pessina,Monza,2025-2026,serie-b,MF,29.0,63.1,53.922367,135.0
Niccolò Squizzato,Pescara,2025-2026,serie-b,MF,24.0,49.9,53.795856,136.0
Brando Moruzzi,Empoli,2025-2026,serie-b,MF,21.0,52.7,53.56271,137.0
Flavio Paoletti,Mantova,2025-2026,serie-b,MF,23.0,48.3,52.944946,138.0
Domen Črnigoj,FC Südtirol,2025-2026,serie-b,MF,30.0,49.2,52.815628,139.0
Francesco Zampano,Modena,2025-2026,serie-b,MF,32.0,57.4,52.73718,140.0
Manuel Ricciardi,Juve Stabia,2025-2026,serie-b,MF,26.0,48.2,52.62991,141.0
Lorenzo Ignacchiti,Empoli,2025-2026,serie-b,MF,22.0,51.5,52.588573,142.0
Niklas Pyyhtiä,Modena,2025-2026,serie-b,MF,22.0,48.7,52.560764,143.0
Salvatore Molina,FC Südtirol,2025-2026,serie-b,MF,34.0,57.9,52.51137,144.0
Davide Faraoni,Pescara,2025-2026,serie-b,MF,34.0,48.1,52.39147,145.0
Tomás Esteves,Bari,2025-2026,serie-b,MF,24.0,45.2,52.209476,146.0
Simone Davì,FC Südtirol,2025-2026,serie-b,MF,26.0,49.6,52.193195,147.0
Alessandro Capelli,Padova,2025-2026,serie-b,MF,29.0,60.4,52.134945,148.0
Claudio Gomes,Palermo,2025-2026,serie-b,MF,25.0,37.0,51.807014,149.0
Mirko Antonucci,Bari,2025-2026,serie-b,MF,27.0,47.4,51.78991,150.0
Fabio Rispoli,Catanzaro,2025-2026,serie-b,MF,19.0,48.3,51.759003,151.0
Riccardo Pagano,Bari,2025-2026,serie-b,MF,21.0,48.2,51.753975,152.0
Tommaso Augello,Palermo,2025-2026,serie-b,MF,31.0,57.0,51.559704,153.0
Francesco Conti,Sampdoria,2025-2026,serie-b,MF,21.0,47.6,51.450176,154.0
Pietro Fusi,Padova,2025-2026,serie-b,MF,28.0,58.5,51.35397,155.0
Dimitri Bisoli,Cesena,2025-2026,serie-b,MF,32.0,51.8,51.247787,156.0
Alessandro Romano,Spezia,2025-2026,serie-b,MF,19.0,44.0,51.097103,157.0
Gaetano Letizia,Pescara,2025-2026,serie-b,MF,35.0,57.6,51.077473,158.0
Gastón Brugman,Pescara,2025-2026,serie-b,MF,33.0,48.3,50.937294,159.0
David Wieser,Mantova,2025-2026,serie-b,MF,24.0,42.5,50.76794,160.0
Matteo Chichella,Frosinone,2025-2026,serie-b,MF,20.0,48.9,50.738693,161.0
Christian Comotto,Spezia,2025-2026,serie-b,MF,18.0,47.0,50.65073,162.0
Kevin Varas,Padova,2025-2026,serie-b,MF,32.0,57.5,50.562107,163.0
Stefano Di Mario,Virtus Entella,2025-2026,serie-b,MF,21.0,51.5,50.49624,164.0
Christian Pierobon,Juve Stabia,2025-2026,serie-b,MF,24.0,39.2,50.365177,165.0
Alessandro Di Pardo,Sampdoria,2025-2026,serie-b,MF,26.0,44.5,50.31982,166.0
Federico Artioli,Mantova,2025-2026,serie-b,MF,24.0,46.3,50.302456,167.0
Jonathan Silva,Padova,2025-2026,serie-b,MF,22.0,37.5,50.187725,168.0
Gaetano Castrovilli,Bari,2025-2026,serie-b,MF,29.0,40.5,49.81996,169.0
Franco Carboni,Empoli,2025-2026,serie-b,MF,23.0,37.8,49.59608,170.0
Marco Sala,Avellino,2025-2026,serie-b,MF,26.0,38.7,49.436687,171.0
Matteo Ricci,Sampdoria,2025-2026,serie-b,MF,31.0,41.3,49.435955,172.0
Gerard Yepes,Empoli,2025-2026,serie-b,MF,23.0,47.2,49.269997,173.0
Francesco Mezzoni,Virtus Entella,2025-2026,serie-b,MF,25.0,48.1,49.16932,174.0
Nicolas Haas,Empoli,2025-2026,serie-b,MF,30.0,36.8,49.093906,175.0
Pedro Obiang,Monza,2025-2026,serie-b,MF,34.0,52.9,49.08578,176.0
Andrea Bozzolan,Reggiana,2025-2026,serie-b,MF,22.0,46.8,49.0574,177.0
Karim Zedadka,FC Südtirol,2025-2026,serie-b,MF,25.0,46.1,48.986866,178.0
Andrea Ghion,Empoli,2025-2026,serie-b,MF,26.0,45.9,48.80062,179.0
Fabio Gerli,Modena,2025-2026,serie-b,MF,29.0,43.5,48.72405,180.0
Marco Dalla Vecchia,Virtus Entella,2025-2026,serie-b,MF,21.0,42.9,48.720615,181.0
Davide Bariti,Virtus Entella,2025-2026,serie-b,MF,34.0,48.9,48.652863,182.0
Gabriele Parlanti,Carrarese,2025-2026,serie-b,MF,22.0,36.2,48.543255,183.0
Charlys,Reggiana,2025-2026,serie-b,MF,22.0,47.1,48.520836,184.0
Matteo Francesconi,Cesena,2025-2026,serie-b,MF,22.0,41.4,48.48696,185.0
Ahmad Benali,Virtus Entella,2025-2026,serie-b,MF,34.0,38.0,48.12039,186.0
Matteo Rover,Reggiana,2025-2026,serie-b,MF,27.0,47.5,47.998795,187.0
Antonio Candela,Spezia,2025-2026,serie-b,MF,26.0,35.8,47.929928,188.0
Francesco Cassata,Spezia,2025-2026,serie-b,MF,28.0,37.2,47.92827,189.0
Maat Daniel Caprini,Mantova,2025-2026,serie-b,MF,20.0,35.3,47.899433,190.0
Jacopo Petriccione,Catanzaro,2025-2026,serie-b,MF,31.0,46.9,47.899403,191.0
Alessandro Milani,Avellino,2025-2026,serie-b,MF,20.0,34.2,47.871822,192.0
Matthias Verreth,Bari,2025-2026,serie-b,MF,28.0,45.0,47.83062,193.0
Patrick Nuamah,Catanzaro,2025-2026,serie-b,MF,20.0,41.9,47.823475,194.0
Balla Manè,Bari,2025-2026,serie-b,MF,22.0,35.8,47.760204,195.0
Liam Henderson,Sampdoria,2025-2026,serie-b,MF,30.0,44.7,47.6863,196.0
Luca Vignali,Spezia,2025-2026,serie-b,MF,30.0,36.4,47.611176,197.0
Massimo Bertagnoli,Reggiana,2025-2026,serie-b,MF,27.0,49.3,47.460083,198.0
Luca Valzania,Pescara,2025-2026,serie-b,MF,30.0,48.0,47.43716,199.0
Michele Castagnetti,Cesena,2025-2026,serie-b,MF,36.0,49.9,47.362865,200.0
Antonio Candela,Empoli,2025-2026,serie-b,MF,26.0,35.8,47.231133,201.0
Leonardo Benedetti,Virtus Entella,2025-2026,serie-b,MF,25.0,35.3,47.01663,202.0
Luca Belardinelli,Reggiana,2025-2026,serie-b,MF,25.0,35.8,46.848907,203.0
Niccolò Belloni,Carrarese,2025-2026,serie-b,MF,31.0,40.4,46.822495,204.0
Jonas Harder,Padova,2025-2026,serie-b,MF,20.0,38.2,46.68056,205.0
Kleis Bozhanaj,Carrarese,2025-2026,serie-b,MF,25.0,34.7,46.513832,206.0
Leonardo Benedetti,Sampdoria,2025-2026,serie-b,MF,25.0,33.8,46.398277,207.0
Lorenzo Dickmann,Bari,2025-2026,serie-b,MF,29.0,46.1,46.27888,208.0
Tiago Gonçalves,Mantova,2025-2026,serie-b,MF,25.0,30.1,46.18093,209.0
Ádám Nagy,Spezia,2025-2026,serie-b,MF,30.0,37.3,46.119877,210.0
Giulio Favale,Padova,2025-2026,serie-b,MF,28.0,35.7,46.115643,211.0
Emmanuel Gyasi,Palermo,2025-2026,serie-b,MF,32.0,33.6,46.04379,212.0
Salvatore Esposito,Sampdoria,2025-2026,serie-b,MF,25.0,32.2,45.987312,213.0
Emanuele Adamo,Spezia,2025-2026,serie-b,MF,27.0,32.8,45.961445,214.0
Andrea Cagnano,Avellino,2025-2026,serie-b,MF,27.0,32.2,45.733124,215.0
Alessandro Tripaldelli,Reggiana,2025-2026,serie-b,MF,27.0,31.9,45.657673,216.0
Matthias Braunöder,Bari,2025-2026,serie-b,MF,24.0,41.5,45.52731,217.0
Alexis Blin,Palermo,2025-2026,serie-b,MF,29.0,31.1,45.069122,218.0
Simone Tronchin,FC Südtirol,2025-2026,serie-b,MF,23.0,39.6,45.06276,219.0
Fabian Tait,FC Südtirol,2025-2026,serie-b,MF,33.0,38.3,44.54526,220.0
Marco Nichetti,Virtus Entella,2025-2026,serie-b,MF,29.0,32.8,43.60251,221.0
Antonio Barreca,Padova,2025-2026,serie-b,MF,31.0,38.2,43.29214,222.0
Alessandro Bellemo,Sampdoria,2025-2026,serie-b,MF,30.0,35.7,42.519234,223.0
Luca Palmiero,Avellino,2025-2026,serie-b,MF,30.0,38.5,41.648823,224.0
Lorenzo Crisetig,Padova,2025-2026,serie-b,MF,33.0,32.9,39.520573,225.0
